ISO-10303-21;
HEADER;
/* Generated by software containing ST-Developer
 * from STEP Tools, Inc. (www.steptools.com) 
 */

FILE_DESCRIPTION(
/* description */ (''),
/* implementation_level */ '2;1');

FILE_NAME(
/* name */ 'Body.step',
/* time_stamp */ '2026-02-09T15:03:28+13:00',
/* author */ (''),
/* organization */ (''),
/* preprocessor_version */ 'ST-DEVELOPER v20.1',
/* originating_system */ 'Autodesk Translation Framework v14.24.0.0',
/* authorisation */ '');

FILE_SCHEMA (('AUTOMOTIVE_DESIGN { 1 0 10303 214 3 1 1 }'));
ENDSEC;

DATA;
#10=MECHANICAL_DESIGN_GEOMETRIC_PRESENTATION_REPRESENTATION('',(#713,#714,
#715,#716,#717,#718,#719,#720,#721,#722,#723,#724,#725),#11026);
#11=B_SPLINE_CURVE_WITH_KNOTS('',3,(#10221,#10222,#10223,#10224,#10225,
#10226,#10227,#10228,#10229,#10230,#10231,#10232,#10233,#10234,#10235),
 .UNSPECIFIED.,.F.,.F.,(4,2,2,3,2,2,4),(-0.195425356349207,-0.145944321195817,
-0.0729721605979086,0.,0.0729721605979085,0.145944321195817,0.195425356268333),
 .UNSPECIFIED.);
#12=B_SPLINE_CURVE_WITH_KNOTS('',3,(#10238,#10239,#10240,#10241,#10242,
#10243,#10244,#10245,#10246,#10247,#10248,#10249,#10250,#10251,#10252),
 .UNSPECIFIED.,.F.,.F.,(4,2,2,3,2,2,4),(-0.195425356349207,-0.145944321195817,
-0.0729721605979086,0.,0.0729721605979086,0.145944321195817,0.195425356268333),
 .UNSPECIFIED.);
#13=B_SPLINE_CURVE_WITH_KNOTS('',3,(#10382,#10383,#10384,#10385,#10386,
#10387,#10388,#10389,#10390,#10391,#10392,#10393,#10394,#10395,#10396),
 .UNSPECIFIED.,.F.,.F.,(4,2,2,3,2,2,4),(-0.195425356349207,-0.145944321195817,
-0.0729721605979086,0.,0.0729721605979085,0.145944321195817,0.195425356268333),
 .UNSPECIFIED.);
#14=B_SPLINE_CURVE_WITH_KNOTS('',3,(#10399,#10400,#10401,#10402,#10403,
#10404,#10405,#10406,#10407,#10408,#10409,#10410,#10411,#10412,#10413),
 .UNSPECIFIED.,.F.,.F.,(4,2,2,3,2,2,4),(-0.195425356349207,-0.145944321195817,
-0.0729721605979086,0.,0.0729721605979086,0.145944321195817,0.195425356268333),
 .UNSPECIFIED.);
#15=B_SPLINE_CURVE_WITH_KNOTS('',3,(#10543,#10544,#10545,#10546,#10547,
#10548,#10549,#10550,#10551,#10552,#10553,#10554,#10555,#10556,#10557),
 .UNSPECIFIED.,.F.,.F.,(4,2,2,3,2,2,4),(-0.195425356349207,-0.145944321195817,
-0.0729721605979086,0.,0.0729721605979085,0.145944321195817,0.195425356268333),
 .UNSPECIFIED.);
#16=B_SPLINE_CURVE_WITH_KNOTS('',3,(#10560,#10561,#10562,#10563,#10564,
#10565,#10566,#10567,#10568,#10569,#10570,#10571,#10572,#10573,#10574),
 .UNSPECIFIED.,.F.,.F.,(4,2,2,3,2,2,4),(-0.195425356349207,-0.145944321195817,
-0.0729721605979086,0.,0.0729721605979086,0.145944321195817,0.195425356268333),
 .UNSPECIFIED.);
#17=ELLIPSE('',#6838,3.48842052798891,3.);
#18=ELLIPSE('',#6847,3.48842052798891,3.);
#19=ELLIPSE('',#6854,3.48842052798891,3.);
#20=ELLIPSE('',#6858,3.48842052798891,3.);
#21=ELLIPSE('',#6887,3.48842052798891,3.);
#22=ELLIPSE('',#6896,3.48842052798891,3.);
#23=ELLIPSE('',#6903,3.48842052798891,3.);
#24=ELLIPSE('',#6907,3.48842052798891,3.);
#25=ELLIPSE('',#6936,3.48842052798891,3.);
#26=ELLIPSE('',#6945,3.48842052798891,3.);
#27=ELLIPSE('',#6952,3.48842052798891,3.);
#28=ELLIPSE('',#6956,3.48842052798891,3.);
#29=ITEM_DEFINED_TRANSFORMATION($,$,#6464,#6651);
#30=ITEM_DEFINED_TRANSFORMATION($,$,#6833,#7117);
#31=ITEM_DEFINED_TRANSFORMATION($,$,#6833,#7118);
#32=ITEM_DEFINED_TRANSFORMATION($,$,#6882,#7119);
#33=ITEM_DEFINED_TRANSFORMATION($,$,#6931,#7120);
#34=ITEM_DEFINED_TRANSFORMATION($,$,#6931,#7121);
#35=ITEM_DEFINED_TRANSFORMATION($,$,#6931,#7122);
#36=ITEM_DEFINED_TRANSFORMATION($,$,#6931,#7123);
#37=ITEM_DEFINED_TRANSFORMATION($,$,#6882,#7124);
#38=ITEM_DEFINED_TRANSFORMATION($,$,#6833,#7125);
#39=ITEM_DEFINED_TRANSFORMATION($,$,#6463,#7126);
#40=ITEM_DEFINED_TRANSFORMATION($,$,#6463,#7127);
#41=ITEM_DEFINED_TRANSFORMATION($,$,#6652,#7128);
#42=ITEM_DEFINED_TRANSFORMATION($,$,#6726,#7129);
#43=ITEM_DEFINED_TRANSFORMATION($,$,#6833,#7130);
#44=ITEM_DEFINED_TRANSFORMATION($,$,#6931,#7131);
#45=ITEM_DEFINED_TRANSFORMATION($,$,#6931,#7132);
#46=ITEM_DEFINED_TRANSFORMATION($,$,#6882,#7133);
#47=ITEM_DEFINED_TRANSFORMATION($,$,#6882,#7134);
#48=ITEM_DEFINED_TRANSFORMATION($,$,#6931,#7135);
#49=ITEM_DEFINED_TRANSFORMATION($,$,#6931,#7136);
#50=ITEM_DEFINED_TRANSFORMATION($,$,#6980,#7137);
#51=ITEM_DEFINED_TRANSFORMATION($,$,#7001,#7138);
#52=ITEM_DEFINED_TRANSFORMATION($,$,#7001,#7139);
#53=ITEM_DEFINED_TRANSFORMATION($,$,#7001,#7140);
#54=ITEM_DEFINED_TRANSFORMATION($,$,#7001,#7141);
#55=ITEM_DEFINED_TRANSFORMATION($,$,#6462,#7142);
#56=(
REPRESENTATION_RELATIONSHIP($,$,#11083,#11082)
REPRESENTATION_RELATIONSHIP_WITH_TRANSFORMATION(#29)
SHAPE_REPRESENTATION_RELATIONSHIP()
);
#57=(
REPRESENTATION_RELATIONSHIP($,$,#11086,#11081)
REPRESENTATION_RELATIONSHIP_WITH_TRANSFORMATION(#30)
SHAPE_REPRESENTATION_RELATIONSHIP()
);
#58=(
REPRESENTATION_RELATIONSHIP($,$,#11086,#11081)
REPRESENTATION_RELATIONSHIP_WITH_TRANSFORMATION(#31)
SHAPE_REPRESENTATION_RELATIONSHIP()
);
#59=(
REPRESENTATION_RELATIONSHIP($,$,#11087,#11081)
REPRESENTATION_RELATIONSHIP_WITH_TRANSFORMATION(#32)
SHAPE_REPRESENTATION_RELATIONSHIP()
);
#60=(
REPRESENTATION_RELATIONSHIP($,$,#11088,#11081)
REPRESENTATION_RELATIONSHIP_WITH_TRANSFORMATION(#33)
SHAPE_REPRESENTATION_RELATIONSHIP()
);
#61=(
REPRESENTATION_RELATIONSHIP($,$,#11088,#11081)
REPRESENTATION_RELATIONSHIP_WITH_TRANSFORMATION(#34)
SHAPE_REPRESENTATION_RELATIONSHIP()
);
#62=(
REPRESENTATION_RELATIONSHIP($,$,#11088,#11081)
REPRESENTATION_RELATIONSHIP_WITH_TRANSFORMATION(#35)
SHAPE_REPRESENTATION_RELATIONSHIP()
);
#63=(
REPRESENTATION_RELATIONSHIP($,$,#11088,#11081)
REPRESENTATION_RELATIONSHIP_WITH_TRANSFORMATION(#36)
SHAPE_REPRESENTATION_RELATIONSHIP()
);
#64=(
REPRESENTATION_RELATIONSHIP($,$,#11087,#11081)
REPRESENTATION_RELATIONSHIP_WITH_TRANSFORMATION(#37)
SHAPE_REPRESENTATION_RELATIONSHIP()
);
#65=(
REPRESENTATION_RELATIONSHIP($,$,#11086,#11081)
REPRESENTATION_RELATIONSHIP_WITH_TRANSFORMATION(#38)
SHAPE_REPRESENTATION_RELATIONSHIP()
);
#66=(
REPRESENTATION_RELATIONSHIP($,$,#11082,#11081)
REPRESENTATION_RELATIONSHIP_WITH_TRANSFORMATION(#39)
SHAPE_REPRESENTATION_RELATIONSHIP()
);
#67=(
REPRESENTATION_RELATIONSHIP($,$,#11082,#11081)
REPRESENTATION_RELATIONSHIP_WITH_TRANSFORMATION(#40)
SHAPE_REPRESENTATION_RELATIONSHIP()
);
#68=(
REPRESENTATION_RELATIONSHIP($,$,#11084,#11081)
REPRESENTATION_RELATIONSHIP_WITH_TRANSFORMATION(#41)
SHAPE_REPRESENTATION_RELATIONSHIP()
);
#69=(
REPRESENTATION_RELATIONSHIP($,$,#11085,#11081)
REPRESENTATION_RELATIONSHIP_WITH_TRANSFORMATION(#42)
SHAPE_REPRESENTATION_RELATIONSHIP()
);
#70=(
REPRESENTATION_RELATIONSHIP($,$,#11086,#11081)
REPRESENTATION_RELATIONSHIP_WITH_TRANSFORMATION(#43)
SHAPE_REPRESENTATION_RELATIONSHIP()
);
#71=(
REPRESENTATION_RELATIONSHIP($,$,#11088,#11081)
REPRESENTATION_RELATIONSHIP_WITH_TRANSFORMATION(#44)
SHAPE_REPRESENTATION_RELATIONSHIP()
);
#72=(
REPRESENTATION_RELATIONSHIP($,$,#11088,#11081)
REPRESENTATION_RELATIONSHIP_WITH_TRANSFORMATION(#45)
SHAPE_REPRESENTATION_RELATIONSHIP()
);
#73=(
REPRESENTATION_RELATIONSHIP($,$,#11087,#11081)
REPRESENTATION_RELATIONSHIP_WITH_TRANSFORMATION(#46)
SHAPE_REPRESENTATION_RELATIONSHIP()
);
#74=(
REPRESENTATION_RELATIONSHIP($,$,#11087,#11081)
REPRESENTATION_RELATIONSHIP_WITH_TRANSFORMATION(#47)
SHAPE_REPRESENTATION_RELATIONSHIP()
);
#75=(
REPRESENTATION_RELATIONSHIP($,$,#11088,#11081)
REPRESENTATION_RELATIONSHIP_WITH_TRANSFORMATION(#48)
SHAPE_REPRESENTATION_RELATIONSHIP()
);
#76=(
REPRESENTATION_RELATIONSHIP($,$,#11088,#11081)
REPRESENTATION_RELATIONSHIP_WITH_TRANSFORMATION(#49)
SHAPE_REPRESENTATION_RELATIONSHIP()
);
#77=(
REPRESENTATION_RELATIONSHIP($,$,#11089,#11081)
REPRESENTATION_RELATIONSHIP_WITH_TRANSFORMATION(#50)
SHAPE_REPRESENTATION_RELATIONSHIP()
);
#78=(
REPRESENTATION_RELATIONSHIP($,$,#11090,#11081)
REPRESENTATION_RELATIONSHIP_WITH_TRANSFORMATION(#51)
SHAPE_REPRESENTATION_RELATIONSHIP()
);
#79=(
REPRESENTATION_RELATIONSHIP($,$,#11090,#11081)
REPRESENTATION_RELATIONSHIP_WITH_TRANSFORMATION(#52)
SHAPE_REPRESENTATION_RELATIONSHIP()
);
#80=(
REPRESENTATION_RELATIONSHIP($,$,#11090,#11081)
REPRESENTATION_RELATIONSHIP_WITH_TRANSFORMATION(#53)
SHAPE_REPRESENTATION_RELATIONSHIP()
);
#81=(
REPRESENTATION_RELATIONSHIP($,$,#11090,#11081)
REPRESENTATION_RELATIONSHIP_WITH_TRANSFORMATION(#54)
SHAPE_REPRESENTATION_RELATIONSHIP()
);
#82=(
REPRESENTATION_RELATIONSHIP($,$,#11081,#11080)
REPRESENTATION_RELATIONSHIP_WITH_TRANSFORMATION(#55)
SHAPE_REPRESENTATION_RELATIONSHIP()
);
#83=CONTEXT_DEPENDENT_SHAPE_REPRESENTATION(#56,#11046);
#84=CONTEXT_DEPENDENT_SHAPE_REPRESENTATION(#57,#11054);
#85=CONTEXT_DEPENDENT_SHAPE_REPRESENTATION(#58,#11055);
#86=CONTEXT_DEPENDENT_SHAPE_REPRESENTATION(#59,#11056);
#87=CONTEXT_DEPENDENT_SHAPE_REPRESENTATION(#60,#11057);
#88=CONTEXT_DEPENDENT_SHAPE_REPRESENTATION(#61,#11058);
#89=CONTEXT_DEPENDENT_SHAPE_REPRESENTATION(#62,#11059);
#90=CONTEXT_DEPENDENT_SHAPE_REPRESENTATION(#63,#11060);
#91=CONTEXT_DEPENDENT_SHAPE_REPRESENTATION(#64,#11061);
#92=CONTEXT_DEPENDENT_SHAPE_REPRESENTATION(#65,#11062);
#93=CONTEXT_DEPENDENT_SHAPE_REPRESENTATION(#66,#11063);
#94=CONTEXT_DEPENDENT_SHAPE_REPRESENTATION(#67,#11064);
#95=CONTEXT_DEPENDENT_SHAPE_REPRESENTATION(#68,#11065);
#96=CONTEXT_DEPENDENT_SHAPE_REPRESENTATION(#69,#11066);
#97=CONTEXT_DEPENDENT_SHAPE_REPRESENTATION(#70,#11067);
#98=CONTEXT_DEPENDENT_SHAPE_REPRESENTATION(#71,#11068);
#99=CONTEXT_DEPENDENT_SHAPE_REPRESENTATION(#72,#11069);
#100=CONTEXT_DEPENDENT_SHAPE_REPRESENTATION(#73,#11070);
#101=CONTEXT_DEPENDENT_SHAPE_REPRESENTATION(#74,#11071);
#102=CONTEXT_DEPENDENT_SHAPE_REPRESENTATION(#75,#11072);
#103=CONTEXT_DEPENDENT_SHAPE_REPRESENTATION(#76,#11073);
#104=CONTEXT_DEPENDENT_SHAPE_REPRESENTATION(#77,#11074);
#105=CONTEXT_DEPENDENT_SHAPE_REPRESENTATION(#78,#11075);
#106=CONTEXT_DEPENDENT_SHAPE_REPRESENTATION(#79,#11076);
#107=CONTEXT_DEPENDENT_SHAPE_REPRESENTATION(#80,#11077);
#108=CONTEXT_DEPENDENT_SHAPE_REPRESENTATION(#81,#11078);
#109=CONTEXT_DEPENDENT_SHAPE_REPRESENTATION(#82,#11079);
#110=NEXT_ASSEMBLY_USAGE_OCCURRENCE('LIPO:1','LIPO:1','LIPO:1',#11094,#11095,
'LIPO:1');
#111=NEXT_ASSEMBLY_USAGE_OCCURRENCE(
'body_v1_clamp_template(Mirror) (1):4',
'body_v1_clamp_template(Mirror) (1):4',
'body_v1_clamp_template(Mirror) (1):4',#11093,#11098,
'body_v1_clamp_template(Mirror) (1):4');
#112=NEXT_ASSEMBLY_USAGE_OCCURRENCE(
'body_v1_clamp_template(Mirror) (1):2',
'body_v1_clamp_template(Mirror) (1):2',
'body_v1_clamp_template(Mirror) (1):2',#11093,#11098,
'body_v1_clamp_template(Mirror) (1):2');
#113=NEXT_ASSEMBLY_USAGE_OCCURRENCE('body_v1_clamp_template(Mirror):4',
'body_v1_clamp_template(Mirror):4','body_v1_clamp_template(Mirror):4',#11093,
#11099,'body_v1_clamp_template(Mirror):4');
#114=NEXT_ASSEMBLY_USAGE_OCCURRENCE('body_v1_clamp_template:8',
'body_v1_clamp_template:8','body_v1_clamp_template:8',#11093,#11100,
'body_v1_clamp_template:8');
#115=NEXT_ASSEMBLY_USAGE_OCCURRENCE('body_v1_clamp_template:7',
'body_v1_clamp_template:7','body_v1_clamp_template:7',#11093,#11100,
'body_v1_clamp_template:7');
#116=NEXT_ASSEMBLY_USAGE_OCCURRENCE('body_v1_clamp_template:6',
'body_v1_clamp_template:6','body_v1_clamp_template:6',#11093,#11100,
'body_v1_clamp_template:6');
#117=NEXT_ASSEMBLY_USAGE_OCCURRENCE('body_v1_clamp_template:5',
'body_v1_clamp_template:5','body_v1_clamp_template:5',#11093,#11100,
'body_v1_clamp_template:5');
#118=NEXT_ASSEMBLY_USAGE_OCCURRENCE('body_v1_clamp_template(Mirror):3',
'body_v1_clamp_template(Mirror):3','body_v1_clamp_template(Mirror):3',#11093,
#11099,'body_v1_clamp_template(Mirror):3');
#119=NEXT_ASSEMBLY_USAGE_OCCURRENCE(
'body_v1_clamp_template(Mirror) (1):3',
'body_v1_clamp_template(Mirror) (1):3',
'body_v1_clamp_template(Mirror) (1):3',#11093,#11098,
'body_v1_clamp_template(Mirror) (1):3');
#120=NEXT_ASSEMBLY_USAGE_OCCURRENCE('bat_4s_holder:3','bat_4s_holder:3',
'bat_4s_holder:3',#11093,#11094,'bat_4s_holder:3');
#121=NEXT_ASSEMBLY_USAGE_OCCURRENCE('bat_4s_holder:1','bat_4s_holder:1',
'bat_4s_holder:1',#11093,#11094,'bat_4s_holder:1');
#122=NEXT_ASSEMBLY_USAGE_OCCURRENCE('twist_plate_lower_v1:1',
'twist_plate_lower_v1:1','twist_plate_lower_v1:1',#11093,#11096,
'twist_plate_lower_v1:1');
#123=NEXT_ASSEMBLY_USAGE_OCCURRENCE('twist_plate_v1:1',
'twist_plate_v1:1','twist_plate_v1:1',#11093,#11097,'twist_plate_v1:1');
#124=NEXT_ASSEMBLY_USAGE_OCCURRENCE(
'body_v1_clamp_template(Mirror) (1):1',
'body_v1_clamp_template(Mirror) (1):1',
'body_v1_clamp_template(Mirror) (1):1',#11093,#11098,
'body_v1_clamp_template(Mirror) (1):1');
#125=NEXT_ASSEMBLY_USAGE_OCCURRENCE('body_v1_clamp_template:3',
'body_v1_clamp_template:3','body_v1_clamp_template:3',#11093,#11100,
'body_v1_clamp_template:3');
#126=NEXT_ASSEMBLY_USAGE_OCCURRENCE('body_v1_clamp_template:4',
'body_v1_clamp_template:4','body_v1_clamp_template:4',#11093,#11100,
'body_v1_clamp_template:4');
#127=NEXT_ASSEMBLY_USAGE_OCCURRENCE('body_v1_clamp_template(Mirror):2',
'body_v1_clamp_template(Mirror):2','body_v1_clamp_template(Mirror):2',#11093,
#11099,'body_v1_clamp_template(Mirror):2');
#128=NEXT_ASSEMBLY_USAGE_OCCURRENCE('body_v1_clamp_template(Mirror):1',
'body_v1_clamp_template(Mirror):1','body_v1_clamp_template(Mirror):1',#11093,
#11099,'body_v1_clamp_template(Mirror):1');
#129=NEXT_ASSEMBLY_USAGE_OCCURRENCE('body_v1_clamp_template:2',
'body_v1_clamp_template:2','body_v1_clamp_template:2',#11093,#11100,
'body_v1_clamp_template:2');
#130=NEXT_ASSEMBLY_USAGE_OCCURRENCE('body_v1_clamp_template:1',
'body_v1_clamp_template:1','body_v1_clamp_template:1',#11093,#11100,
'body_v1_clamp_template:1');
#131=NEXT_ASSEMBLY_USAGE_OCCURRENCE('L0:1','L0:1','L0:1',#11093,#11101,
'L0:1');
#132=NEXT_ASSEMBLY_USAGE_OCCURRENCE('end_plate1:3','end_plate1:3',
'end_plate1:3',#11093,#11102,'end_plate1:3');
#133=NEXT_ASSEMBLY_USAGE_OCCURRENCE('end_plate1:4','end_plate1:4',
'end_plate1:4',#11093,#11102,'end_plate1:4');
#134=NEXT_ASSEMBLY_USAGE_OCCURRENCE('end_plate1:2','end_plate1:2',
'end_plate1:2',#11093,#11102,'end_plate1:2');
#135=NEXT_ASSEMBLY_USAGE_OCCURRENCE('end_plate1:1','end_plate1:1',
'end_plate1:1',#11093,#11102,'end_plate1:1');
#136=NEXT_ASSEMBLY_USAGE_OCCURRENCE('BODY_Central:1','BODY_Central:1',
'BODY_Central:1',#11092,#11093,'BODY_Central:1');
#137=FACE_BOUND('',#1116,.T.);
#138=FACE_BOUND('',#1117,.T.);
#139=FACE_BOUND('',#1118,.T.);
#140=FACE_BOUND('',#1119,.T.);
#141=FACE_BOUND('',#1120,.T.);
#142=FACE_BOUND('',#1121,.T.);
#143=FACE_BOUND('',#1122,.T.);
#144=FACE_BOUND('',#1123,.T.);
#145=FACE_BOUND('',#1161,.T.);
#146=FACE_BOUND('',#1162,.T.);
#147=FACE_BOUND('',#1163,.T.);
#148=FACE_BOUND('',#1164,.T.);
#149=FACE_BOUND('',#1165,.T.);
#150=FACE_BOUND('',#1166,.T.);
#151=FACE_BOUND('',#1167,.T.);
#152=FACE_BOUND('',#1168,.T.);
#153=FACE_BOUND('',#1169,.T.);
#154=FACE_BOUND('',#1170,.T.);
#155=FACE_BOUND('',#1179,.T.);
#156=FACE_BOUND('',#1180,.T.);
#157=FACE_BOUND('',#1181,.T.);
#158=FACE_BOUND('',#1182,.T.);
#159=FACE_BOUND('',#1183,.T.);
#160=FACE_BOUND('',#1184,.T.);
#161=FACE_BOUND('',#1185,.T.);
#162=FACE_BOUND('',#1186,.T.);
#163=FACE_BOUND('',#1216,.T.);
#164=FACE_BOUND('',#1217,.T.);
#165=FACE_BOUND('',#1218,.T.);
#166=FACE_BOUND('',#1219,.T.);
#167=FACE_BOUND('',#1220,.T.);
#168=FACE_BOUND('',#1221,.T.);
#169=FACE_BOUND('',#1222,.T.);
#170=FACE_BOUND('',#1223,.T.);
#171=FACE_BOUND('',#1234,.T.);
#172=FACE_BOUND('',#1235,.T.);
#173=FACE_BOUND('',#1236,.T.);
#174=FACE_BOUND('',#1237,.T.);
#175=FACE_BOUND('',#1238,.T.);
#176=FACE_BOUND('',#1239,.T.);
#177=FACE_BOUND('',#1240,.T.);
#178=FACE_BOUND('',#1241,.T.);
#179=FACE_BOUND('',#1242,.T.);
#180=FACE_BOUND('',#1243,.T.);
#181=FACE_BOUND('',#1244,.T.);
#182=FACE_BOUND('',#1245,.T.);
#183=FACE_BOUND('',#1276,.T.);
#184=FACE_BOUND('',#1277,.T.);
#185=FACE_BOUND('',#1278,.T.);
#186=FACE_BOUND('',#1279,.T.);
#187=FACE_BOUND('',#1280,.T.);
#188=FACE_BOUND('',#1281,.T.);
#189=FACE_BOUND('',#1282,.T.);
#190=FACE_BOUND('',#1283,.T.);
#191=FACE_BOUND('',#1284,.T.);
#192=FACE_BOUND('',#1285,.T.);
#193=FACE_BOUND('',#1286,.T.);
#194=FACE_BOUND('',#1287,.T.);
#195=FACE_BOUND('',#1297,.T.);
#196=FACE_BOUND('',#1298,.T.);
#197=FACE_BOUND('',#1299,.T.);
#198=FACE_BOUND('',#1300,.T.);
#199=FACE_BOUND('',#1302,.T.);
#200=FACE_BOUND('',#1303,.T.);
#201=FACE_BOUND('',#1304,.T.);
#202=FACE_BOUND('',#1305,.T.);
#203=FACE_BOUND('',#1312,.T.);
#204=FACE_BOUND('',#1328,.T.);
#205=FACE_BOUND('',#1336,.T.);
#206=FACE_BOUND('',#1352,.T.);
#207=FACE_BOUND('',#1360,.T.);
#208=FACE_BOUND('',#1376,.T.);
#209=FACE_BOUND('',#1391,.T.);
#210=FACE_BOUND('',#1392,.T.);
#211=FACE_BOUND('',#1393,.T.);
#212=FACE_BOUND('',#1394,.T.);
#213=FACE_BOUND('',#1395,.T.);
#214=FACE_BOUND('',#1396,.T.);
#215=FACE_BOUND('',#1397,.T.);
#216=FACE_BOUND('',#1398,.T.);
#217=FACE_BOUND('',#1399,.T.);
#218=FACE_BOUND('',#1456,.T.);
#219=FACE_BOUND('',#1457,.T.);
#220=FACE_BOUND('',#1458,.T.);
#221=FACE_BOUND('',#1459,.T.);
#222=FACE_BOUND('',#1460,.T.);
#223=FACE_BOUND('',#1461,.T.);
#224=FACE_BOUND('',#1462,.T.);
#225=FACE_BOUND('',#1463,.T.);
#226=FACE_BOUND('',#1464,.T.);
#227=CIRCLE('',#6477,2.00000000000001);
#228=CIRCLE('',#6478,2.00000000000001);
#229=CIRCLE('',#6481,2.);
#230=CIRCLE('',#6482,2.);
#231=CIRCLE('',#6485,2.);
#232=CIRCLE('',#6486,2.);
#233=CIRCLE('',#6489,2.00000000000001);
#234=CIRCLE('',#6490,2.00000000000001);
#235=CIRCLE('',#6493,1.99999999999999);
#236=CIRCLE('',#6494,1.99999999999999);
#237=CIRCLE('',#6497,2.00000000000001);
#238=CIRCLE('',#6498,2.00000000000001);
#239=CIRCLE('',#6501,2.);
#240=CIRCLE('',#6502,2.);
#241=CIRCLE('',#6505,1.99999999999998);
#242=CIRCLE('',#6506,1.99999999999998);
#243=CIRCLE('',#6509,2.00000000000001);
#244=CIRCLE('',#6510,2.00000000000001);
#245=CIRCLE('',#6513,1.99999999999999);
#246=CIRCLE('',#6514,1.99999999999999);
#247=CIRCLE('',#6517,1.99999999999999);
#248=CIRCLE('',#6518,1.99999999999999);
#249=CIRCLE('',#6521,1.99999999999999);
#250=CIRCLE('',#6522,1.99999999999999);
#251=CIRCLE('',#6525,2.00000000000001);
#252=CIRCLE('',#6526,2.00000000000001);
#253=CIRCLE('',#6529,2.);
#254=CIRCLE('',#6530,2.);
#255=CIRCLE('',#6533,2.);
#256=CIRCLE('',#6534,2.);
#257=CIRCLE('',#6541,2.);
#258=CIRCLE('',#6542,2.);
#259=CIRCLE('',#6545,1.99999999999999);
#260=CIRCLE('',#6546,1.99999999999999);
#261=CIRCLE('',#6549,1.99999999999998);
#262=CIRCLE('',#6550,1.99999999999998);
#263=CIRCLE('',#6553,2.00000000000001);
#264=CIRCLE('',#6554,2.00000000000001);
#265=CIRCLE('',#6559,2.);
#266=CIRCLE('',#6560,2.);
#267=CIRCLE('',#6565,6.1);
#268=CIRCLE('',#6566,1.5);
#269=CIRCLE('',#6567,4.25000000000001);
#270=CIRCLE('',#6568,1.00000000000001);
#271=CIRCLE('',#6569,6.1);
#272=CIRCLE('',#6570,4.);
#273=CIRCLE('',#6571,4.);
#274=CIRCLE('',#6572,6.1);
#275=CIRCLE('',#6573,1.00000000000001);
#276=CIRCLE('',#6574,4.25000000000001);
#277=CIRCLE('',#6575,1.5);
#278=CIRCLE('',#6576,6.1);
#279=CIRCLE('',#6579,1.5);
#280=CIRCLE('',#6581,4.25000000000001);
#281=CIRCLE('',#6583,1.00000000000001);
#282=CIRCLE('',#6586,6.1);
#283=CIRCLE('',#6588,6.1);
#284=CIRCLE('',#6590,4.);
#285=CIRCLE('',#6592,6.1);
#286=CIRCLE('',#6593,4.);
#287=CIRCLE('',#6594,6.1);
#288=CIRCLE('',#6595,1.5);
#289=CIRCLE('',#6596,4.25000000000001);
#290=CIRCLE('',#6597,1.00000000000001);
#291=CIRCLE('',#6609,1.5);
#292=CIRCLE('',#6610,1.5);
#293=CIRCLE('',#6612,4.25000000000001);
#294=CIRCLE('',#6613,4.25000000000001);
#295=CIRCLE('',#6615,1.00000000000001);
#296=CIRCLE('',#6616,1.00000000000001);
#297=CIRCLE('',#6619,6.1);
#298=CIRCLE('',#6620,6.1);
#299=CIRCLE('',#6622,6.1);
#300=CIRCLE('',#6623,6.1);
#301=CIRCLE('',#6625,4.);
#302=CIRCLE('',#6626,4.);
#303=CIRCLE('',#6628,6.1);
#304=CIRCLE('',#6629,1.5);
#305=CIRCLE('',#6630,4.25000000000001);
#306=CIRCLE('',#6631,1.00000000000001);
#307=CIRCLE('',#6632,6.1);
#308=CIRCLE('',#6633,4.);
#309=CIRCLE('',#6635,6.1);
#310=CIRCLE('',#6636,1.00000000000001);
#311=CIRCLE('',#6637,4.25000000000001);
#312=CIRCLE('',#6638,1.5);
#313=CIRCLE('',#6639,6.1);
#314=CIRCLE('',#6640,4.);
#315=CIRCLE('',#6654,4.);
#316=CIRCLE('',#6655,4.);
#317=CIRCLE('',#6657,4.);
#318=CIRCLE('',#6658,4.);
#319=CIRCLE('',#6659,4.);
#320=CIRCLE('',#6661,4.);
#321=CIRCLE('',#6663,4.);
#322=CIRCLE('',#6664,4.);
#323=CIRCLE('',#6667,4.);
#324=CIRCLE('',#6668,4.00000000000002);
#325=CIRCLE('',#6669,4.00000000000001);
#326=CIRCLE('',#6670,4.00000000000002);
#327=CIRCLE('',#6671,4.00000000000001);
#328=CIRCLE('',#6672,1.90000000000001);
#329=CIRCLE('',#6673,1.90000000000001);
#330=CIRCLE('',#6674,4.00000000000001);
#331=CIRCLE('',#6675,3.99999999999978);
#332=CIRCLE('',#6676,3.99999999999998);
#333=CIRCLE('',#6677,4.00000000000006);
#334=CIRCLE('',#6678,4.00000000000003);
#335=CIRCLE('',#6679,4.);
#336=CIRCLE('',#6680,1.9);
#337=CIRCLE('',#6681,1.90000000000001);
#338=CIRCLE('',#6684,1.90000000000001);
#339=CIRCLE('',#6686,1.9);
#340=CIRCLE('',#6689,4.);
#341=CIRCLE('',#6692,4.00000000000003);
#342=CIRCLE('',#6695,4.00000000000006);
#343=CIRCLE('',#6698,3.99999999999998);
#344=CIRCLE('',#6701,3.99999999999978);
#345=CIRCLE('',#6704,4.00000000000001);
#346=CIRCLE('',#6706,1.90000000000001);
#347=CIRCLE('',#6708,1.90000000000001);
#348=CIRCLE('',#6711,4.00000000000001);
#349=CIRCLE('',#6714,4.00000000000002);
#350=CIRCLE('',#6717,4.00000000000001);
#351=CIRCLE('',#6720,4.00000000000002);
#352=CIRCLE('',#6724,4.);
#353=CIRCLE('',#6728,1.6);
#354=CIRCLE('',#6729,1.6);
#355=CIRCLE('',#6731,1.6);
#356=CIRCLE('',#6732,1.6);
#357=CIRCLE('',#6734,1.6);
#358=CIRCLE('',#6735,1.6);
#359=CIRCLE('',#6737,1.6);
#360=CIRCLE('',#6738,1.6);
#361=CIRCLE('',#6740,4.);
#362=CIRCLE('',#6741,4.);
#363=CIRCLE('',#6743,4.);
#364=CIRCLE('',#6744,4.);
#365=CIRCLE('',#6745,4.);
#366=CIRCLE('',#6747,4.);
#367=CIRCLE('',#6749,4.);
#368=CIRCLE('',#6751,4.);
#369=CIRCLE('',#6753,1.90000000000001);
#370=CIRCLE('',#6754,1.90000000000001);
#371=CIRCLE('',#6755,3.99999999999998);
#372=CIRCLE('',#6756,4.00000000000002);
#373=CIRCLE('',#6757,4.00000000000001);
#374=CIRCLE('',#6758,1.9);
#375=CIRCLE('',#6759,4.00000000000001);
#376=CIRCLE('',#6760,3.99999999999997);
#377=CIRCLE('',#6761,4.);
#378=CIRCLE('',#6762,1.9);
#379=CIRCLE('',#6763,3.99999999999998);
#380=CIRCLE('',#6764,4.);
#381=CIRCLE('',#6765,4.00000000000001);
#382=CIRCLE('',#6766,3.99999999999995);
#383=CIRCLE('',#6767,4.00000000000003);
#384=CIRCLE('',#6768,4.00000000000002);
#385=CIRCLE('',#6770,1.90000000000001);
#386=CIRCLE('',#6772,1.90000000000001);
#387=CIRCLE('',#6775,4.00000000000001);
#388=CIRCLE('',#6778,4.00000000000002);
#389=CIRCLE('',#6781,3.99999999999998);
#390=CIRCLE('',#6783,1.9);
#391=CIRCLE('',#6786,4.);
#392=CIRCLE('',#6789,3.99999999999997);
#393=CIRCLE('',#6792,4.00000000000001);
#394=CIRCLE('',#6794,1.9);
#395=CIRCLE('',#6797,4.00000000000001);
#396=CIRCLE('',#6800,4.);
#397=CIRCLE('',#6803,3.99999999999998);
#398=CIRCLE('',#6806,4.00000000000002);
#399=CIRCLE('',#6809,4.00000000000003);
#400=CIRCLE('',#6812,3.99999999999995);
#401=CIRCLE('',#6816,1.6);
#402=CIRCLE('',#6817,1.6);
#403=CIRCLE('',#6819,1.6);
#404=CIRCLE('',#6820,1.6);
#405=CIRCLE('',#6822,1.6);
#406=CIRCLE('',#6823,1.6);
#407=CIRCLE('',#6825,1.6);
#408=CIRCLE('',#6826,1.6);
#409=CIRCLE('',#6835,5.);
#410=CIRCLE('',#6836,5.);
#411=CIRCLE('',#6840,1.9);
#412=CIRCLE('',#6841,1.9);
#413=CIRCLE('',#6842,5.);
#414=CIRCLE('',#6844,5.);
#415=CIRCLE('',#6845,5.);
#416=CIRCLE('',#6849,5.);
#417=CIRCLE('',#6850,1.9);
#418=CIRCLE('',#6852,5.);
#419=CIRCLE('',#6856,5.);
#420=CIRCLE('',#6860,1.9);
#421=CIRCLE('',#6861,1.9);
#422=CIRCLE('',#6863,1.9);
#423=CIRCLE('',#6867,3.);
#424=CIRCLE('',#6868,3.);
#425=CIRCLE('',#6870,3.);
#426=CIRCLE('',#6871,4.1);
#427=CIRCLE('',#6872,6.1);
#428=CIRCLE('',#6874,3.);
#429=CIRCLE('',#6876,4.1);
#430=CIRCLE('',#6879,6.1);
#431=CIRCLE('',#6884,5.);
#432=CIRCLE('',#6885,5.);
#433=CIRCLE('',#6889,1.9);
#434=CIRCLE('',#6890,1.9);
#435=CIRCLE('',#6891,5.);
#436=CIRCLE('',#6893,5.);
#437=CIRCLE('',#6894,5.);
#438=CIRCLE('',#6898,5.);
#439=CIRCLE('',#6899,1.9);
#440=CIRCLE('',#6901,5.);
#441=CIRCLE('',#6905,5.);
#442=CIRCLE('',#6909,1.9);
#443=CIRCLE('',#6910,1.9);
#444=CIRCLE('',#6912,1.9);
#445=CIRCLE('',#6916,3.);
#446=CIRCLE('',#6917,3.);
#447=CIRCLE('',#6919,3.);
#448=CIRCLE('',#6920,4.1);
#449=CIRCLE('',#6921,6.1);
#450=CIRCLE('',#6923,3.);
#451=CIRCLE('',#6925,4.1);
#452=CIRCLE('',#6928,6.1);
#453=CIRCLE('',#6933,5.);
#454=CIRCLE('',#6934,5.);
#455=CIRCLE('',#6938,5.);
#456=CIRCLE('',#6939,1.9);
#457=CIRCLE('',#6940,1.9);
#458=CIRCLE('',#6942,5.);
#459=CIRCLE('',#6943,5.);
#460=CIRCLE('',#6947,5.);
#461=CIRCLE('',#6948,1.9);
#462=CIRCLE('',#6950,5.);
#463=CIRCLE('',#6954,5.);
#464=CIRCLE('',#6958,1.9);
#465=CIRCLE('',#6959,1.9);
#466=CIRCLE('',#6961,1.9);
#467=CIRCLE('',#6965,3.);
#468=CIRCLE('',#6966,3.);
#469=CIRCLE('',#6968,6.1);
#470=CIRCLE('',#6969,4.1);
#471=CIRCLE('',#6970,3.);
#472=CIRCLE('',#6972,3.);
#473=CIRCLE('',#6974,4.1);
#474=CIRCLE('',#6977,6.1);
#475=CIRCLE('',#6982,4.25);
#476=CIRCLE('',#6984,4.25);
#477=CIRCLE('',#6987,4.25000000000001);
#478=CIRCLE('',#6989,4.25000000000001);
#479=CIRCLE('',#6992,4.25);
#480=CIRCLE('',#6994,4.25);
#481=CIRCLE('',#6997,4.25000000000001);
#482=CIRCLE('',#6999,4.25000000000001);
#483=CIRCLE('',#7003,4.);
#484=CIRCLE('',#7004,4.);
#485=CIRCLE('',#7005,7.50000000000002);
#486=CIRCLE('',#7006,8.00000000000003);
#487=CIRCLE('',#7007,8.);
#488=CIRCLE('',#7008,8.);
#489=CIRCLE('',#7009,4.00000000000001);
#490=CIRCLE('',#7010,4.00000000000001);
#491=CIRCLE('',#7011,8.);
#492=CIRCLE('',#7012,8.);
#493=CIRCLE('',#7013,8.00000000000003);
#494=CIRCLE('',#7014,7.50000000000002);
#495=CIRCLE('',#7015,4.);
#496=CIRCLE('',#7016,4.);
#497=CIRCLE('',#7017,4.);
#498=CIRCLE('',#7018,4.00000000000065);
#499=CIRCLE('',#7019,3.99999999999244);
#500=CIRCLE('',#7020,3.99999999999979);
#501=CIRCLE('',#7021,1.5);
#502=CIRCLE('',#7022,4.25);
#503=CIRCLE('',#7023,1.5);
#504=CIRCLE('',#7024,1.50000000000001);
#505=CIRCLE('',#7025,4.25);
#506=CIRCLE('',#7026,4.25);
#507=CIRCLE('',#7027,1.5);
#508=CIRCLE('',#7028,3.99999999999979);
#509=CIRCLE('',#7029,3.99999999999244);
#510=CIRCLE('',#7030,4.00000000000065);
#511=CIRCLE('',#7031,4.);
#512=CIRCLE('',#7033,3.99999999999979);
#513=CIRCLE('',#7036,3.99999999999244);
#514=CIRCLE('',#7039,4.00000000000065);
#515=CIRCLE('',#7042,4.);
#516=CIRCLE('',#7045,1.5);
#517=CIRCLE('',#7047,4.25);
#518=CIRCLE('',#7049,4.25);
#519=CIRCLE('',#7051,1.50000000000001);
#520=CIRCLE('',#7054,4.00000000000001);
#521=CIRCLE('',#7057,8.);
#522=CIRCLE('',#7060,8.);
#523=CIRCLE('',#7063,8.00000000000003);
#524=CIRCLE('',#7065,7.50000000000002);
#525=CIRCLE('',#7068,4.);
#526=CIRCLE('',#7071,4.);
#527=CIRCLE('',#7076,3.99999999999979);
#528=CIRCLE('',#7079,3.99999999999244);
#529=CIRCLE('',#7082,4.00000000000065);
#530=CIRCLE('',#7085,4.);
#531=CIRCLE('',#7088,1.5);
#532=CIRCLE('',#7090,4.25);
#533=CIRCLE('',#7092,1.5);
#534=CIRCLE('',#7095,4.00000000000001);
#535=CIRCLE('',#7098,8.);
#536=CIRCLE('',#7101,8.);
#537=CIRCLE('',#7104,8.00000000000003);
#538=CIRCLE('',#7106,7.50000000000002);
#539=CIRCLE('',#7109,4.);
#540=CIRCLE('',#7112,4.);
#541=CYLINDRICAL_SURFACE('',#6476,2.00000000000001);
#542=CYLINDRICAL_SURFACE('',#6480,2.);
#543=CYLINDRICAL_SURFACE('',#6484,2.);
#544=CYLINDRICAL_SURFACE('',#6488,2.00000000000001);
#545=CYLINDRICAL_SURFACE('',#6492,1.99999999999999);
#546=CYLINDRICAL_SURFACE('',#6496,2.00000000000001);
#547=CYLINDRICAL_SURFACE('',#6500,2.);
#548=CYLINDRICAL_SURFACE('',#6504,1.99999999999998);
#549=CYLINDRICAL_SURFACE('',#6508,2.00000000000001);
#550=CYLINDRICAL_SURFACE('',#6512,1.99999999999999);
#551=CYLINDRICAL_SURFACE('',#6516,1.99999999999999);
#552=CYLINDRICAL_SURFACE('',#6520,1.99999999999999);
#553=CYLINDRICAL_SURFACE('',#6524,2.00000000000001);
#554=CYLINDRICAL_SURFACE('',#6528,2.);
#555=CYLINDRICAL_SURFACE('',#6532,2.);
#556=CYLINDRICAL_SURFACE('',#6540,2.);
#557=CYLINDRICAL_SURFACE('',#6544,1.99999999999999);
#558=CYLINDRICAL_SURFACE('',#6548,1.99999999999998);
#559=CYLINDRICAL_SURFACE('',#6552,2.00000000000001);
#560=CYLINDRICAL_SURFACE('',#6558,2.);
#561=CYLINDRICAL_SURFACE('',#6578,1.5);
#562=CYLINDRICAL_SURFACE('',#6580,4.25000000000001);
#563=CYLINDRICAL_SURFACE('',#6582,1.00000000000001);
#564=CYLINDRICAL_SURFACE('',#6585,6.1);
#565=CYLINDRICAL_SURFACE('',#6587,6.1);
#566=CYLINDRICAL_SURFACE('',#6589,4.);
#567=CYLINDRICAL_SURFACE('',#6599,1.5);
#568=CYLINDRICAL_SURFACE('',#6600,4.25000000000001);
#569=CYLINDRICAL_SURFACE('',#6601,1.00000000000001);
#570=CYLINDRICAL_SURFACE('',#6603,6.1);
#571=CYLINDRICAL_SURFACE('',#6604,6.1);
#572=CYLINDRICAL_SURFACE('',#6606,4.);
#573=CYLINDRICAL_SURFACE('',#6608,1.5);
#574=CYLINDRICAL_SURFACE('',#6611,4.25000000000001);
#575=CYLINDRICAL_SURFACE('',#6614,1.00000000000001);
#576=CYLINDRICAL_SURFACE('',#6618,6.1);
#577=CYLINDRICAL_SURFACE('',#6621,6.1);
#578=CYLINDRICAL_SURFACE('',#6624,4.);
#579=CYLINDRICAL_SURFACE('',#6642,1.5);
#580=CYLINDRICAL_SURFACE('',#6643,4.25000000000001);
#581=CYLINDRICAL_SURFACE('',#6644,1.00000000000001);
#582=CYLINDRICAL_SURFACE('',#6646,6.1);
#583=CYLINDRICAL_SURFACE('',#6647,6.1);
#584=CYLINDRICAL_SURFACE('',#6650,4.);
#585=CYLINDRICAL_SURFACE('',#6653,4.);
#586=CYLINDRICAL_SURFACE('',#6660,4.);
#587=CYLINDRICAL_SURFACE('',#6665,4.);
#588=CYLINDRICAL_SURFACE('',#6682,4.);
#589=CYLINDRICAL_SURFACE('',#6683,1.90000000000001);
#590=CYLINDRICAL_SURFACE('',#6685,1.9);
#591=CYLINDRICAL_SURFACE('',#6688,4.);
#592=CYLINDRICAL_SURFACE('',#6691,4.00000000000003);
#593=CYLINDRICAL_SURFACE('',#6694,4.00000000000006);
#594=CYLINDRICAL_SURFACE('',#6697,3.99999999999998);
#595=CYLINDRICAL_SURFACE('',#6700,3.99999999999978);
#596=CYLINDRICAL_SURFACE('',#6703,4.00000000000001);
#597=CYLINDRICAL_SURFACE('',#6705,1.90000000000001);
#598=CYLINDRICAL_SURFACE('',#6707,1.90000000000001);
#599=CYLINDRICAL_SURFACE('',#6710,4.00000000000001);
#600=CYLINDRICAL_SURFACE('',#6713,4.00000000000002);
#601=CYLINDRICAL_SURFACE('',#6716,4.00000000000001);
#602=CYLINDRICAL_SURFACE('',#6719,4.00000000000002);
#603=CYLINDRICAL_SURFACE('',#6723,4.);
#604=CYLINDRICAL_SURFACE('',#6727,1.6);
#605=CYLINDRICAL_SURFACE('',#6730,1.6);
#606=CYLINDRICAL_SURFACE('',#6733,1.6);
#607=CYLINDRICAL_SURFACE('',#6736,1.6);
#608=CYLINDRICAL_SURFACE('',#6739,4.);
#609=CYLINDRICAL_SURFACE('',#6746,4.);
#610=CYLINDRICAL_SURFACE('',#6748,4.);
#611=CYLINDRICAL_SURFACE('',#6750,4.);
#612=CYLINDRICAL_SURFACE('',#6769,1.90000000000001);
#613=CYLINDRICAL_SURFACE('',#6771,1.90000000000001);
#614=CYLINDRICAL_SURFACE('',#6774,4.00000000000001);
#615=CYLINDRICAL_SURFACE('',#6777,4.00000000000002);
#616=CYLINDRICAL_SURFACE('',#6780,3.99999999999998);
#617=CYLINDRICAL_SURFACE('',#6782,1.9);
#618=CYLINDRICAL_SURFACE('',#6785,4.);
#619=CYLINDRICAL_SURFACE('',#6788,3.99999999999997);
#620=CYLINDRICAL_SURFACE('',#6791,4.00000000000001);
#621=CYLINDRICAL_SURFACE('',#6793,1.9);
#622=CYLINDRICAL_SURFACE('',#6796,4.00000000000001);
#623=CYLINDRICAL_SURFACE('',#6799,4.);
#624=CYLINDRICAL_SURFACE('',#6802,3.99999999999998);
#625=CYLINDRICAL_SURFACE('',#6805,4.00000000000002);
#626=CYLINDRICAL_SURFACE('',#6808,4.00000000000003);
#627=CYLINDRICAL_SURFACE('',#6811,3.99999999999995);
#628=CYLINDRICAL_SURFACE('',#6815,1.6);
#629=CYLINDRICAL_SURFACE('',#6818,1.6);
#630=CYLINDRICAL_SURFACE('',#6821,1.6);
#631=CYLINDRICAL_SURFACE('',#6824,1.6);
#632=CYLINDRICAL_SURFACE('',#6834,5.);
#633=CYLINDRICAL_SURFACE('',#6843,5.);
#634=CYLINDRICAL_SURFACE('',#6851,5.);
#635=CYLINDRICAL_SURFACE('',#6855,5.);
#636=CYLINDRICAL_SURFACE('',#6859,1.9);
#637=CYLINDRICAL_SURFACE('',#6862,1.9);
#638=CYLINDRICAL_SURFACE('',#6866,3.);
#639=CYLINDRICAL_SURFACE('',#6873,3.);
#640=CYLINDRICAL_SURFACE('',#6875,4.1);
#641=CYLINDRICAL_SURFACE('',#6878,6.1);
#642=CYLINDRICAL_SURFACE('',#6883,5.);
#643=CYLINDRICAL_SURFACE('',#6892,5.);
#644=CYLINDRICAL_SURFACE('',#6900,5.);
#645=CYLINDRICAL_SURFACE('',#6904,5.);
#646=CYLINDRICAL_SURFACE('',#6908,1.9);
#647=CYLINDRICAL_SURFACE('',#6911,1.9);
#648=CYLINDRICAL_SURFACE('',#6915,3.);
#649=CYLINDRICAL_SURFACE('',#6922,3.);
#650=CYLINDRICAL_SURFACE('',#6924,4.1);
#651=CYLINDRICAL_SURFACE('',#6927,6.1);
#652=CYLINDRICAL_SURFACE('',#6932,5.);
#653=CYLINDRICAL_SURFACE('',#6941,5.);
#654=CYLINDRICAL_SURFACE('',#6949,5.);
#655=CYLINDRICAL_SURFACE('',#6953,5.);
#656=CYLINDRICAL_SURFACE('',#6957,1.9);
#657=CYLINDRICAL_SURFACE('',#6960,1.9);
#658=CYLINDRICAL_SURFACE('',#6964,3.);
#659=CYLINDRICAL_SURFACE('',#6971,3.);
#660=CYLINDRICAL_SURFACE('',#6973,4.1);
#661=CYLINDRICAL_SURFACE('',#6976,6.1);
#662=CYLINDRICAL_SURFACE('',#6985,4.25);
#663=CYLINDRICAL_SURFACE('',#6990,4.25000000000001);
#664=CYLINDRICAL_SURFACE('',#6995,4.25);
#665=CYLINDRICAL_SURFACE('',#7000,4.25000000000001);
#666=CYLINDRICAL_SURFACE('',#7032,3.99999999999979);
#667=CYLINDRICAL_SURFACE('',#7035,3.99999999999244);
#668=CYLINDRICAL_SURFACE('',#7038,4.00000000000065);
#669=CYLINDRICAL_SURFACE('',#7041,4.);
#670=CYLINDRICAL_SURFACE('',#7044,1.5);
#671=CYLINDRICAL_SURFACE('',#7046,4.25);
#672=CYLINDRICAL_SURFACE('',#7048,4.25);
#673=CYLINDRICAL_SURFACE('',#7050,1.50000000000001);
#674=CYLINDRICAL_SURFACE('',#7053,4.00000000000001);
#675=CYLINDRICAL_SURFACE('',#7056,8.);
#676=CYLINDRICAL_SURFACE('',#7059,8.);
#677=CYLINDRICAL_SURFACE('',#7062,8.00000000000003);
#678=CYLINDRICAL_SURFACE('',#7064,7.50000000000002);
#679=CYLINDRICAL_SURFACE('',#7067,4.);
#680=CYLINDRICAL_SURFACE('',#7070,4.);
#681=CYLINDRICAL_SURFACE('',#7075,3.99999999999979);
#682=CYLINDRICAL_SURFACE('',#7078,3.99999999999244);
#683=CYLINDRICAL_SURFACE('',#7081,4.00000000000065);
#684=CYLINDRICAL_SURFACE('',#7084,4.);
#685=CYLINDRICAL_SURFACE('',#7087,1.5);
#686=CYLINDRICAL_SURFACE('',#7089,4.25);
#687=CYLINDRICAL_SURFACE('',#7091,1.5);
#688=CYLINDRICAL_SURFACE('',#7094,4.00000000000001);
#689=CYLINDRICAL_SURFACE('',#7097,8.);
#690=CYLINDRICAL_SURFACE('',#7100,8.);
#691=CYLINDRICAL_SURFACE('',#7103,8.00000000000003);
#692=CYLINDRICAL_SURFACE('',#7105,7.50000000000002);
#693=CYLINDRICAL_SURFACE('',#7108,4.);
#694=CYLINDRICAL_SURFACE('',#7111,4.);
#695=SHAPE_REPRESENTATION_RELATIONSHIP('SRR','None',#11083,#704);
#696=SHAPE_REPRESENTATION_RELATIONSHIP('SRR','None',#11082,#705);
#697=SHAPE_REPRESENTATION_RELATIONSHIP('SRR','None',#11084,#706);
#698=SHAPE_REPRESENTATION_RELATIONSHIP('SRR','None',#11085,#707);
#699=SHAPE_REPRESENTATION_RELATIONSHIP('SRR','None',#11086,#708);
#700=SHAPE_REPRESENTATION_RELATIONSHIP('SRR','None',#11087,#709);
#701=SHAPE_REPRESENTATION_RELATIONSHIP('SRR','None',#11088,#710);
#702=SHAPE_REPRESENTATION_RELATIONSHIP('SRR','None',#11089,#711);
#703=SHAPE_REPRESENTATION_RELATIONSHIP('SRR','None',#11090,#712);
#704=ADVANCED_BREP_SHAPE_REPRESENTATION('',(#726),#11018);
#705=ADVANCED_BREP_SHAPE_REPRESENTATION('',(#727),#11017);
#706=ADVANCED_BREP_SHAPE_REPRESENTATION('',(#728),#11019);
#707=ADVANCED_BREP_SHAPE_REPRESENTATION('',(#729,#730),#11020);
#708=ADVANCED_BREP_SHAPE_REPRESENTATION('',(#731),#11021);
#709=ADVANCED_BREP_SHAPE_REPRESENTATION('',(#732),#11022);
#710=ADVANCED_BREP_SHAPE_REPRESENTATION('',(#733),#11023);
#711=ADVANCED_BREP_SHAPE_REPRESENTATION('',(#734,#735,#736,#737),#11024);
#712=ADVANCED_BREP_SHAPE_REPRESENTATION('',(#738),#11025);
#713=STYLED_ITEM('',(#11141),#726);
#714=STYLED_ITEM('',(#11140),#727);
#715=STYLED_ITEM('',(#11140),#728);
#716=STYLED_ITEM('',(#11140),#729);
#717=STYLED_ITEM('',(#11142),#730);
#718=STYLED_ITEM('',(#11140),#731);
#719=STYLED_ITEM('',(#11140),#732);
#720=STYLED_ITEM('',(#11140),#733);
#721=STYLED_ITEM('',(#11143),#734);
#722=STYLED_ITEM('',(#11143),#735);
#723=STYLED_ITEM('',(#11143),#736);
#724=STYLED_ITEM('',(#11143),#737);
#725=STYLED_ITEM('',(#11140),#738);
#726=MANIFOLD_SOLID_BREP('LIPO',#6359);
#727=MANIFOLD_SOLID_BREP('Body1',#6360);
#728=MANIFOLD_SOLID_BREP('Body1',#6361);
#729=MANIFOLD_SOLID_BREP('Body3',#6362);
#730=MANIFOLD_SOLID_BREP('Body4',#6363);
#731=MANIFOLD_SOLID_BREP('clamp_template',#6364);
#732=MANIFOLD_SOLID_BREP('clamp_template',#6365);
#733=MANIFOLD_SOLID_BREP('clamp_template',#6366);
#734=MANIFOLD_SOLID_BREP('Body1',#6367);
#735=MANIFOLD_SOLID_BREP('Body2',#6368);
#736=MANIFOLD_SOLID_BREP('Body3',#6369);
#737=MANIFOLD_SOLID_BREP('Body4',#6370);
#738=MANIFOLD_SOLID_BREP('Body1',#6371);
#739=FACE_OUTER_BOUND('',#1057,.T.);
#740=FACE_OUTER_BOUND('',#1058,.T.);
#741=FACE_OUTER_BOUND('',#1059,.T.);
#742=FACE_OUTER_BOUND('',#1060,.T.);
#743=FACE_OUTER_BOUND('',#1061,.T.);
#744=FACE_OUTER_BOUND('',#1062,.T.);
#745=FACE_OUTER_BOUND('',#1063,.T.);
#746=FACE_OUTER_BOUND('',#1064,.T.);
#747=FACE_OUTER_BOUND('',#1065,.T.);
#748=FACE_OUTER_BOUND('',#1066,.T.);
#749=FACE_OUTER_BOUND('',#1067,.T.);
#750=FACE_OUTER_BOUND('',#1068,.T.);
#751=FACE_OUTER_BOUND('',#1069,.T.);
#752=FACE_OUTER_BOUND('',#1070,.T.);
#753=FACE_OUTER_BOUND('',#1071,.T.);
#754=FACE_OUTER_BOUND('',#1072,.T.);
#755=FACE_OUTER_BOUND('',#1073,.T.);
#756=FACE_OUTER_BOUND('',#1074,.T.);
#757=FACE_OUTER_BOUND('',#1075,.T.);
#758=FACE_OUTER_BOUND('',#1076,.T.);
#759=FACE_OUTER_BOUND('',#1077,.T.);
#760=FACE_OUTER_BOUND('',#1078,.T.);
#761=FACE_OUTER_BOUND('',#1079,.T.);
#762=FACE_OUTER_BOUND('',#1080,.T.);
#763=FACE_OUTER_BOUND('',#1081,.T.);
#764=FACE_OUTER_BOUND('',#1082,.T.);
#765=FACE_OUTER_BOUND('',#1083,.T.);
#766=FACE_OUTER_BOUND('',#1084,.T.);
#767=FACE_OUTER_BOUND('',#1085,.T.);
#768=FACE_OUTER_BOUND('',#1086,.T.);
#769=FACE_OUTER_BOUND('',#1087,.T.);
#770=FACE_OUTER_BOUND('',#1088,.T.);
#771=FACE_OUTER_BOUND('',#1089,.T.);
#772=FACE_OUTER_BOUND('',#1090,.T.);
#773=FACE_OUTER_BOUND('',#1091,.T.);
#774=FACE_OUTER_BOUND('',#1092,.T.);
#775=FACE_OUTER_BOUND('',#1093,.T.);
#776=FACE_OUTER_BOUND('',#1094,.T.);
#777=FACE_OUTER_BOUND('',#1095,.T.);
#778=FACE_OUTER_BOUND('',#1096,.T.);
#779=FACE_OUTER_BOUND('',#1097,.T.);
#780=FACE_OUTER_BOUND('',#1098,.T.);
#781=FACE_OUTER_BOUND('',#1099,.T.);
#782=FACE_OUTER_BOUND('',#1100,.T.);
#783=FACE_OUTER_BOUND('',#1101,.T.);
#784=FACE_OUTER_BOUND('',#1102,.T.);
#785=FACE_OUTER_BOUND('',#1103,.T.);
#786=FACE_OUTER_BOUND('',#1104,.T.);
#787=FACE_OUTER_BOUND('',#1105,.T.);
#788=FACE_OUTER_BOUND('',#1106,.T.);
#789=FACE_OUTER_BOUND('',#1107,.T.);
#790=FACE_OUTER_BOUND('',#1108,.T.);
#791=FACE_OUTER_BOUND('',#1109,.T.);
#792=FACE_OUTER_BOUND('',#1110,.T.);
#793=FACE_OUTER_BOUND('',#1111,.T.);
#794=FACE_OUTER_BOUND('',#1112,.T.);
#795=FACE_OUTER_BOUND('',#1113,.T.);
#796=FACE_OUTER_BOUND('',#1114,.T.);
#797=FACE_OUTER_BOUND('',#1115,.T.);
#798=FACE_OUTER_BOUND('',#1124,.T.);
#799=FACE_OUTER_BOUND('',#1125,.T.);
#800=FACE_OUTER_BOUND('',#1126,.T.);
#801=FACE_OUTER_BOUND('',#1127,.T.);
#802=FACE_OUTER_BOUND('',#1128,.T.);
#803=FACE_OUTER_BOUND('',#1129,.T.);
#804=FACE_OUTER_BOUND('',#1130,.T.);
#805=FACE_OUTER_BOUND('',#1131,.T.);
#806=FACE_OUTER_BOUND('',#1132,.T.);
#807=FACE_OUTER_BOUND('',#1133,.T.);
#808=FACE_OUTER_BOUND('',#1134,.T.);
#809=FACE_OUTER_BOUND('',#1135,.T.);
#810=FACE_OUTER_BOUND('',#1136,.T.);
#811=FACE_OUTER_BOUND('',#1137,.T.);
#812=FACE_OUTER_BOUND('',#1138,.T.);
#813=FACE_OUTER_BOUND('',#1139,.T.);
#814=FACE_OUTER_BOUND('',#1140,.T.);
#815=FACE_OUTER_BOUND('',#1141,.T.);
#816=FACE_OUTER_BOUND('',#1142,.T.);
#817=FACE_OUTER_BOUND('',#1143,.T.);
#818=FACE_OUTER_BOUND('',#1144,.T.);
#819=FACE_OUTER_BOUND('',#1145,.T.);
#820=FACE_OUTER_BOUND('',#1146,.T.);
#821=FACE_OUTER_BOUND('',#1147,.T.);
#822=FACE_OUTER_BOUND('',#1148,.T.);
#823=FACE_OUTER_BOUND('',#1149,.T.);
#824=FACE_OUTER_BOUND('',#1150,.T.);
#825=FACE_OUTER_BOUND('',#1151,.T.);
#826=FACE_OUTER_BOUND('',#1152,.T.);
#827=FACE_OUTER_BOUND('',#1153,.T.);
#828=FACE_OUTER_BOUND('',#1154,.T.);
#829=FACE_OUTER_BOUND('',#1155,.T.);
#830=FACE_OUTER_BOUND('',#1156,.T.);
#831=FACE_OUTER_BOUND('',#1157,.T.);
#832=FACE_OUTER_BOUND('',#1158,.T.);
#833=FACE_OUTER_BOUND('',#1159,.T.);
#834=FACE_OUTER_BOUND('',#1160,.T.);
#835=FACE_OUTER_BOUND('',#1171,.T.);
#836=FACE_OUTER_BOUND('',#1172,.T.);
#837=FACE_OUTER_BOUND('',#1173,.T.);
#838=FACE_OUTER_BOUND('',#1174,.T.);
#839=FACE_OUTER_BOUND('',#1175,.T.);
#840=FACE_OUTER_BOUND('',#1176,.T.);
#841=FACE_OUTER_BOUND('',#1177,.T.);
#842=FACE_OUTER_BOUND('',#1178,.T.);
#843=FACE_OUTER_BOUND('',#1187,.T.);
#844=FACE_OUTER_BOUND('',#1188,.T.);
#845=FACE_OUTER_BOUND('',#1189,.T.);
#846=FACE_OUTER_BOUND('',#1190,.T.);
#847=FACE_OUTER_BOUND('',#1191,.T.);
#848=FACE_OUTER_BOUND('',#1192,.T.);
#849=FACE_OUTER_BOUND('',#1193,.T.);
#850=FACE_OUTER_BOUND('',#1194,.T.);
#851=FACE_OUTER_BOUND('',#1195,.T.);
#852=FACE_OUTER_BOUND('',#1196,.T.);
#853=FACE_OUTER_BOUND('',#1197,.T.);
#854=FACE_OUTER_BOUND('',#1198,.T.);
#855=FACE_OUTER_BOUND('',#1199,.T.);
#856=FACE_OUTER_BOUND('',#1200,.T.);
#857=FACE_OUTER_BOUND('',#1201,.T.);
#858=FACE_OUTER_BOUND('',#1202,.T.);
#859=FACE_OUTER_BOUND('',#1203,.T.);
#860=FACE_OUTER_BOUND('',#1204,.T.);
#861=FACE_OUTER_BOUND('',#1205,.T.);
#862=FACE_OUTER_BOUND('',#1206,.T.);
#863=FACE_OUTER_BOUND('',#1207,.T.);
#864=FACE_OUTER_BOUND('',#1208,.T.);
#865=FACE_OUTER_BOUND('',#1209,.T.);
#866=FACE_OUTER_BOUND('',#1210,.T.);
#867=FACE_OUTER_BOUND('',#1211,.T.);
#868=FACE_OUTER_BOUND('',#1212,.T.);
#869=FACE_OUTER_BOUND('',#1213,.T.);
#870=FACE_OUTER_BOUND('',#1214,.T.);
#871=FACE_OUTER_BOUND('',#1215,.T.);
#872=FACE_OUTER_BOUND('',#1224,.T.);
#873=FACE_OUTER_BOUND('',#1225,.T.);
#874=FACE_OUTER_BOUND('',#1226,.T.);
#875=FACE_OUTER_BOUND('',#1227,.T.);
#876=FACE_OUTER_BOUND('',#1228,.T.);
#877=FACE_OUTER_BOUND('',#1229,.T.);
#878=FACE_OUTER_BOUND('',#1230,.T.);
#879=FACE_OUTER_BOUND('',#1231,.T.);
#880=FACE_OUTER_BOUND('',#1232,.T.);
#881=FACE_OUTER_BOUND('',#1233,.T.);
#882=FACE_OUTER_BOUND('',#1246,.T.);
#883=FACE_OUTER_BOUND('',#1247,.T.);
#884=FACE_OUTER_BOUND('',#1248,.T.);
#885=FACE_OUTER_BOUND('',#1249,.T.);
#886=FACE_OUTER_BOUND('',#1250,.T.);
#887=FACE_OUTER_BOUND('',#1251,.T.);
#888=FACE_OUTER_BOUND('',#1252,.T.);
#889=FACE_OUTER_BOUND('',#1253,.T.);
#890=FACE_OUTER_BOUND('',#1254,.T.);
#891=FACE_OUTER_BOUND('',#1255,.T.);
#892=FACE_OUTER_BOUND('',#1256,.T.);
#893=FACE_OUTER_BOUND('',#1257,.T.);
#894=FACE_OUTER_BOUND('',#1258,.T.);
#895=FACE_OUTER_BOUND('',#1259,.T.);
#896=FACE_OUTER_BOUND('',#1260,.T.);
#897=FACE_OUTER_BOUND('',#1261,.T.);
#898=FACE_OUTER_BOUND('',#1262,.T.);
#899=FACE_OUTER_BOUND('',#1263,.T.);
#900=FACE_OUTER_BOUND('',#1264,.T.);
#901=FACE_OUTER_BOUND('',#1265,.T.);
#902=FACE_OUTER_BOUND('',#1266,.T.);
#903=FACE_OUTER_BOUND('',#1267,.T.);
#904=FACE_OUTER_BOUND('',#1268,.T.);
#905=FACE_OUTER_BOUND('',#1269,.T.);
#906=FACE_OUTER_BOUND('',#1270,.T.);
#907=FACE_OUTER_BOUND('',#1271,.T.);
#908=FACE_OUTER_BOUND('',#1272,.T.);
#909=FACE_OUTER_BOUND('',#1273,.T.);
#910=FACE_OUTER_BOUND('',#1274,.T.);
#911=FACE_OUTER_BOUND('',#1275,.T.);
#912=FACE_OUTER_BOUND('',#1288,.T.);
#913=FACE_OUTER_BOUND('',#1289,.T.);
#914=FACE_OUTER_BOUND('',#1290,.T.);
#915=FACE_OUTER_BOUND('',#1291,.T.);
#916=FACE_OUTER_BOUND('',#1292,.T.);
#917=FACE_OUTER_BOUND('',#1293,.T.);
#918=FACE_OUTER_BOUND('',#1294,.T.);
#919=FACE_OUTER_BOUND('',#1295,.T.);
#920=FACE_OUTER_BOUND('',#1296,.T.);
#921=FACE_OUTER_BOUND('',#1301,.T.);
#922=FACE_OUTER_BOUND('',#1306,.T.);
#923=FACE_OUTER_BOUND('',#1307,.T.);
#924=FACE_OUTER_BOUND('',#1308,.T.);
#925=FACE_OUTER_BOUND('',#1309,.T.);
#926=FACE_OUTER_BOUND('',#1310,.T.);
#927=FACE_OUTER_BOUND('',#1311,.T.);
#928=FACE_OUTER_BOUND('',#1313,.T.);
#929=FACE_OUTER_BOUND('',#1314,.T.);
#930=FACE_OUTER_BOUND('',#1315,.T.);
#931=FACE_OUTER_BOUND('',#1316,.T.);
#932=FACE_OUTER_BOUND('',#1317,.T.);
#933=FACE_OUTER_BOUND('',#1318,.T.);
#934=FACE_OUTER_BOUND('',#1319,.T.);
#935=FACE_OUTER_BOUND('',#1320,.T.);
#936=FACE_OUTER_BOUND('',#1321,.T.);
#937=FACE_OUTER_BOUND('',#1322,.T.);
#938=FACE_OUTER_BOUND('',#1323,.T.);
#939=FACE_OUTER_BOUND('',#1324,.T.);
#940=FACE_OUTER_BOUND('',#1325,.T.);
#941=FACE_OUTER_BOUND('',#1326,.T.);
#942=FACE_OUTER_BOUND('',#1327,.T.);
#943=FACE_OUTER_BOUND('',#1329,.T.);
#944=FACE_OUTER_BOUND('',#1330,.T.);
#945=FACE_OUTER_BOUND('',#1331,.T.);
#946=FACE_OUTER_BOUND('',#1332,.T.);
#947=FACE_OUTER_BOUND('',#1333,.T.);
#948=FACE_OUTER_BOUND('',#1334,.T.);
#949=FACE_OUTER_BOUND('',#1335,.T.);
#950=FACE_OUTER_BOUND('',#1337,.T.);
#951=FACE_OUTER_BOUND('',#1338,.T.);
#952=FACE_OUTER_BOUND('',#1339,.T.);
#953=FACE_OUTER_BOUND('',#1340,.T.);
#954=FACE_OUTER_BOUND('',#1341,.T.);
#955=FACE_OUTER_BOUND('',#1342,.T.);
#956=FACE_OUTER_BOUND('',#1343,.T.);
#957=FACE_OUTER_BOUND('',#1344,.T.);
#958=FACE_OUTER_BOUND('',#1345,.T.);
#959=FACE_OUTER_BOUND('',#1346,.T.);
#960=FACE_OUTER_BOUND('',#1347,.T.);
#961=FACE_OUTER_BOUND('',#1348,.T.);
#962=FACE_OUTER_BOUND('',#1349,.T.);
#963=FACE_OUTER_BOUND('',#1350,.T.);
#964=FACE_OUTER_BOUND('',#1351,.T.);
#965=FACE_OUTER_BOUND('',#1353,.T.);
#966=FACE_OUTER_BOUND('',#1354,.T.);
#967=FACE_OUTER_BOUND('',#1355,.T.);
#968=FACE_OUTER_BOUND('',#1356,.T.);
#969=FACE_OUTER_BOUND('',#1357,.T.);
#970=FACE_OUTER_BOUND('',#1358,.T.);
#971=FACE_OUTER_BOUND('',#1359,.T.);
#972=FACE_OUTER_BOUND('',#1361,.T.);
#973=FACE_OUTER_BOUND('',#1362,.T.);
#974=FACE_OUTER_BOUND('',#1363,.T.);
#975=FACE_OUTER_BOUND('',#1364,.T.);
#976=FACE_OUTER_BOUND('',#1365,.T.);
#977=FACE_OUTER_BOUND('',#1366,.T.);
#978=FACE_OUTER_BOUND('',#1367,.T.);
#979=FACE_OUTER_BOUND('',#1368,.T.);
#980=FACE_OUTER_BOUND('',#1369,.T.);
#981=FACE_OUTER_BOUND('',#1370,.T.);
#982=FACE_OUTER_BOUND('',#1371,.T.);
#983=FACE_OUTER_BOUND('',#1372,.T.);
#984=FACE_OUTER_BOUND('',#1373,.T.);
#985=FACE_OUTER_BOUND('',#1374,.T.);
#986=FACE_OUTER_BOUND('',#1375,.T.);
#987=FACE_OUTER_BOUND('',#1377,.T.);
#988=FACE_OUTER_BOUND('',#1378,.T.);
#989=FACE_OUTER_BOUND('',#1379,.T.);
#990=FACE_OUTER_BOUND('',#1380,.T.);
#991=FACE_OUTER_BOUND('',#1381,.T.);
#992=FACE_OUTER_BOUND('',#1382,.T.);
#993=FACE_OUTER_BOUND('',#1383,.T.);
#994=FACE_OUTER_BOUND('',#1384,.T.);
#995=FACE_OUTER_BOUND('',#1385,.T.);
#996=FACE_OUTER_BOUND('',#1386,.T.);
#997=FACE_OUTER_BOUND('',#1387,.T.);
#998=FACE_OUTER_BOUND('',#1388,.T.);
#999=FACE_OUTER_BOUND('',#1389,.T.);
#1000=FACE_OUTER_BOUND('',#1390,.T.);
#1001=FACE_OUTER_BOUND('',#1400,.T.);
#1002=FACE_OUTER_BOUND('',#1401,.T.);
#1003=FACE_OUTER_BOUND('',#1402,.T.);
#1004=FACE_OUTER_BOUND('',#1403,.T.);
#1005=FACE_OUTER_BOUND('',#1404,.T.);
#1006=FACE_OUTER_BOUND('',#1405,.T.);
#1007=FACE_OUTER_BOUND('',#1406,.T.);
#1008=FACE_OUTER_BOUND('',#1407,.T.);
#1009=FACE_OUTER_BOUND('',#1408,.T.);
#1010=FACE_OUTER_BOUND('',#1409,.T.);
#1011=FACE_OUTER_BOUND('',#1410,.T.);
#1012=FACE_OUTER_BOUND('',#1411,.T.);
#1013=FACE_OUTER_BOUND('',#1412,.T.);
#1014=FACE_OUTER_BOUND('',#1413,.T.);
#1015=FACE_OUTER_BOUND('',#1414,.T.);
#1016=FACE_OUTER_BOUND('',#1415,.T.);
#1017=FACE_OUTER_BOUND('',#1416,.T.);
#1018=FACE_OUTER_BOUND('',#1417,.T.);
#1019=FACE_OUTER_BOUND('',#1418,.T.);
#1020=FACE_OUTER_BOUND('',#1419,.T.);
#1021=FACE_OUTER_BOUND('',#1420,.T.);
#1022=FACE_OUTER_BOUND('',#1421,.T.);
#1023=FACE_OUTER_BOUND('',#1422,.T.);
#1024=FACE_OUTER_BOUND('',#1423,.T.);
#1025=FACE_OUTER_BOUND('',#1424,.T.);
#1026=FACE_OUTER_BOUND('',#1425,.T.);
#1027=FACE_OUTER_BOUND('',#1426,.T.);
#1028=FACE_OUTER_BOUND('',#1427,.T.);
#1029=FACE_OUTER_BOUND('',#1428,.T.);
#1030=FACE_OUTER_BOUND('',#1429,.T.);
#1031=FACE_OUTER_BOUND('',#1430,.T.);
#1032=FACE_OUTER_BOUND('',#1431,.T.);
#1033=FACE_OUTER_BOUND('',#1432,.T.);
#1034=FACE_OUTER_BOUND('',#1433,.T.);
#1035=FACE_OUTER_BOUND('',#1434,.T.);
#1036=FACE_OUTER_BOUND('',#1435,.T.);
#1037=FACE_OUTER_BOUND('',#1436,.T.);
#1038=FACE_OUTER_BOUND('',#1437,.T.);
#1039=FACE_OUTER_BOUND('',#1438,.T.);
#1040=FACE_OUTER_BOUND('',#1439,.T.);
#1041=FACE_OUTER_BOUND('',#1440,.T.);
#1042=FACE_OUTER_BOUND('',#1441,.T.);
#1043=FACE_OUTER_BOUND('',#1442,.T.);
#1044=FACE_OUTER_BOUND('',#1443,.T.);
#1045=FACE_OUTER_BOUND('',#1444,.T.);
#1046=FACE_OUTER_BOUND('',#1445,.T.);
#1047=FACE_OUTER_BOUND('',#1446,.T.);
#1048=FACE_OUTER_BOUND('',#1447,.T.);
#1049=FACE_OUTER_BOUND('',#1448,.T.);
#1050=FACE_OUTER_BOUND('',#1449,.T.);
#1051=FACE_OUTER_BOUND('',#1450,.T.);
#1052=FACE_OUTER_BOUND('',#1451,.T.);
#1053=FACE_OUTER_BOUND('',#1452,.T.);
#1054=FACE_OUTER_BOUND('',#1453,.T.);
#1055=FACE_OUTER_BOUND('',#1454,.T.);
#1056=FACE_OUTER_BOUND('',#1455,.T.);
#1057=EDGE_LOOP('',(#4085,#4086,#4087,#4088));
#1058=EDGE_LOOP('',(#4089,#4090,#4091,#4092));
#1059=EDGE_LOOP('',(#4093,#4094,#4095,#4096));
#1060=EDGE_LOOP('',(#4097,#4098,#4099,#4100));
#1061=EDGE_LOOP('',(#4101,#4102,#4103,#4104));
#1062=EDGE_LOOP('',(#4105,#4106,#4107,#4108));
#1063=EDGE_LOOP('',(#4109,#4110,#4111,#4112));
#1064=EDGE_LOOP('',(#4113,#4114,#4115,#4116));
#1065=EDGE_LOOP('',(#4117,#4118,#4119,#4120));
#1066=EDGE_LOOP('',(#4121,#4122,#4123,#4124));
#1067=EDGE_LOOP('',(#4125,#4126,#4127,#4128));
#1068=EDGE_LOOP('',(#4129,#4130,#4131,#4132));
#1069=EDGE_LOOP('',(#4133,#4134,#4135,#4136));
#1070=EDGE_LOOP('',(#4137,#4138,#4139,#4140));
#1071=EDGE_LOOP('',(#4141,#4142,#4143,#4144));
#1072=EDGE_LOOP('',(#4145,#4146,#4147,#4148));
#1073=EDGE_LOOP('',(#4149,#4150,#4151,#4152));
#1074=EDGE_LOOP('',(#4153,#4154,#4155,#4156));
#1075=EDGE_LOOP('',(#4157,#4158,#4159,#4160));
#1076=EDGE_LOOP('',(#4161,#4162,#4163,#4164));
#1077=EDGE_LOOP('',(#4165,#4166,#4167,#4168));
#1078=EDGE_LOOP('',(#4169,#4170,#4171,#4172));
#1079=EDGE_LOOP('',(#4173,#4174,#4175,#4176));
#1080=EDGE_LOOP('',(#4177,#4178,#4179,#4180));
#1081=EDGE_LOOP('',(#4181,#4182,#4183,#4184));
#1082=EDGE_LOOP('',(#4185,#4186,#4187,#4188));
#1083=EDGE_LOOP('',(#4189,#4190,#4191,#4192));
#1084=EDGE_LOOP('',(#4193,#4194,#4195,#4196));
#1085=EDGE_LOOP('',(#4197,#4198,#4199,#4200));
#1086=EDGE_LOOP('',(#4201,#4202,#4203,#4204));
#1087=EDGE_LOOP('',(#4205,#4206,#4207,#4208));
#1088=EDGE_LOOP('',(#4209,#4210,#4211,#4212));
#1089=EDGE_LOOP('',(#4213,#4214,#4215,#4216));
#1090=EDGE_LOOP('',(#4217,#4218,#4219,#4220));
#1091=EDGE_LOOP('',(#4221,#4222,#4223,#4224));
#1092=EDGE_LOOP('',(#4225,#4226,#4227,#4228));
#1093=EDGE_LOOP('',(#4229,#4230,#4231,#4232));
#1094=EDGE_LOOP('',(#4233,#4234,#4235,#4236));
#1095=EDGE_LOOP('',(#4237,#4238,#4239,#4240));
#1096=EDGE_LOOP('',(#4241,#4242,#4243,#4244));
#1097=EDGE_LOOP('',(#4245,#4246,#4247,#4248));
#1098=EDGE_LOOP('',(#4249,#4250,#4251,#4252));
#1099=EDGE_LOOP('',(#4253,#4254,#4255,#4256));
#1100=EDGE_LOOP('',(#4257,#4258,#4259,#4260));
#1101=EDGE_LOOP('',(#4261,#4262,#4263,#4264));
#1102=EDGE_LOOP('',(#4265,#4266,#4267,#4268));
#1103=EDGE_LOOP('',(#4269,#4270,#4271,#4272));
#1104=EDGE_LOOP('',(#4273,#4274,#4275,#4276));
#1105=EDGE_LOOP('',(#4277,#4278,#4279,#4280));
#1106=EDGE_LOOP('',(#4281,#4282,#4283,#4284));
#1107=EDGE_LOOP('',(#4285,#4286,#4287,#4288));
#1108=EDGE_LOOP('',(#4289,#4290,#4291,#4292));
#1109=EDGE_LOOP('',(#4293,#4294,#4295,#4296));
#1110=EDGE_LOOP('',(#4297,#4298,#4299,#4300));
#1111=EDGE_LOOP('',(#4301,#4302,#4303,#4304));
#1112=EDGE_LOOP('',(#4305,#4306,#4307,#4308));
#1113=EDGE_LOOP('',(#4309,#4310,#4311,#4312));
#1114=EDGE_LOOP('',(#4313,#4314,#4315,#4316));
#1115=EDGE_LOOP('',(#4317,#4318,#4319,#4320,#4321,#4322,#4323,#4324,#4325,
#4326,#4327,#4328));
#1116=EDGE_LOOP('',(#4329,#4330,#4331,#4332,#4333,#4334));
#1117=EDGE_LOOP('',(#4335,#4336,#4337,#4338));
#1118=EDGE_LOOP('',(#4339,#4340,#4341,#4342,#4343,#4344));
#1119=EDGE_LOOP('',(#4345,#4346,#4347,#4348,#4349,#4350));
#1120=EDGE_LOOP('',(#4351,#4352,#4353,#4354,#4355,#4356));
#1121=EDGE_LOOP('',(#4357,#4358,#4359,#4360,#4361,#4362));
#1122=EDGE_LOOP('',(#4363,#4364,#4365,#4366,#4367,#4368));
#1123=EDGE_LOOP('',(#4369,#4370,#4371,#4372));
#1124=EDGE_LOOP('',(#4373,#4374,#4375,#4376,#4377,#4378,#4379,#4380,#4381,
#4382,#4383,#4384,#4385,#4386,#4387,#4388,#4389,#4390,#4391,#4392,#4393,
#4394,#4395,#4396));
#1125=EDGE_LOOP('',(#4397,#4398,#4399,#4400));
#1126=EDGE_LOOP('',(#4401,#4402,#4403,#4404));
#1127=EDGE_LOOP('',(#4405,#4406,#4407,#4408));
#1128=EDGE_LOOP('',(#4409,#4410,#4411,#4412));
#1129=EDGE_LOOP('',(#4413,#4414,#4415,#4416));
#1130=EDGE_LOOP('',(#4417,#4418,#4419,#4420));
#1131=EDGE_LOOP('',(#4421,#4422,#4423,#4424));
#1132=EDGE_LOOP('',(#4425,#4426,#4427,#4428));
#1133=EDGE_LOOP('',(#4429,#4430,#4431,#4432,#4433,#4434,#4435,#4436,#4437,
#4438,#4439,#4440,#4441,#4442,#4443,#4444,#4445,#4446));
#1134=EDGE_LOOP('',(#4447,#4448,#4449,#4450));
#1135=EDGE_LOOP('',(#4451,#4452,#4453,#4454));
#1136=EDGE_LOOP('',(#4455,#4456,#4457,#4458));
#1137=EDGE_LOOP('',(#4459,#4460,#4461,#4462));
#1138=EDGE_LOOP('',(#4463,#4464,#4465,#4466));
#1139=EDGE_LOOP('',(#4467,#4468,#4469,#4470));
#1140=EDGE_LOOP('',(#4471,#4472,#4473,#4474));
#1141=EDGE_LOOP('',(#4475,#4476,#4477,#4478));
#1142=EDGE_LOOP('',(#4479,#4480,#4481,#4482));
#1143=EDGE_LOOP('',(#4483,#4484,#4485,#4486));
#1144=EDGE_LOOP('',(#4487,#4488,#4489,#4490));
#1145=EDGE_LOOP('',(#4491,#4492,#4493,#4494));
#1146=EDGE_LOOP('',(#4495,#4496,#4497,#4498));
#1147=EDGE_LOOP('',(#4499,#4500,#4501,#4502));
#1148=EDGE_LOOP('',(#4503,#4504,#4505,#4506));
#1149=EDGE_LOOP('',(#4507,#4508,#4509,#4510));
#1150=EDGE_LOOP('',(#4511,#4512,#4513,#4514));
#1151=EDGE_LOOP('',(#4515,#4516,#4517,#4518,#4519,#4520,#4521,#4522,#4523,
#4524,#4525,#4526,#4527,#4528,#4529,#4530,#4531,#4532,#4533,#4534,#4535,
#4536,#4537,#4538));
#1152=EDGE_LOOP('',(#4539,#4540,#4541,#4542,#4543,#4544,#4545,#4546,#4547,
#4548,#4549,#4550,#4551,#4552,#4553,#4554,#4555,#4556));
#1153=EDGE_LOOP('',(#4557,#4558,#4559,#4560));
#1154=EDGE_LOOP('',(#4561,#4562,#4563,#4564));
#1155=EDGE_LOOP('',(#4565,#4566,#4567,#4568));
#1156=EDGE_LOOP('',(#4569,#4570,#4571,#4572));
#1157=EDGE_LOOP('',(#4573,#4574,#4575,#4576));
#1158=EDGE_LOOP('',(#4577,#4578,#4579,#4580));
#1159=EDGE_LOOP('',(#4581,#4582,#4583,#4584));
#1160=EDGE_LOOP('',(#4585,#4586,#4587,#4588,#4589,#4590,#4591,#4592));
#1161=EDGE_LOOP('',(#4593,#4594,#4595,#4596));
#1162=EDGE_LOOP('',(#4597,#4598,#4599,#4600,#4601,#4602));
#1163=EDGE_LOOP('',(#4603,#4604,#4605,#4606));
#1164=EDGE_LOOP('',(#4607,#4608,#4609,#4610,#4611,#4612));
#1165=EDGE_LOOP('',(#4613,#4614,#4615,#4616,#4617,#4618));
#1166=EDGE_LOOP('',(#4619,#4620,#4621,#4622,#4623,#4624));
#1167=EDGE_LOOP('',(#4625,#4626,#4627,#4628,#4629,#4630));
#1168=EDGE_LOOP('',(#4631,#4632,#4633,#4634,#4635,#4636));
#1169=EDGE_LOOP('',(#4637,#4638,#4639,#4640));
#1170=EDGE_LOOP('',(#4641,#4642,#4643,#4644));
#1171=EDGE_LOOP('',(#4645,#4646,#4647,#4648));
#1172=EDGE_LOOP('',(#4649,#4650,#4651,#4652));
#1173=EDGE_LOOP('',(#4653,#4654,#4655,#4656));
#1174=EDGE_LOOP('',(#4657,#4658,#4659,#4660,#4661,#4662));
#1175=EDGE_LOOP('',(#4663,#4664,#4665,#4666));
#1176=EDGE_LOOP('',(#4667,#4668,#4669,#4670,#4671,#4672));
#1177=EDGE_LOOP('',(#4673,#4674,#4675,#4676));
#1178=EDGE_LOOP('',(#4677,#4678,#4679,#4680));
#1179=EDGE_LOOP('',(#4681,#4682,#4683,#4684,#4685));
#1180=EDGE_LOOP('',(#4686,#4687,#4688,#4689,#4690,#4691));
#1181=EDGE_LOOP('',(#4692));
#1182=EDGE_LOOP('',(#4693));
#1183=EDGE_LOOP('',(#4694,#4695,#4696,#4697,#4698,#4699));
#1184=EDGE_LOOP('',(#4700,#4701,#4702,#4703,#4704,#4705));
#1185=EDGE_LOOP('',(#4706));
#1186=EDGE_LOOP('',(#4707));
#1187=EDGE_LOOP('',(#4708,#4709,#4710,#4711));
#1188=EDGE_LOOP('',(#4712,#4713,#4714,#4715));
#1189=EDGE_LOOP('',(#4716,#4717,#4718,#4719));
#1190=EDGE_LOOP('',(#4720,#4721,#4722,#4723));
#1191=EDGE_LOOP('',(#4724,#4725,#4726,#4727));
#1192=EDGE_LOOP('',(#4728,#4729,#4730,#4731));
#1193=EDGE_LOOP('',(#4732,#4733,#4734,#4735));
#1194=EDGE_LOOP('',(#4736,#4737,#4738,#4739));
#1195=EDGE_LOOP('',(#4740,#4741,#4742,#4743));
#1196=EDGE_LOOP('',(#4744,#4745,#4746,#4747));
#1197=EDGE_LOOP('',(#4748,#4749,#4750,#4751));
#1198=EDGE_LOOP('',(#4752,#4753,#4754,#4755));
#1199=EDGE_LOOP('',(#4756,#4757,#4758,#4759));
#1200=EDGE_LOOP('',(#4760,#4761,#4762,#4763));
#1201=EDGE_LOOP('',(#4764,#4765,#4766,#4767));
#1202=EDGE_LOOP('',(#4768,#4769,#4770,#4771));
#1203=EDGE_LOOP('',(#4772,#4773,#4774,#4775));
#1204=EDGE_LOOP('',(#4776,#4777,#4778,#4779));
#1205=EDGE_LOOP('',(#4780,#4781,#4782,#4783));
#1206=EDGE_LOOP('',(#4784,#4785,#4786,#4787));
#1207=EDGE_LOOP('',(#4788,#4789,#4790,#4791));
#1208=EDGE_LOOP('',(#4792,#4793,#4794,#4795));
#1209=EDGE_LOOP('',(#4796,#4797,#4798,#4799));
#1210=EDGE_LOOP('',(#4800,#4801,#4802,#4803));
#1211=EDGE_LOOP('',(#4804,#4805,#4806,#4807));
#1212=EDGE_LOOP('',(#4808,#4809,#4810,#4811));
#1213=EDGE_LOOP('',(#4812,#4813,#4814,#4815));
#1214=EDGE_LOOP('',(#4816,#4817,#4818,#4819));
#1215=EDGE_LOOP('',(#4820,#4821,#4822,#4823));
#1216=EDGE_LOOP('',(#4824,#4825,#4826,#4827,#4828));
#1217=EDGE_LOOP('',(#4829,#4830,#4831,#4832,#4833,#4834));
#1218=EDGE_LOOP('',(#4835));
#1219=EDGE_LOOP('',(#4836));
#1220=EDGE_LOOP('',(#4837,#4838,#4839,#4840,#4841,#4842));
#1221=EDGE_LOOP('',(#4843,#4844,#4845,#4846,#4847,#4848));
#1222=EDGE_LOOP('',(#4849));
#1223=EDGE_LOOP('',(#4850));
#1224=EDGE_LOOP('',(#4851,#4852,#4853,#4854));
#1225=EDGE_LOOP('',(#4855,#4856,#4857,#4858));
#1226=EDGE_LOOP('',(#4859,#4860,#4861,#4862));
#1227=EDGE_LOOP('',(#4863,#4864,#4865,#4866));
#1228=EDGE_LOOP('',(#4867,#4868,#4869,#4870));
#1229=EDGE_LOOP('',(#4871,#4872,#4873,#4874,#4875,#4876));
#1230=EDGE_LOOP('',(#4877,#4878,#4879,#4880));
#1231=EDGE_LOOP('',(#4881,#4882,#4883,#4884));
#1232=EDGE_LOOP('',(#4885,#4886,#4887,#4888));
#1233=EDGE_LOOP('',(#4889,#4890,#4891,#4892));
#1234=EDGE_LOOP('',(#4893));
#1235=EDGE_LOOP('',(#4894));
#1236=EDGE_LOOP('',(#4895));
#1237=EDGE_LOOP('',(#4896));
#1238=EDGE_LOOP('',(#4897));
#1239=EDGE_LOOP('',(#4898));
#1240=EDGE_LOOP('',(#4899,#4900,#4901,#4902,#4903,#4904));
#1241=EDGE_LOOP('',(#4905));
#1242=EDGE_LOOP('',(#4906,#4907,#4908,#4909,#4910,#4911));
#1243=EDGE_LOOP('',(#4912));
#1244=EDGE_LOOP('',(#4913,#4914,#4915,#4916,#4917,#4918));
#1245=EDGE_LOOP('',(#4919,#4920,#4921,#4922,#4923,#4924));
#1246=EDGE_LOOP('',(#4925,#4926,#4927,#4928));
#1247=EDGE_LOOP('',(#4929,#4930,#4931,#4932));
#1248=EDGE_LOOP('',(#4933,#4934,#4935,#4936));
#1249=EDGE_LOOP('',(#4937,#4938,#4939,#4940));
#1250=EDGE_LOOP('',(#4941,#4942,#4943,#4944));
#1251=EDGE_LOOP('',(#4945,#4946,#4947,#4948));
#1252=EDGE_LOOP('',(#4949,#4950,#4951,#4952));
#1253=EDGE_LOOP('',(#4953,#4954,#4955,#4956));
#1254=EDGE_LOOP('',(#4957,#4958,#4959,#4960));
#1255=EDGE_LOOP('',(#4961,#4962,#4963,#4964));
#1256=EDGE_LOOP('',(#4965,#4966,#4967,#4968));
#1257=EDGE_LOOP('',(#4969,#4970,#4971,#4972));
#1258=EDGE_LOOP('',(#4973,#4974,#4975,#4976));
#1259=EDGE_LOOP('',(#4977,#4978,#4979,#4980));
#1260=EDGE_LOOP('',(#4981,#4982,#4983,#4984));
#1261=EDGE_LOOP('',(#4985,#4986,#4987,#4988));
#1262=EDGE_LOOP('',(#4989,#4990,#4991,#4992));
#1263=EDGE_LOOP('',(#4993,#4994,#4995,#4996));
#1264=EDGE_LOOP('',(#4997,#4998,#4999,#5000));
#1265=EDGE_LOOP('',(#5001,#5002,#5003,#5004));
#1266=EDGE_LOOP('',(#5005,#5006,#5007,#5008));
#1267=EDGE_LOOP('',(#5009,#5010,#5011,#5012));
#1268=EDGE_LOOP('',(#5013,#5014,#5015,#5016));
#1269=EDGE_LOOP('',(#5017,#5018,#5019,#5020));
#1270=EDGE_LOOP('',(#5021,#5022,#5023,#5024));
#1271=EDGE_LOOP('',(#5025,#5026,#5027,#5028));
#1272=EDGE_LOOP('',(#5029,#5030,#5031,#5032));
#1273=EDGE_LOOP('',(#5033,#5034,#5035,#5036));
#1274=EDGE_LOOP('',(#5037,#5038,#5039,#5040,#5041,#5042));
#1275=EDGE_LOOP('',(#5043,#5044,#5045,#5046));
#1276=EDGE_LOOP('',(#5047));
#1277=EDGE_LOOP('',(#5048));
#1278=EDGE_LOOP('',(#5049));
#1279=EDGE_LOOP('',(#5050));
#1280=EDGE_LOOP('',(#5051,#5052,#5053,#5054,#5055,#5056));
#1281=EDGE_LOOP('',(#5057,#5058,#5059,#5060,#5061,#5062));
#1282=EDGE_LOOP('',(#5063));
#1283=EDGE_LOOP('',(#5064,#5065,#5066,#5067,#5068,#5069));
#1284=EDGE_LOOP('',(#5070));
#1285=EDGE_LOOP('',(#5071,#5072,#5073,#5074,#5075,#5076));
#1286=EDGE_LOOP('',(#5077));
#1287=EDGE_LOOP('',(#5078));
#1288=EDGE_LOOP('',(#5079,#5080,#5081,#5082));
#1289=EDGE_LOOP('',(#5083,#5084,#5085,#5086));
#1290=EDGE_LOOP('',(#5087,#5088,#5089,#5090));
#1291=EDGE_LOOP('',(#5091,#5092,#5093,#5094));
#1292=EDGE_LOOP('',(#5095,#5096,#5097,#5098));
#1293=EDGE_LOOP('',(#5099,#5100,#5101,#5102));
#1294=EDGE_LOOP('',(#5103,#5104,#5105,#5106));
#1295=EDGE_LOOP('',(#5107,#5108,#5109,#5110));
#1296=EDGE_LOOP('',(#5111,#5112,#5113,#5114));
#1297=EDGE_LOOP('',(#5115));
#1298=EDGE_LOOP('',(#5116));
#1299=EDGE_LOOP('',(#5117));
#1300=EDGE_LOOP('',(#5118));
#1301=EDGE_LOOP('',(#5119,#5120,#5121,#5122));
#1302=EDGE_LOOP('',(#5123));
#1303=EDGE_LOOP('',(#5124));
#1304=EDGE_LOOP('',(#5125));
#1305=EDGE_LOOP('',(#5126));
#1306=EDGE_LOOP('',(#5127,#5128,#5129,#5130));
#1307=EDGE_LOOP('',(#5131,#5132,#5133,#5134,#5135));
#1308=EDGE_LOOP('',(#5136,#5137,#5138,#5139,#5140,#5141,#5142,#5143,#5144));
#1309=EDGE_LOOP('',(#5145,#5146,#5147,#5148));
#1310=EDGE_LOOP('',(#5149,#5150,#5151,#5152,#5153));
#1311=EDGE_LOOP('',(#5154,#5155,#5156,#5157,#5158,#5159,#5160,#5161));
#1312=EDGE_LOOP('',(#5162));
#1313=EDGE_LOOP('',(#5163,#5164,#5165,#5166));
#1314=EDGE_LOOP('',(#5167,#5168,#5169,#5170,#5171));
#1315=EDGE_LOOP('',(#5172,#5173,#5174,#5175));
#1316=EDGE_LOOP('',(#5176,#5177,#5178,#5179,#5180));
#1317=EDGE_LOOP('',(#5181,#5182,#5183,#5184,#5185,#5186));
#1318=EDGE_LOOP('',(#5187,#5188,#5189,#5190,#5191,#5192));
#1319=EDGE_LOOP('',(#5193,#5194,#5195,#5196,#5197,#5198,#5199,#5200,#5201));
#1320=EDGE_LOOP('',(#5202,#5203,#5204,#5205));
#1321=EDGE_LOOP('',(#5206,#5207,#5208,#5209,#5210,#5211,#5212,#5213));
#1322=EDGE_LOOP('',(#5214,#5215,#5216,#5217,#5218,#5219,#5220,#5221));
#1323=EDGE_LOOP('',(#5222,#5223,#5224,#5225,#5226,#5227,#5228,#5229));
#1324=EDGE_LOOP('',(#5230,#5231,#5232,#5233));
#1325=EDGE_LOOP('',(#5234,#5235,#5236,#5237));
#1326=EDGE_LOOP('',(#5238,#5239,#5240,#5241));
#1327=EDGE_LOOP('',(#5242,#5243,#5244,#5245,#5246,#5247,#5248,#5249));
#1328=EDGE_LOOP('',(#5250));
#1329=EDGE_LOOP('',(#5251,#5252,#5253,#5254,#5255,#5256,#5257,#5258));
#1330=EDGE_LOOP('',(#5259,#5260,#5261,#5262));
#1331=EDGE_LOOP('',(#5263,#5264,#5265,#5266,#5267));
#1332=EDGE_LOOP('',(#5268,#5269,#5270,#5271,#5272,#5273,#5274,#5275,#5276));
#1333=EDGE_LOOP('',(#5277,#5278,#5279,#5280));
#1334=EDGE_LOOP('',(#5281,#5282,#5283,#5284,#5285));
#1335=EDGE_LOOP('',(#5286,#5287,#5288,#5289,#5290,#5291,#5292,#5293));
#1336=EDGE_LOOP('',(#5294));
#1337=EDGE_LOOP('',(#5295,#5296,#5297,#5298));
#1338=EDGE_LOOP('',(#5299,#5300,#5301,#5302,#5303));
#1339=EDGE_LOOP('',(#5304,#5305,#5306,#5307));
#1340=EDGE_LOOP('',(#5308,#5309,#5310,#5311,#5312));
#1341=EDGE_LOOP('',(#5313,#5314,#5315,#5316,#5317,#5318));
#1342=EDGE_LOOP('',(#5319,#5320,#5321,#5322,#5323,#5324));
#1343=EDGE_LOOP('',(#5325,#5326,#5327,#5328,#5329,#5330,#5331,#5332,#5333));
#1344=EDGE_LOOP('',(#5334,#5335,#5336,#5337));
#1345=EDGE_LOOP('',(#5338,#5339,#5340,#5341,#5342,#5343,#5344,#5345));
#1346=EDGE_LOOP('',(#5346,#5347,#5348,#5349,#5350,#5351,#5352,#5353));
#1347=EDGE_LOOP('',(#5354,#5355,#5356,#5357,#5358,#5359,#5360,#5361));
#1348=EDGE_LOOP('',(#5362,#5363,#5364,#5365));
#1349=EDGE_LOOP('',(#5366,#5367,#5368,#5369));
#1350=EDGE_LOOP('',(#5370,#5371,#5372,#5373));
#1351=EDGE_LOOP('',(#5374,#5375,#5376,#5377,#5378,#5379,#5380,#5381));
#1352=EDGE_LOOP('',(#5382));
#1353=EDGE_LOOP('',(#5383,#5384,#5385,#5386,#5387,#5388,#5389,#5390));
#1354=EDGE_LOOP('',(#5391,#5392,#5393,#5394));
#1355=EDGE_LOOP('',(#5395,#5396,#5397,#5398,#5399));
#1356=EDGE_LOOP('',(#5400,#5401,#5402,#5403,#5404,#5405,#5406,#5407,#5408));
#1357=EDGE_LOOP('',(#5409,#5410,#5411,#5412));
#1358=EDGE_LOOP('',(#5413,#5414,#5415,#5416,#5417));
#1359=EDGE_LOOP('',(#5418,#5419,#5420,#5421,#5422,#5423,#5424,#5425));
#1360=EDGE_LOOP('',(#5426));
#1361=EDGE_LOOP('',(#5427,#5428,#5429,#5430));
#1362=EDGE_LOOP('',(#5431,#5432,#5433,#5434,#5435));
#1363=EDGE_LOOP('',(#5436,#5437,#5438,#5439));
#1364=EDGE_LOOP('',(#5440,#5441,#5442,#5443,#5444));
#1365=EDGE_LOOP('',(#5445,#5446,#5447,#5448,#5449,#5450));
#1366=EDGE_LOOP('',(#5451,#5452,#5453,#5454,#5455,#5456));
#1367=EDGE_LOOP('',(#5457,#5458,#5459,#5460,#5461,#5462,#5463,#5464,#5465));
#1368=EDGE_LOOP('',(#5466,#5467,#5468,#5469));
#1369=EDGE_LOOP('',(#5470,#5471,#5472,#5473,#5474,#5475,#5476,#5477));
#1370=EDGE_LOOP('',(#5478,#5479,#5480,#5481,#5482,#5483,#5484,#5485));
#1371=EDGE_LOOP('',(#5486,#5487,#5488,#5489,#5490,#5491,#5492,#5493));
#1372=EDGE_LOOP('',(#5494,#5495,#5496,#5497));
#1373=EDGE_LOOP('',(#5498,#5499,#5500,#5501));
#1374=EDGE_LOOP('',(#5502,#5503,#5504,#5505));
#1375=EDGE_LOOP('',(#5506,#5507,#5508,#5509,#5510,#5511,#5512,#5513));
#1376=EDGE_LOOP('',(#5514));
#1377=EDGE_LOOP('',(#5515,#5516,#5517,#5518,#5519,#5520,#5521,#5522));
#1378=EDGE_LOOP('',(#5523));
#1379=EDGE_LOOP('',(#5524));
#1380=EDGE_LOOP('',(#5525,#5526,#5527,#5528));
#1381=EDGE_LOOP('',(#5529));
#1382=EDGE_LOOP('',(#5530));
#1383=EDGE_LOOP('',(#5531,#5532,#5533,#5534));
#1384=EDGE_LOOP('',(#5535));
#1385=EDGE_LOOP('',(#5536));
#1386=EDGE_LOOP('',(#5537,#5538,#5539,#5540));
#1387=EDGE_LOOP('',(#5541));
#1388=EDGE_LOOP('',(#5542));
#1389=EDGE_LOOP('',(#5543,#5544,#5545,#5546));
#1390=EDGE_LOOP('',(#5547,#5548,#5549,#5550,#5551,#5552,#5553,#5554,#5555,
#5556,#5557,#5558,#5559,#5560,#5561,#5562,#5563,#5564,#5565,#5566,#5567,
#5568,#5569,#5570,#5571,#5572,#5573,#5574,#5575,#5576,#5577,#5578));
#1391=EDGE_LOOP('',(#5579,#5580,#5581,#5582,#5583,#5584,#5585,#5586));
#1392=EDGE_LOOP('',(#5587));
#1393=EDGE_LOOP('',(#5588));
#1394=EDGE_LOOP('',(#5589));
#1395=EDGE_LOOP('',(#5590));
#1396=EDGE_LOOP('',(#5591));
#1397=EDGE_LOOP('',(#5592));
#1398=EDGE_LOOP('',(#5593));
#1399=EDGE_LOOP('',(#5594,#5595,#5596,#5597,#5598,#5599,#5600,#5601));
#1400=EDGE_LOOP('',(#5602,#5603,#5604,#5605));
#1401=EDGE_LOOP('',(#5606,#5607,#5608,#5609));
#1402=EDGE_LOOP('',(#5610,#5611,#5612,#5613));
#1403=EDGE_LOOP('',(#5614,#5615,#5616,#5617));
#1404=EDGE_LOOP('',(#5618,#5619,#5620,#5621));
#1405=EDGE_LOOP('',(#5622,#5623,#5624,#5625));
#1406=EDGE_LOOP('',(#5626,#5627,#5628,#5629));
#1407=EDGE_LOOP('',(#5630,#5631,#5632,#5633));
#1408=EDGE_LOOP('',(#5634,#5635,#5636,#5637));
#1409=EDGE_LOOP('',(#5638,#5639,#5640,#5641));
#1410=EDGE_LOOP('',(#5642,#5643,#5644,#5645));
#1411=EDGE_LOOP('',(#5646,#5647,#5648,#5649));
#1412=EDGE_LOOP('',(#5650,#5651,#5652,#5653));
#1413=EDGE_LOOP('',(#5654,#5655,#5656,#5657));
#1414=EDGE_LOOP('',(#5658,#5659,#5660,#5661));
#1415=EDGE_LOOP('',(#5662,#5663,#5664,#5665));
#1416=EDGE_LOOP('',(#5666,#5667,#5668,#5669));
#1417=EDGE_LOOP('',(#5670,#5671,#5672,#5673));
#1418=EDGE_LOOP('',(#5674,#5675,#5676,#5677));
#1419=EDGE_LOOP('',(#5678,#5679,#5680,#5681));
#1420=EDGE_LOOP('',(#5682,#5683,#5684,#5685));
#1421=EDGE_LOOP('',(#5686,#5687,#5688,#5689));
#1422=EDGE_LOOP('',(#5690,#5691,#5692,#5693));
#1423=EDGE_LOOP('',(#5694,#5695,#5696,#5697));
#1424=EDGE_LOOP('',(#5698,#5699,#5700,#5701));
#1425=EDGE_LOOP('',(#5702,#5703,#5704,#5705));
#1426=EDGE_LOOP('',(#5706,#5707,#5708,#5709));
#1427=EDGE_LOOP('',(#5710,#5711,#5712,#5713));
#1428=EDGE_LOOP('',(#5714,#5715,#5716,#5717));
#1429=EDGE_LOOP('',(#5718,#5719,#5720,#5721));
#1430=EDGE_LOOP('',(#5722,#5723,#5724,#5725));
#1431=EDGE_LOOP('',(#5726,#5727,#5728,#5729));
#1432=EDGE_LOOP('',(#5730,#5731,#5732,#5733));
#1433=EDGE_LOOP('',(#5734,#5735,#5736,#5737));
#1434=EDGE_LOOP('',(#5738,#5739,#5740,#5741));
#1435=EDGE_LOOP('',(#5742,#5743,#5744,#5745));
#1436=EDGE_LOOP('',(#5746,#5747,#5748,#5749));
#1437=EDGE_LOOP('',(#5750,#5751,#5752,#5753));
#1438=EDGE_LOOP('',(#5754,#5755,#5756,#5757));
#1439=EDGE_LOOP('',(#5758,#5759,#5760,#5761));
#1440=EDGE_LOOP('',(#5762,#5763,#5764,#5765));
#1441=EDGE_LOOP('',(#5766,#5767,#5768,#5769));
#1442=EDGE_LOOP('',(#5770,#5771,#5772,#5773));
#1443=EDGE_LOOP('',(#5774,#5775,#5776,#5777));
#1444=EDGE_LOOP('',(#5778,#5779,#5780,#5781));
#1445=EDGE_LOOP('',(#5782,#5783,#5784,#5785));
#1446=EDGE_LOOP('',(#5786,#5787,#5788,#5789));
#1447=EDGE_LOOP('',(#5790,#5791,#5792,#5793));
#1448=EDGE_LOOP('',(#5794,#5795,#5796,#5797));
#1449=EDGE_LOOP('',(#5798,#5799,#5800,#5801));
#1450=EDGE_LOOP('',(#5802,#5803,#5804,#5805));
#1451=EDGE_LOOP('',(#5806,#5807,#5808,#5809));
#1452=EDGE_LOOP('',(#5810,#5811,#5812,#5813));
#1453=EDGE_LOOP('',(#5814,#5815,#5816,#5817));
#1454=EDGE_LOOP('',(#5818,#5819,#5820,#5821));
#1455=EDGE_LOOP('',(#5822,#5823,#5824,#5825,#5826,#5827,#5828,#5829,#5830,
#5831,#5832,#5833,#5834,#5835,#5836,#5837,#5838,#5839,#5840,#5841,#5842,
#5843,#5844,#5845,#5846,#5847,#5848,#5849,#5850,#5851,#5852,#5853));
#1456=EDGE_LOOP('',(#5854,#5855,#5856,#5857,#5858,#5859,#5860,#5861));
#1457=EDGE_LOOP('',(#5862));
#1458=EDGE_LOOP('',(#5863));
#1459=EDGE_LOOP('',(#5864));
#1460=EDGE_LOOP('',(#5865));
#1461=EDGE_LOOP('',(#5866));
#1462=EDGE_LOOP('',(#5867));
#1463=EDGE_LOOP('',(#5868));
#1464=EDGE_LOOP('',(#5869,#5870,#5871,#5872,#5873,#5874,#5875,#5876));
#1465=LINE('',#9078,#2029);
#1466=LINE('',#9080,#2030);
#1467=LINE('',#9082,#2031);
#1468=LINE('',#9083,#2032);
#1469=LINE('',#9086,#2033);
#1470=LINE('',#9088,#2034);
#1471=LINE('',#9089,#2035);
#1472=LINE('',#9092,#2036);
#1473=LINE('',#9094,#2037);
#1474=LINE('',#9095,#2038);
#1475=LINE('',#9097,#2039);
#1476=LINE('',#9098,#2040);
#1477=LINE('',#9104,#2041);
#1478=LINE('',#9106,#2042);
#1479=LINE('',#9108,#2043);
#1480=LINE('',#9109,#2044);
#1481=LINE('',#9112,#2045);
#1482=LINE('',#9114,#2046);
#1483=LINE('',#9115,#2047);
#1484=LINE('',#9118,#2048);
#1485=LINE('',#9120,#2049);
#1486=LINE('',#9121,#2050);
#1487=LINE('',#9123,#2051);
#1488=LINE('',#9124,#2052);
#1489=LINE('',#9128,#2053);
#1490=LINE('',#9130,#2054);
#1491=LINE('',#9132,#2055);
#1492=LINE('',#9133,#2056);
#1493=LINE('',#9139,#2057);
#1494=LINE('',#9142,#2058);
#1495=LINE('',#9144,#2059);
#1496=LINE('',#9145,#2060);
#1497=LINE('',#9151,#2061);
#1498=LINE('',#9154,#2062);
#1499=LINE('',#9156,#2063);
#1500=LINE('',#9157,#2064);
#1501=LINE('',#9164,#2065);
#1502=LINE('',#9166,#2066);
#1503=LINE('',#9168,#2067);
#1504=LINE('',#9169,#2068);
#1505=LINE('',#9175,#2069);
#1506=LINE('',#9178,#2070);
#1507=LINE('',#9180,#2071);
#1508=LINE('',#9181,#2072);
#1509=LINE('',#9187,#2073);
#1510=LINE('',#9190,#2074);
#1511=LINE('',#9192,#2075);
#1512=LINE('',#9193,#2076);
#1513=LINE('',#9200,#2077);
#1514=LINE('',#9202,#2078);
#1515=LINE('',#9204,#2079);
#1516=LINE('',#9205,#2080);
#1517=LINE('',#9211,#2081);
#1518=LINE('',#9214,#2082);
#1519=LINE('',#9216,#2083);
#1520=LINE('',#9217,#2084);
#1521=LINE('',#9223,#2085);
#1522=LINE('',#9226,#2086);
#1523=LINE('',#9228,#2087);
#1524=LINE('',#9229,#2088);
#1525=LINE('',#9236,#2089);
#1526=LINE('',#9238,#2090);
#1527=LINE('',#9240,#2091);
#1528=LINE('',#9241,#2092);
#1529=LINE('',#9247,#2093);
#1530=LINE('',#9250,#2094);
#1531=LINE('',#9252,#2095);
#1532=LINE('',#9253,#2096);
#1533=LINE('',#9259,#2097);
#1534=LINE('',#9262,#2098);
#1535=LINE('',#9264,#2099);
#1536=LINE('',#9265,#2100);
#1537=LINE('',#9272,#2101);
#1538=LINE('',#9274,#2102);
#1539=LINE('',#9276,#2103);
#1540=LINE('',#9277,#2104);
#1541=LINE('',#9283,#2105);
#1542=LINE('',#9286,#2106);
#1543=LINE('',#9288,#2107);
#1544=LINE('',#9289,#2108);
#1545=LINE('',#9295,#2109);
#1546=LINE('',#9298,#2110);
#1547=LINE('',#9300,#2111);
#1548=LINE('',#9301,#2112);
#1549=LINE('',#9308,#2113);
#1550=LINE('',#9310,#2114);
#1551=LINE('',#9312,#2115);
#1552=LINE('',#9313,#2116);
#1553=LINE('',#9316,#2117);
#1554=LINE('',#9318,#2118);
#1555=LINE('',#9319,#2119);
#1556=LINE('',#9322,#2120);
#1557=LINE('',#9324,#2121);
#1558=LINE('',#9325,#2122);
#1559=LINE('',#9327,#2123);
#1560=LINE('',#9328,#2124);
#1561=LINE('',#9332,#2125);
#1562=LINE('',#9334,#2126);
#1563=LINE('',#9336,#2127);
#1564=LINE('',#9337,#2128);
#1565=LINE('',#9343,#2129);
#1566=LINE('',#9346,#2130);
#1567=LINE('',#9348,#2131);
#1568=LINE('',#9349,#2132);
#1569=LINE('',#9355,#2133);
#1570=LINE('',#9358,#2134);
#1571=LINE('',#9360,#2135);
#1572=LINE('',#9361,#2136);
#1573=LINE('',#9368,#2137);
#1574=LINE('',#9370,#2138);
#1575=LINE('',#9372,#2139);
#1576=LINE('',#9373,#2140);
#1577=LINE('',#9379,#2141);
#1578=LINE('',#9382,#2142);
#1579=LINE('',#9384,#2143);
#1580=LINE('',#9385,#2144);
#1581=LINE('',#9389,#2145);
#1582=LINE('',#9391,#2146);
#1583=LINE('',#9393,#2147);
#1584=LINE('',#9394,#2148);
#1585=LINE('',#9398,#2149);
#1586=LINE('',#9400,#2150);
#1587=LINE('',#9402,#2151);
#1588=LINE('',#9403,#2152);
#1589=LINE('',#9409,#2153);
#1590=LINE('',#9412,#2154);
#1591=LINE('',#9414,#2155);
#1592=LINE('',#9415,#2156);
#1593=LINE('',#9419,#2157);
#1594=LINE('',#9421,#2158);
#1595=LINE('',#9423,#2159);
#1596=LINE('',#9424,#2160);
#1597=LINE('',#9426,#2161);
#1598=LINE('',#9427,#2162);
#1599=LINE('',#9428,#2163);
#1600=LINE('',#9429,#2164);
#1601=LINE('',#9431,#2165);
#1602=LINE('',#9435,#2166);
#1603=LINE('',#9443,#2167);
#1604=LINE('',#9449,#2168);
#1605=LINE('',#9455,#2169);
#1606=LINE('',#9463,#2170);
#1607=LINE('',#9467,#2171);
#1608=LINE('',#9469,#2172);
#1609=LINE('',#9470,#2173);
#1610=LINE('',#9474,#2174);
#1611=LINE('',#9478,#2175);
#1612=LINE('',#9482,#2176);
#1613=LINE('',#9485,#2177);
#1614=LINE('',#9486,#2178);
#1615=LINE('',#9490,#2179);
#1616=LINE('',#9493,#2180);
#1617=LINE('',#9498,#2181);
#1618=LINE('',#9505,#2182);
#1619=LINE('',#9507,#2183);
#1620=LINE('',#9511,#2184);
#1621=LINE('',#9518,#2185);
#1622=LINE('',#9520,#2186);
#1623=LINE('',#9521,#2187);
#1624=LINE('',#9523,#2188);
#1625=LINE('',#9525,#2189);
#1626=LINE('',#9527,#2190);
#1627=LINE('',#9529,#2191);
#1628=LINE('',#9531,#2192);
#1629=LINE('',#9533,#2193);
#1630=LINE('',#9535,#2194);
#1631=LINE('',#9540,#2195);
#1632=LINE('',#9542,#2196);
#1633=LINE('',#9544,#2197);
#1634=LINE('',#9545,#2198);
#1635=LINE('',#9551,#2199);
#1636=LINE('',#9557,#2200);
#1637=LINE('',#9563,#2201);
#1638=LINE('',#9566,#2202);
#1639=LINE('',#9568,#2203);
#1640=LINE('',#9569,#2204);
#1641=LINE('',#9575,#2205);
#1642=LINE('',#9579,#2206);
#1643=LINE('',#9586,#2207);
#1644=LINE('',#9588,#2208);
#1645=LINE('',#9592,#2209);
#1646=LINE('',#9600,#2210);
#1647=LINE('',#9605,#2211);
#1648=LINE('',#9611,#2212);
#1649=LINE('',#9619,#2213);
#1650=LINE('',#9622,#2214);
#1651=LINE('',#9624,#2215);
#1652=LINE('',#9627,#2216);
#1653=LINE('',#9628,#2217);
#1654=LINE('',#9630,#2218);
#1655=LINE('',#9632,#2219);
#1656=LINE('',#9634,#2220);
#1657=LINE('',#9636,#2221);
#1658=LINE('',#9638,#2222);
#1659=LINE('',#9640,#2223);
#1660=LINE('',#9643,#2224);
#1661=LINE('',#9652,#2225);
#1662=LINE('',#9655,#2226);
#1663=LINE('',#9658,#2227);
#1664=LINE('',#9664,#2228);
#1665=LINE('',#9668,#2229);
#1666=LINE('',#9671,#2230);
#1667=LINE('',#9676,#2231);
#1668=LINE('',#9678,#2232);
#1669=LINE('',#9680,#2233);
#1670=LINE('',#9682,#2234);
#1671=LINE('',#9687,#2235);
#1672=LINE('',#9689,#2236);
#1673=LINE('',#9692,#2237);
#1674=LINE('',#9697,#2238);
#1675=LINE('',#9701,#2239);
#1676=LINE('',#9704,#2240);
#1677=LINE('',#9713,#2241);
#1678=LINE('',#9717,#2242);
#1679=LINE('',#9720,#2243);
#1680=LINE('',#9725,#2244);
#1681=LINE('',#9729,#2245);
#1682=LINE('',#9732,#2246);
#1683=LINE('',#9740,#2247);
#1684=LINE('',#9744,#2248);
#1685=LINE('',#9749,#2249);
#1686=LINE('',#9750,#2250);
#1687=LINE('',#9751,#2251);
#1688=LINE('',#9755,#2252);
#1689=LINE('',#9758,#2253);
#1690=LINE('',#9759,#2254);
#1691=LINE('',#9763,#2255);
#1692=LINE('',#9766,#2256);
#1693=LINE('',#9767,#2257);
#1694=LINE('',#9773,#2258);
#1695=LINE('',#9774,#2259);
#1696=LINE('',#9775,#2260);
#1697=LINE('',#9779,#2261);
#1698=LINE('',#9782,#2262);
#1699=LINE('',#9783,#2263);
#1700=LINE('',#9787,#2264);
#1701=LINE('',#9790,#2265);
#1702=LINE('',#9791,#2266);
#1703=LINE('',#9796,#2267);
#1704=LINE('',#9800,#2268);
#1705=LINE('',#9805,#2269);
#1706=LINE('',#9806,#2270);
#1707=LINE('',#9807,#2271);
#1708=LINE('',#9811,#2272);
#1709=LINE('',#9814,#2273);
#1710=LINE('',#9815,#2274);
#1711=LINE('',#9819,#2275);
#1712=LINE('',#9822,#2276);
#1713=LINE('',#9823,#2277);
#1714=LINE('',#9829,#2278);
#1715=LINE('',#9830,#2279);
#1716=LINE('',#9831,#2280);
#1717=LINE('',#9835,#2281);
#1718=LINE('',#9838,#2282);
#1719=LINE('',#9839,#2283);
#1720=LINE('',#9842,#2284);
#1721=LINE('',#9843,#2285);
#1722=LINE('',#9852,#2286);
#1723=LINE('',#9858,#2287);
#1724=LINE('',#9864,#2288);
#1725=LINE('',#9870,#2289);
#1726=LINE('',#9877,#2290);
#1727=LINE('',#9880,#2291);
#1728=LINE('',#9885,#2292);
#1729=LINE('',#9890,#2293);
#1730=LINE('',#9894,#2294);
#1731=LINE('',#9899,#2295);
#1732=LINE('',#9900,#2296);
#1733=LINE('',#9903,#2297);
#1734=LINE('',#9906,#2298);
#1735=LINE('',#9915,#2299);
#1736=LINE('',#9919,#2300);
#1737=LINE('',#9922,#2301);
#1738=LINE('',#9929,#2302);
#1739=LINE('',#9933,#2303);
#1740=LINE('',#9936,#2304);
#1741=LINE('',#9943,#2305);
#1742=LINE('',#9947,#2306);
#1743=LINE('',#9950,#2307);
#1744=LINE('',#9955,#2308);
#1745=LINE('',#9959,#2309);
#1746=LINE('',#9962,#2310);
#1747=LINE('',#9965,#2311);
#1748=LINE('',#9969,#2312);
#1749=LINE('',#9974,#2313);
#1750=LINE('',#9975,#2314);
#1751=LINE('',#9976,#2315);
#1752=LINE('',#9980,#2316);
#1753=LINE('',#9983,#2317);
#1754=LINE('',#9984,#2318);
#1755=LINE('',#9988,#2319);
#1756=LINE('',#9991,#2320);
#1757=LINE('',#9992,#2321);
#1758=LINE('',#9997,#2322);
#1759=LINE('',#10002,#2323);
#1760=LINE('',#10003,#2324);
#1761=LINE('',#10004,#2325);
#1762=LINE('',#10008,#2326);
#1763=LINE('',#10011,#2327);
#1764=LINE('',#10012,#2328);
#1765=LINE('',#10016,#2329);
#1766=LINE('',#10019,#2330);
#1767=LINE('',#10020,#2331);
#1768=LINE('',#10025,#2332);
#1769=LINE('',#10030,#2333);
#1770=LINE('',#10031,#2334);
#1771=LINE('',#10032,#2335);
#1772=LINE('',#10036,#2336);
#1773=LINE('',#10039,#2337);
#1774=LINE('',#10040,#2338);
#1775=LINE('',#10044,#2339);
#1776=LINE('',#10047,#2340);
#1777=LINE('',#10048,#2341);
#1778=LINE('',#10054,#2342);
#1779=LINE('',#10055,#2343);
#1780=LINE('',#10056,#2344);
#1781=LINE('',#10060,#2345);
#1782=LINE('',#10063,#2346);
#1783=LINE('',#10064,#2347);
#1784=LINE('',#10068,#2348);
#1785=LINE('',#10071,#2349);
#1786=LINE('',#10072,#2350);
#1787=LINE('',#10076,#2351);
#1788=LINE('',#10082,#2352);
#1789=LINE('',#10088,#2353);
#1790=LINE('',#10094,#2354);
#1791=LINE('',#10100,#2355);
#1792=LINE('',#10105,#2356);
#1793=LINE('',#10107,#2357);
#1794=LINE('',#10109,#2358);
#1795=LINE('',#10110,#2359);
#1796=LINE('',#10113,#2360);
#1797=LINE('',#10115,#2361);
#1798=LINE('',#10116,#2362);
#1799=LINE('',#10119,#2363);
#1800=LINE('',#10121,#2364);
#1801=LINE('',#10122,#2365);
#1802=LINE('',#10124,#2366);
#1803=LINE('',#10125,#2367);
#1804=LINE('',#10134,#2368);
#1805=LINE('',#10137,#2369);
#1806=LINE('',#10140,#2370);
#1807=LINE('',#10142,#2371);
#1808=LINE('',#10145,#2372);
#1809=LINE('',#10148,#2373);
#1810=LINE('',#10154,#2374);
#1811=LINE('',#10156,#2375);
#1812=LINE('',#10159,#2376);
#1813=LINE('',#10165,#2377);
#1814=LINE('',#10168,#2378);
#1815=LINE('',#10171,#2379);
#1816=LINE('',#10175,#2380);
#1817=LINE('',#10176,#2381);
#1818=LINE('',#10179,#2382);
#1819=LINE('',#10181,#2383);
#1820=LINE('',#10183,#2384);
#1821=LINE('',#10185,#2385);
#1822=LINE('',#10188,#2386);
#1823=LINE('',#10193,#2387);
#1824=LINE('',#10196,#2388);
#1825=LINE('',#10199,#2389);
#1826=LINE('',#10202,#2390);
#1827=LINE('',#10205,#2391);
#1828=LINE('',#10208,#2392);
#1829=LINE('',#10213,#2393);
#1830=LINE('',#10214,#2394);
#1831=LINE('',#10217,#2395);
#1832=LINE('',#10254,#2396);
#1833=LINE('',#10257,#2397);
#1834=LINE('',#10258,#2398);
#1835=LINE('',#10259,#2399);
#1836=LINE('',#10261,#2400);
#1837=LINE('',#10266,#2401);
#1838=LINE('',#10273,#2402);
#1839=LINE('',#10278,#2403);
#1840=LINE('',#10284,#2404);
#1841=LINE('',#10287,#2405);
#1842=LINE('',#10295,#2406);
#1843=LINE('',#10298,#2407);
#1844=LINE('',#10301,#2408);
#1845=LINE('',#10303,#2409);
#1846=LINE('',#10306,#2410);
#1847=LINE('',#10309,#2411);
#1848=LINE('',#10315,#2412);
#1849=LINE('',#10317,#2413);
#1850=LINE('',#10320,#2414);
#1851=LINE('',#10326,#2415);
#1852=LINE('',#10329,#2416);
#1853=LINE('',#10332,#2417);
#1854=LINE('',#10336,#2418);
#1855=LINE('',#10337,#2419);
#1856=LINE('',#10340,#2420);
#1857=LINE('',#10342,#2421);
#1858=LINE('',#10344,#2422);
#1859=LINE('',#10346,#2423);
#1860=LINE('',#10349,#2424);
#1861=LINE('',#10354,#2425);
#1862=LINE('',#10357,#2426);
#1863=LINE('',#10360,#2427);
#1864=LINE('',#10363,#2428);
#1865=LINE('',#10366,#2429);
#1866=LINE('',#10369,#2430);
#1867=LINE('',#10374,#2431);
#1868=LINE('',#10375,#2432);
#1869=LINE('',#10378,#2433);
#1870=LINE('',#10415,#2434);
#1871=LINE('',#10418,#2435);
#1872=LINE('',#10419,#2436);
#1873=LINE('',#10420,#2437);
#1874=LINE('',#10422,#2438);
#1875=LINE('',#10427,#2439);
#1876=LINE('',#10434,#2440);
#1877=LINE('',#10439,#2441);
#1878=LINE('',#10445,#2442);
#1879=LINE('',#10448,#2443);
#1880=LINE('',#10456,#2444);
#1881=LINE('',#10459,#2445);
#1882=LINE('',#10462,#2446);
#1883=LINE('',#10466,#2447);
#1884=LINE('',#10467,#2448);
#1885=LINE('',#10470,#2449);
#1886=LINE('',#10474,#2450);
#1887=LINE('',#10476,#2451);
#1888=LINE('',#10481,#2452);
#1889=LINE('',#10487,#2453);
#1890=LINE('',#10490,#2454);
#1891=LINE('',#10493,#2455);
#1892=LINE('',#10495,#2456);
#1893=LINE('',#10498,#2457);
#1894=LINE('',#10501,#2458);
#1895=LINE('',#10505,#2459);
#1896=LINE('',#10507,#2460);
#1897=LINE('',#10509,#2461);
#1898=LINE('',#10510,#2462);
#1899=LINE('',#10515,#2463);
#1900=LINE('',#10518,#2464);
#1901=LINE('',#10521,#2465);
#1902=LINE('',#10524,#2466);
#1903=LINE('',#10527,#2467);
#1904=LINE('',#10530,#2468);
#1905=LINE('',#10533,#2469);
#1906=LINE('',#10535,#2470);
#1907=LINE('',#10539,#2471);
#1908=LINE('',#10576,#2472);
#1909=LINE('',#10579,#2473);
#1910=LINE('',#10580,#2474);
#1911=LINE('',#10581,#2475);
#1912=LINE('',#10583,#2476);
#1913=LINE('',#10588,#2477);
#1914=LINE('',#10593,#2478);
#1915=LINE('',#10599,#2479);
#1916=LINE('',#10607,#2480);
#1917=LINE('',#10609,#2481);
#1918=LINE('',#10619,#2482);
#1919=LINE('',#10627,#2483);
#1920=LINE('',#10635,#2484);
#1921=LINE('',#10643,#2485);
#1922=LINE('',#10648,#2486);
#1923=LINE('',#10652,#2487);
#1924=LINE('',#10656,#2488);
#1925=LINE('',#10662,#2489);
#1926=LINE('',#10666,#2490);
#1927=LINE('',#10670,#2491);
#1928=LINE('',#10674,#2492);
#1929=LINE('',#10676,#2493);
#1930=LINE('',#10678,#2494);
#1931=LINE('',#10680,#2495);
#1932=LINE('',#10682,#2496);
#1933=LINE('',#10684,#2497);
#1934=LINE('',#10688,#2498);
#1935=LINE('',#10692,#2499);
#1936=LINE('',#10696,#2500);
#1937=LINE('',#10702,#2501);
#1938=LINE('',#10706,#2502);
#1939=LINE('',#10709,#2503);
#1940=LINE('',#10712,#2504);
#1941=LINE('',#10716,#2505);
#1942=LINE('',#10720,#2506);
#1943=LINE('',#10724,#2507);
#1944=LINE('',#10742,#2508);
#1945=LINE('',#10746,#2509);
#1946=LINE('',#10750,#2510);
#1947=LINE('',#10754,#2511);
#1948=LINE('',#10760,#2512);
#1949=LINE('',#10761,#2513);
#1950=LINE('',#10764,#2514);
#1951=LINE('',#10765,#2515);
#1952=LINE('',#10769,#2516);
#1953=LINE('',#10772,#2517);
#1954=LINE('',#10773,#2518);
#1955=LINE('',#10777,#2519);
#1956=LINE('',#10780,#2520);
#1957=LINE('',#10781,#2521);
#1958=LINE('',#10785,#2522);
#1959=LINE('',#10787,#2523);
#1960=LINE('',#10790,#2524);
#1961=LINE('',#10794,#2525);
#1962=LINE('',#10798,#2526);
#1963=LINE('',#10802,#2527);
#1964=LINE('',#10807,#2528);
#1965=LINE('',#10808,#2529);
#1966=LINE('',#10809,#2530);
#1967=LINE('',#10813,#2531);
#1968=LINE('',#10816,#2532);
#1969=LINE('',#10817,#2533);
#1970=LINE('',#10821,#2534);
#1971=LINE('',#10824,#2535);
#1972=LINE('',#10825,#2536);
#1973=LINE('',#10829,#2537);
#1974=LINE('',#10832,#2538);
#1975=LINE('',#10833,#2539);
#1976=LINE('',#10837,#2540);
#1977=LINE('',#10841,#2541);
#1978=LINE('',#10844,#2542);
#1979=LINE('',#10845,#2543);
#1980=LINE('',#10849,#2544);
#1981=LINE('',#10852,#2545);
#1982=LINE('',#10853,#2546);
#1983=LINE('',#10857,#2547);
#1984=LINE('',#10860,#2548);
#1985=LINE('',#10861,#2549);
#1986=LINE('',#10865,#2550);
#1987=LINE('',#10866,#2551);
#1988=LINE('',#10867,#2552);
#1989=LINE('',#10869,#2553);
#1990=LINE('',#10874,#2554);
#1991=LINE('',#10875,#2555);
#1992=LINE('',#10878,#2556);
#1993=LINE('',#10879,#2557);
#1994=LINE('',#10883,#2558);
#1995=LINE('',#10886,#2559);
#1996=LINE('',#10887,#2560);
#1997=LINE('',#10891,#2561);
#1998=LINE('',#10894,#2562);
#1999=LINE('',#10895,#2563);
#2000=LINE('',#10899,#2564);
#2001=LINE('',#10901,#2565);
#2002=LINE('',#10904,#2566);
#2003=LINE('',#10908,#2567);
#2004=LINE('',#10912,#2568);
#2005=LINE('',#10917,#2569);
#2006=LINE('',#10918,#2570);
#2007=LINE('',#10919,#2571);
#2008=LINE('',#10923,#2572);
#2009=LINE('',#10926,#2573);
#2010=LINE('',#10927,#2574);
#2011=LINE('',#10931,#2575);
#2012=LINE('',#10934,#2576);
#2013=LINE('',#10935,#2577);
#2014=LINE('',#10939,#2578);
#2015=LINE('',#10942,#2579);
#2016=LINE('',#10943,#2580);
#2017=LINE('',#10947,#2581);
#2018=LINE('',#10951,#2582);
#2019=LINE('',#10954,#2583);
#2020=LINE('',#10955,#2584);
#2021=LINE('',#10959,#2585);
#2022=LINE('',#10962,#2586);
#2023=LINE('',#10963,#2587);
#2024=LINE('',#10967,#2588);
#2025=LINE('',#10969,#2589);
#2026=LINE('',#10972,#2590);
#2027=LINE('',#10973,#2591);
#2028=LINE('',#10975,#2592);
#2029=VECTOR('',#7153,10.);
#2030=VECTOR('',#7154,10.);
#2031=VECTOR('',#7155,10.);
#2032=VECTOR('',#7156,10.);
#2033=VECTOR('',#7159,10.);
#2034=VECTOR('',#7160,10.);
#2035=VECTOR('',#7161,10.);
#2036=VECTOR('',#7164,10.);
#2037=VECTOR('',#7165,10.);
#2038=VECTOR('',#7166,10.);
#2039=VECTOR('',#7169,10.);
#2040=VECTOR('',#7170,10.);
#2041=VECTOR('',#7177,10.);
#2042=VECTOR('',#7178,10.);
#2043=VECTOR('',#7179,10.);
#2044=VECTOR('',#7180,10.);
#2045=VECTOR('',#7183,10.);
#2046=VECTOR('',#7184,10.);
#2047=VECTOR('',#7185,10.);
#2048=VECTOR('',#7188,10.);
#2049=VECTOR('',#7189,10.);
#2050=VECTOR('',#7190,10.);
#2051=VECTOR('',#7193,10.);
#2052=VECTOR('',#7194,10.);
#2053=VECTOR('',#7197,10.);
#2054=VECTOR('',#7198,10.);
#2055=VECTOR('',#7199,10.);
#2056=VECTOR('',#7200,10.);
#2057=VECTOR('',#7207,10.);
#2058=VECTOR('',#7210,10.);
#2059=VECTOR('',#7211,10.);
#2060=VECTOR('',#7212,10.);
#2061=VECTOR('',#7219,10.);
#2062=VECTOR('',#7222,10.);
#2063=VECTOR('',#7223,10.);
#2064=VECTOR('',#7224,10.);
#2065=VECTOR('',#7233,10.);
#2066=VECTOR('',#7234,10.);
#2067=VECTOR('',#7235,10.);
#2068=VECTOR('',#7236,10.);
#2069=VECTOR('',#7243,10.);
#2070=VECTOR('',#7246,10.);
#2071=VECTOR('',#7247,10.);
#2072=VECTOR('',#7248,10.);
#2073=VECTOR('',#7255,10.);
#2074=VECTOR('',#7258,10.);
#2075=VECTOR('',#7259,10.);
#2076=VECTOR('',#7260,10.);
#2077=VECTOR('',#7269,10.);
#2078=VECTOR('',#7270,10.);
#2079=VECTOR('',#7271,10.);
#2080=VECTOR('',#7272,10.);
#2081=VECTOR('',#7279,10.);
#2082=VECTOR('',#7282,10.);
#2083=VECTOR('',#7283,10.);
#2084=VECTOR('',#7284,10.);
#2085=VECTOR('',#7291,10.);
#2086=VECTOR('',#7294,10.);
#2087=VECTOR('',#7295,10.);
#2088=VECTOR('',#7296,10.);
#2089=VECTOR('',#7305,10.);
#2090=VECTOR('',#7306,10.);
#2091=VECTOR('',#7307,10.);
#2092=VECTOR('',#7308,10.);
#2093=VECTOR('',#7315,10.);
#2094=VECTOR('',#7318,10.);
#2095=VECTOR('',#7319,10.);
#2096=VECTOR('',#7320,10.);
#2097=VECTOR('',#7327,10.);
#2098=VECTOR('',#7330,10.);
#2099=VECTOR('',#7331,10.);
#2100=VECTOR('',#7332,10.);
#2101=VECTOR('',#7341,10.);
#2102=VECTOR('',#7342,10.);
#2103=VECTOR('',#7343,10.);
#2104=VECTOR('',#7344,10.);
#2105=VECTOR('',#7351,10.);
#2106=VECTOR('',#7354,10.);
#2107=VECTOR('',#7355,10.);
#2108=VECTOR('',#7356,10.);
#2109=VECTOR('',#7363,10.);
#2110=VECTOR('',#7366,10.);
#2111=VECTOR('',#7367,10.);
#2112=VECTOR('',#7368,10.);
#2113=VECTOR('',#7377,10.);
#2114=VECTOR('',#7378,10.);
#2115=VECTOR('',#7379,10.);
#2116=VECTOR('',#7380,10.);
#2117=VECTOR('',#7383,10.);
#2118=VECTOR('',#7384,10.);
#2119=VECTOR('',#7385,10.);
#2120=VECTOR('',#7388,10.);
#2121=VECTOR('',#7389,10.);
#2122=VECTOR('',#7390,10.);
#2123=VECTOR('',#7393,10.);
#2124=VECTOR('',#7394,10.);
#2125=VECTOR('',#7397,10.);
#2126=VECTOR('',#7398,10.);
#2127=VECTOR('',#7399,10.);
#2128=VECTOR('',#7400,10.);
#2129=VECTOR('',#7407,10.);
#2130=VECTOR('',#7410,10.);
#2131=VECTOR('',#7411,10.);
#2132=VECTOR('',#7412,10.);
#2133=VECTOR('',#7419,10.);
#2134=VECTOR('',#7422,10.);
#2135=VECTOR('',#7423,10.);
#2136=VECTOR('',#7424,10.);
#2137=VECTOR('',#7433,10.);
#2138=VECTOR('',#7434,10.);
#2139=VECTOR('',#7435,10.);
#2140=VECTOR('',#7436,10.);
#2141=VECTOR('',#7443,10.);
#2142=VECTOR('',#7446,10.);
#2143=VECTOR('',#7447,10.);
#2144=VECTOR('',#7448,10.);
#2145=VECTOR('',#7451,10.);
#2146=VECTOR('',#7452,10.);
#2147=VECTOR('',#7453,10.);
#2148=VECTOR('',#7454,10.);
#2149=VECTOR('',#7457,10.);
#2150=VECTOR('',#7458,10.);
#2151=VECTOR('',#7459,10.);
#2152=VECTOR('',#7460,10.);
#2153=VECTOR('',#7467,10.);
#2154=VECTOR('',#7470,10.);
#2155=VECTOR('',#7471,10.);
#2156=VECTOR('',#7472,10.);
#2157=VECTOR('',#7475,10.);
#2158=VECTOR('',#7476,10.);
#2159=VECTOR('',#7477,10.);
#2160=VECTOR('',#7478,10.);
#2161=VECTOR('',#7481,10.);
#2162=VECTOR('',#7482,10.);
#2163=VECTOR('',#7483,10.);
#2164=VECTOR('',#7484,10.);
#2165=VECTOR('',#7487,10.);
#2166=VECTOR('',#7490,10.);
#2167=VECTOR('',#7497,10.);
#2168=VECTOR('',#7502,10.);
#2169=VECTOR('',#7507,10.);
#2170=VECTOR('',#7514,10.);
#2171=VECTOR('',#7519,10.);
#2172=VECTOR('',#7520,10.);
#2173=VECTOR('',#7521,10.);
#2174=VECTOR('',#7526,10.);
#2175=VECTOR('',#7531,10.);
#2176=VECTOR('',#7536,10.);
#2177=VECTOR('',#7539,10.);
#2178=VECTOR('',#7540,10.);
#2179=VECTOR('',#7545,10.);
#2180=VECTOR('',#7548,10.);
#2181=VECTOR('',#7555,10.);
#2182=VECTOR('',#7562,10.);
#2183=VECTOR('',#7563,10.);
#2184=VECTOR('',#7566,10.);
#2185=VECTOR('',#7573,10.);
#2186=VECTOR('',#7576,10.);
#2187=VECTOR('',#7577,10.);
#2188=VECTOR('',#7580,10.);
#2189=VECTOR('',#7583,10.);
#2190=VECTOR('',#7586,10.);
#2191=VECTOR('',#7589,10.);
#2192=VECTOR('',#7592,10.);
#2193=VECTOR('',#7595,10.);
#2194=VECTOR('',#7598,10.);
#2195=VECTOR('',#7603,10.);
#2196=VECTOR('',#7604,10.);
#2197=VECTOR('',#7605,10.);
#2198=VECTOR('',#7606,10.);
#2199=VECTOR('',#7613,10.);
#2200=VECTOR('',#7620,10.);
#2201=VECTOR('',#7627,10.);
#2202=VECTOR('',#7630,10.);
#2203=VECTOR('',#7631,10.);
#2204=VECTOR('',#7632,10.);
#2205=VECTOR('',#7639,10.);
#2206=VECTOR('',#7644,10.);
#2207=VECTOR('',#7653,10.);
#2208=VECTOR('',#7656,10.);
#2209=VECTOR('',#7659,10.);
#2210=VECTOR('',#7666,10.);
#2211=VECTOR('',#7671,10.);
#2212=VECTOR('',#7676,10.);
#2213=VECTOR('',#7683,10.);
#2214=VECTOR('',#7686,10.);
#2215=VECTOR('',#7687,10.);
#2216=VECTOR('',#7692,10.);
#2217=VECTOR('',#7693,10.);
#2218=VECTOR('',#7696,10.);
#2219=VECTOR('',#7699,10.);
#2220=VECTOR('',#7702,10.);
#2221=VECTOR('',#7705,10.);
#2222=VECTOR('',#7708,10.);
#2223=VECTOR('',#7711,10.);
#2224=VECTOR('',#7716,10.);
#2225=VECTOR('',#7727,4.);
#2226=VECTOR('',#7730,10.);
#2227=VECTOR('',#7733,10.);
#2228=VECTOR('',#7738,10.);
#2229=VECTOR('',#7743,4.);
#2230=VECTOR('',#7746,10.);
#2231=VECTOR('',#7751,10.);
#2232=VECTOR('',#7754,10.);
#2233=VECTOR('',#7757,10.);
#2234=VECTOR('',#7760,10.);
#2235=VECTOR('',#7763,10.);
#2236=VECTOR('',#7764,10.);
#2237=VECTOR('',#7767,10.);
#2238=VECTOR('',#7770,10.);
#2239=VECTOR('',#7773,10.);
#2240=VECTOR('',#7776,10.);
#2241=VECTOR('',#7783,10.);
#2242=VECTOR('',#7786,10.);
#2243=VECTOR('',#7789,10.);
#2244=VECTOR('',#7792,10.);
#2245=VECTOR('',#7795,10.);
#2246=VECTOR('',#7798,10.);
#2247=VECTOR('',#7807,1.90000000000001);
#2248=VECTOR('',#7812,1.9);
#2249=VECTOR('',#7817,10.);
#2250=VECTOR('',#7818,10.);
#2251=VECTOR('',#7819,10.);
#2252=VECTOR('',#7824,10.);
#2253=VECTOR('',#7827,10.);
#2254=VECTOR('',#7828,10.);
#2255=VECTOR('',#7833,10.);
#2256=VECTOR('',#7836,10.);
#2257=VECTOR('',#7837,10.);
#2258=VECTOR('',#7844,10.);
#2259=VECTOR('',#7845,10.);
#2260=VECTOR('',#7846,10.);
#2261=VECTOR('',#7851,10.);
#2262=VECTOR('',#7854,10.);
#2263=VECTOR('',#7855,10.);
#2264=VECTOR('',#7860,10.);
#2265=VECTOR('',#7863,10.);
#2266=VECTOR('',#7864,10.);
#2267=VECTOR('',#7871,1.90000000000001);
#2268=VECTOR('',#7876,1.90000000000001);
#2269=VECTOR('',#7881,10.);
#2270=VECTOR('',#7882,10.);
#2271=VECTOR('',#7883,10.);
#2272=VECTOR('',#7888,10.);
#2273=VECTOR('',#7891,10.);
#2274=VECTOR('',#7892,10.);
#2275=VECTOR('',#7897,10.);
#2276=VECTOR('',#7900,10.);
#2277=VECTOR('',#7901,10.);
#2278=VECTOR('',#7908,10.);
#2279=VECTOR('',#7909,10.);
#2280=VECTOR('',#7910,10.);
#2281=VECTOR('',#7915,10.);
#2282=VECTOR('',#7918,10.);
#2283=VECTOR('',#7919,10.);
#2284=VECTOR('',#7922,10.);
#2285=VECTOR('',#7923,10.);
#2286=VECTOR('',#7936,1.6);
#2287=VECTOR('',#7943,1.6);
#2288=VECTOR('',#7950,1.6);
#2289=VECTOR('',#7957,1.6);
#2290=VECTOR('',#7964,4.);
#2291=VECTOR('',#7967,10.);
#2292=VECTOR('',#7972,10.);
#2293=VECTOR('',#7977,10.);
#2294=VECTOR('',#7982,10.);
#2295=VECTOR('',#7987,4.);
#2296=VECTOR('',#7988,10.);
#2297=VECTOR('',#7991,10.);
#2298=VECTOR('',#7996,10.);
#2299=VECTOR('',#8003,10.);
#2300=VECTOR('',#8006,10.);
#2301=VECTOR('',#8009,10.);
#2302=VECTOR('',#8014,10.);
#2303=VECTOR('',#8017,10.);
#2304=VECTOR('',#8020,10.);
#2305=VECTOR('',#8025,10.);
#2306=VECTOR('',#8028,10.);
#2307=VECTOR('',#8031,10.);
#2308=VECTOR('',#8034,10.);
#2309=VECTOR('',#8037,10.);
#2310=VECTOR('',#8040,10.);
#2311=VECTOR('',#8043,1.90000000000001);
#2312=VECTOR('',#8048,1.90000000000001);
#2313=VECTOR('',#8053,10.);
#2314=VECTOR('',#8054,10.);
#2315=VECTOR('',#8055,10.);
#2316=VECTOR('',#8060,10.);
#2317=VECTOR('',#8063,10.);
#2318=VECTOR('',#8064,10.);
#2319=VECTOR('',#8069,10.);
#2320=VECTOR('',#8072,10.);
#2321=VECTOR('',#8073,10.);
#2322=VECTOR('',#8080,1.9);
#2323=VECTOR('',#8085,10.);
#2324=VECTOR('',#8086,10.);
#2325=VECTOR('',#8087,10.);
#2326=VECTOR('',#8092,10.);
#2327=VECTOR('',#8095,10.);
#2328=VECTOR('',#8096,10.);
#2329=VECTOR('',#8101,10.);
#2330=VECTOR('',#8104,10.);
#2331=VECTOR('',#8105,10.);
#2332=VECTOR('',#8112,1.9);
#2333=VECTOR('',#8117,10.);
#2334=VECTOR('',#8118,10.);
#2335=VECTOR('',#8119,10.);
#2336=VECTOR('',#8124,10.);
#2337=VECTOR('',#8127,10.);
#2338=VECTOR('',#8128,10.);
#2339=VECTOR('',#8133,10.);
#2340=VECTOR('',#8136,10.);
#2341=VECTOR('',#8137,10.);
#2342=VECTOR('',#8144,10.);
#2343=VECTOR('',#8145,10.);
#2344=VECTOR('',#8146,10.);
#2345=VECTOR('',#8151,10.);
#2346=VECTOR('',#8154,10.);
#2347=VECTOR('',#8155,10.);
#2348=VECTOR('',#8160,10.);
#2349=VECTOR('',#8163,10.);
#2350=VECTOR('',#8164,10.);
#2351=VECTOR('',#8171,10.);
#2352=VECTOR('',#8178,1.6);
#2353=VECTOR('',#8185,1.6);
#2354=VECTOR('',#8192,1.6);
#2355=VECTOR('',#8199,1.6);
#2356=VECTOR('',#8204,10.);
#2357=VECTOR('',#8205,10.);
#2358=VECTOR('',#8206,10.);
#2359=VECTOR('',#8207,10.);
#2360=VECTOR('',#8210,10.);
#2361=VECTOR('',#8211,10.);
#2362=VECTOR('',#8212,10.);
#2363=VECTOR('',#8215,10.);
#2364=VECTOR('',#8216,10.);
#2365=VECTOR('',#8217,10.);
#2366=VECTOR('',#8220,10.);
#2367=VECTOR('',#8221,10.);
#2368=VECTOR('',#8232,10.);
#2369=VECTOR('',#8235,10.);
#2370=VECTOR('',#8238,10.);
#2371=VECTOR('',#8239,10.);
#2372=VECTOR('',#8242,10.);
#2373=VECTOR('',#8245,10.);
#2374=VECTOR('',#8250,10.);
#2375=VECTOR('',#8251,10.);
#2376=VECTOR('',#8254,10.);
#2377=VECTOR('',#8259,10.);
#2378=VECTOR('',#8262,10.);
#2379=VECTOR('',#8265,10.);
#2380=VECTOR('',#8268,10.);
#2381=VECTOR('',#8269,10.);
#2382=VECTOR('',#8272,10.);
#2383=VECTOR('',#8273,10.);
#2384=VECTOR('',#8274,10.);
#2385=VECTOR('',#8275,10.);
#2386=VECTOR('',#8278,10.);
#2387=VECTOR('',#8283,10.);
#2388=VECTOR('',#8286,10.);
#2389=VECTOR('',#8289,10.);
#2390=VECTOR('',#8292,10.);
#2391=VECTOR('',#8295,10.);
#2392=VECTOR('',#8298,10.);
#2393=VECTOR('',#8303,10.);
#2394=VECTOR('',#8304,10.);
#2395=VECTOR('',#8307,1.9);
#2396=VECTOR('',#8314,1.9);
#2397=VECTOR('',#8319,10.);
#2398=VECTOR('',#8320,10.);
#2399=VECTOR('',#8321,10.);
#2400=VECTOR('',#8324,10.);
#2401=VECTOR('',#8329,10.);
#2402=VECTOR('',#8338,10.);
#2403=VECTOR('',#8345,10.);
#2404=VECTOR('',#8354,10.);
#2405=VECTOR('',#8359,10.);
#2406=VECTOR('',#8368,10.);
#2407=VECTOR('',#8371,10.);
#2408=VECTOR('',#8374,10.);
#2409=VECTOR('',#8375,10.);
#2410=VECTOR('',#8378,10.);
#2411=VECTOR('',#8381,10.);
#2412=VECTOR('',#8386,10.);
#2413=VECTOR('',#8387,10.);
#2414=VECTOR('',#8390,10.);
#2415=VECTOR('',#8395,10.);
#2416=VECTOR('',#8398,10.);
#2417=VECTOR('',#8401,10.);
#2418=VECTOR('',#8404,10.);
#2419=VECTOR('',#8405,10.);
#2420=VECTOR('',#8408,10.);
#2421=VECTOR('',#8409,10.);
#2422=VECTOR('',#8410,10.);
#2423=VECTOR('',#8411,10.);
#2424=VECTOR('',#8414,10.);
#2425=VECTOR('',#8419,10.);
#2426=VECTOR('',#8422,10.);
#2427=VECTOR('',#8425,10.);
#2428=VECTOR('',#8428,10.);
#2429=VECTOR('',#8431,10.);
#2430=VECTOR('',#8434,10.);
#2431=VECTOR('',#8439,10.);
#2432=VECTOR('',#8440,10.);
#2433=VECTOR('',#8443,1.9);
#2434=VECTOR('',#8450,1.9);
#2435=VECTOR('',#8455,10.);
#2436=VECTOR('',#8456,10.);
#2437=VECTOR('',#8457,10.);
#2438=VECTOR('',#8460,10.);
#2439=VECTOR('',#8465,10.);
#2440=VECTOR('',#8474,10.);
#2441=VECTOR('',#8481,10.);
#2442=VECTOR('',#8490,10.);
#2443=VECTOR('',#8495,10.);
#2444=VECTOR('',#8504,10.);
#2445=VECTOR('',#8507,10.);
#2446=VECTOR('',#8510,10.);
#2447=VECTOR('',#8513,10.);
#2448=VECTOR('',#8514,10.);
#2449=VECTOR('',#8517,10.);
#2450=VECTOR('',#8520,10.);
#2451=VECTOR('',#8521,10.);
#2452=VECTOR('',#8526,10.);
#2453=VECTOR('',#8531,10.);
#2454=VECTOR('',#8534,10.);
#2455=VECTOR('',#8537,10.);
#2456=VECTOR('',#8538,10.);
#2457=VECTOR('',#8541,10.);
#2458=VECTOR('',#8544,10.);
#2459=VECTOR('',#8547,10.);
#2460=VECTOR('',#8548,10.);
#2461=VECTOR('',#8549,10.);
#2462=VECTOR('',#8550,10.);
#2463=VECTOR('',#8555,10.);
#2464=VECTOR('',#8558,10.);
#2465=VECTOR('',#8561,10.);
#2466=VECTOR('',#8564,10.);
#2467=VECTOR('',#8567,10.);
#2468=VECTOR('',#8570,10.);
#2469=VECTOR('',#8573,10.);
#2470=VECTOR('',#8574,10.);
#2471=VECTOR('',#8579,1.9);
#2472=VECTOR('',#8586,1.9);
#2473=VECTOR('',#8591,10.);
#2474=VECTOR('',#8592,10.);
#2475=VECTOR('',#8593,10.);
#2476=VECTOR('',#8596,10.);
#2477=VECTOR('',#8601,10.);
#2478=VECTOR('',#8608,10.);
#2479=VECTOR('',#8615,10.);
#2480=VECTOR('',#8628,10.);
#2481=VECTOR('',#8631,10.);
#2482=VECTOR('',#8646,4.25);
#2483=VECTOR('',#8657,4.25000000000001);
#2484=VECTOR('',#8668,4.25);
#2485=VECTOR('',#8679,4.25000000000001);
#2486=VECTOR('',#8684,10.);
#2487=VECTOR('',#8687,10.);
#2488=VECTOR('',#8690,10.);
#2489=VECTOR('',#8695,10.);
#2490=VECTOR('',#8698,10.);
#2491=VECTOR('',#8701,10.);
#2492=VECTOR('',#8704,10.);
#2493=VECTOR('',#8705,10.);
#2494=VECTOR('',#8706,10.);
#2495=VECTOR('',#8707,10.);
#2496=VECTOR('',#8708,10.);
#2497=VECTOR('',#8709,10.);
#2498=VECTOR('',#8712,10.);
#2499=VECTOR('',#8715,10.);
#2500=VECTOR('',#8718,10.);
#2501=VECTOR('',#8723,10.);
#2502=VECTOR('',#8726,10.);
#2503=VECTOR('',#8729,10.);
#2504=VECTOR('',#8730,10.);
#2505=VECTOR('',#8733,10.);
#2506=VECTOR('',#8736,10.);
#2507=VECTOR('',#8739,10.);
#2508=VECTOR('',#8756,10.);
#2509=VECTOR('',#8759,10.);
#2510=VECTOR('',#8762,10.);
#2511=VECTOR('',#8765,10.);
#2512=VECTOR('',#8772,10.);
#2513=VECTOR('',#8773,10.);
#2514=VECTOR('',#8776,10.);
#2515=VECTOR('',#8777,10.);
#2516=VECTOR('',#8782,10.);
#2517=VECTOR('',#8785,10.);
#2518=VECTOR('',#8786,10.);
#2519=VECTOR('',#8791,10.);
#2520=VECTOR('',#8794,10.);
#2521=VECTOR('',#8795,10.);
#2522=VECTOR('',#8800,10.);
#2523=VECTOR('',#8803,10.);
#2524=VECTOR('',#8806,1.5);
#2525=VECTOR('',#8811,4.25);
#2526=VECTOR('',#8816,4.25);
#2527=VECTOR('',#8821,1.5);
#2528=VECTOR('',#8826,10.);
#2529=VECTOR('',#8827,10.);
#2530=VECTOR('',#8828,10.);
#2531=VECTOR('',#8833,10.);
#2532=VECTOR('',#8836,10.);
#2533=VECTOR('',#8837,10.);
#2534=VECTOR('',#8842,10.);
#2535=VECTOR('',#8845,10.);
#2536=VECTOR('',#8846,10.);
#2537=VECTOR('',#8851,10.);
#2538=VECTOR('',#8854,10.);
#2539=VECTOR('',#8855,10.);
#2540=VECTOR('',#8860,10.);
#2541=VECTOR('',#8865,10.);
#2542=VECTOR('',#8868,10.);
#2543=VECTOR('',#8869,10.);
#2544=VECTOR('',#8874,10.);
#2545=VECTOR('',#8877,10.);
#2546=VECTOR('',#8878,10.);
#2547=VECTOR('',#8883,10.);
#2548=VECTOR('',#8886,10.);
#2549=VECTOR('',#8887,10.);
#2550=VECTOR('',#8890,10.);
#2551=VECTOR('',#8891,10.);
#2552=VECTOR('',#8892,10.);
#2553=VECTOR('',#8895,10.);
#2554=VECTOR('',#8900,10.);
#2555=VECTOR('',#8901,10.);
#2556=VECTOR('',#8904,10.);
#2557=VECTOR('',#8905,10.);
#2558=VECTOR('',#8910,10.);
#2559=VECTOR('',#8913,10.);
#2560=VECTOR('',#8914,10.);
#2561=VECTOR('',#8919,10.);
#2562=VECTOR('',#8922,10.);
#2563=VECTOR('',#8923,10.);
#2564=VECTOR('',#8928,10.);
#2565=VECTOR('',#8931,10.);
#2566=VECTOR('',#8934,1.5);
#2567=VECTOR('',#8939,4.25);
#2568=VECTOR('',#8944,1.5);
#2569=VECTOR('',#8949,10.);
#2570=VECTOR('',#8950,10.);
#2571=VECTOR('',#8951,10.);
#2572=VECTOR('',#8956,10.);
#2573=VECTOR('',#8959,10.);
#2574=VECTOR('',#8960,10.);
#2575=VECTOR('',#8965,10.);
#2576=VECTOR('',#8968,10.);
#2577=VECTOR('',#8969,10.);
#2578=VECTOR('',#8974,10.);
#2579=VECTOR('',#8977,10.);
#2580=VECTOR('',#8978,10.);
#2581=VECTOR('',#8983,10.);
#2582=VECTOR('',#8988,10.);
#2583=VECTOR('',#8991,10.);
#2584=VECTOR('',#8992,10.);
#2585=VECTOR('',#8997,10.);
#2586=VECTOR('',#9000,10.);
#2587=VECTOR('',#9001,10.);
#2588=VECTOR('',#9006,10.);
#2589=VECTOR('',#9009,10.);
#2590=VECTOR('',#9012,10.);
#2591=VECTOR('',#9013,10.);
#2592=VECTOR('',#9016,10.);
#2593=VERTEX_POINT('',#9076);
#2594=VERTEX_POINT('',#9077);
#2595=VERTEX_POINT('',#9079);
#2596=VERTEX_POINT('',#9081);
#2597=VERTEX_POINT('',#9085);
#2598=VERTEX_POINT('',#9087);
#2599=VERTEX_POINT('',#9091);
#2600=VERTEX_POINT('',#9093);
#2601=VERTEX_POINT('',#9102);
#2602=VERTEX_POINT('',#9103);
#2603=VERTEX_POINT('',#9105);
#2604=VERTEX_POINT('',#9107);
#2605=VERTEX_POINT('',#9111);
#2606=VERTEX_POINT('',#9113);
#2607=VERTEX_POINT('',#9117);
#2608=VERTEX_POINT('',#9119);
#2609=VERTEX_POINT('',#9126);
#2610=VERTEX_POINT('',#9127);
#2611=VERTEX_POINT('',#9129);
#2612=VERTEX_POINT('',#9131);
#2613=VERTEX_POINT('',#9135);
#2614=VERTEX_POINT('',#9137);
#2615=VERTEX_POINT('',#9141);
#2616=VERTEX_POINT('',#9143);
#2617=VERTEX_POINT('',#9147);
#2618=VERTEX_POINT('',#9149);
#2619=VERTEX_POINT('',#9153);
#2620=VERTEX_POINT('',#9155);
#2621=VERTEX_POINT('',#9162);
#2622=VERTEX_POINT('',#9163);
#2623=VERTEX_POINT('',#9165);
#2624=VERTEX_POINT('',#9167);
#2625=VERTEX_POINT('',#9171);
#2626=VERTEX_POINT('',#9173);
#2627=VERTEX_POINT('',#9177);
#2628=VERTEX_POINT('',#9179);
#2629=VERTEX_POINT('',#9183);
#2630=VERTEX_POINT('',#9185);
#2631=VERTEX_POINT('',#9189);
#2632=VERTEX_POINT('',#9191);
#2633=VERTEX_POINT('',#9198);
#2634=VERTEX_POINT('',#9199);
#2635=VERTEX_POINT('',#9201);
#2636=VERTEX_POINT('',#9203);
#2637=VERTEX_POINT('',#9207);
#2638=VERTEX_POINT('',#9209);
#2639=VERTEX_POINT('',#9213);
#2640=VERTEX_POINT('',#9215);
#2641=VERTEX_POINT('',#9219);
#2642=VERTEX_POINT('',#9221);
#2643=VERTEX_POINT('',#9225);
#2644=VERTEX_POINT('',#9227);
#2645=VERTEX_POINT('',#9234);
#2646=VERTEX_POINT('',#9235);
#2647=VERTEX_POINT('',#9237);
#2648=VERTEX_POINT('',#9239);
#2649=VERTEX_POINT('',#9243);
#2650=VERTEX_POINT('',#9245);
#2651=VERTEX_POINT('',#9249);
#2652=VERTEX_POINT('',#9251);
#2653=VERTEX_POINT('',#9255);
#2654=VERTEX_POINT('',#9257);
#2655=VERTEX_POINT('',#9261);
#2656=VERTEX_POINT('',#9263);
#2657=VERTEX_POINT('',#9270);
#2658=VERTEX_POINT('',#9271);
#2659=VERTEX_POINT('',#9273);
#2660=VERTEX_POINT('',#9275);
#2661=VERTEX_POINT('',#9279);
#2662=VERTEX_POINT('',#9281);
#2663=VERTEX_POINT('',#9285);
#2664=VERTEX_POINT('',#9287);
#2665=VERTEX_POINT('',#9291);
#2666=VERTEX_POINT('',#9293);
#2667=VERTEX_POINT('',#9297);
#2668=VERTEX_POINT('',#9299);
#2669=VERTEX_POINT('',#9306);
#2670=VERTEX_POINT('',#9307);
#2671=VERTEX_POINT('',#9309);
#2672=VERTEX_POINT('',#9311);
#2673=VERTEX_POINT('',#9315);
#2674=VERTEX_POINT('',#9317);
#2675=VERTEX_POINT('',#9321);
#2676=VERTEX_POINT('',#9323);
#2677=VERTEX_POINT('',#9330);
#2678=VERTEX_POINT('',#9331);
#2679=VERTEX_POINT('',#9333);
#2680=VERTEX_POINT('',#9335);
#2681=VERTEX_POINT('',#9339);
#2682=VERTEX_POINT('',#9341);
#2683=VERTEX_POINT('',#9345);
#2684=VERTEX_POINT('',#9347);
#2685=VERTEX_POINT('',#9351);
#2686=VERTEX_POINT('',#9353);
#2687=VERTEX_POINT('',#9357);
#2688=VERTEX_POINT('',#9359);
#2689=VERTEX_POINT('',#9366);
#2690=VERTEX_POINT('',#9367);
#2691=VERTEX_POINT('',#9369);
#2692=VERTEX_POINT('',#9371);
#2693=VERTEX_POINT('',#9375);
#2694=VERTEX_POINT('',#9377);
#2695=VERTEX_POINT('',#9381);
#2696=VERTEX_POINT('',#9383);
#2697=VERTEX_POINT('',#9387);
#2698=VERTEX_POINT('',#9388);
#2699=VERTEX_POINT('',#9390);
#2700=VERTEX_POINT('',#9392);
#2701=VERTEX_POINT('',#9396);
#2702=VERTEX_POINT('',#9397);
#2703=VERTEX_POINT('',#9399);
#2704=VERTEX_POINT('',#9401);
#2705=VERTEX_POINT('',#9405);
#2706=VERTEX_POINT('',#9407);
#2707=VERTEX_POINT('',#9411);
#2708=VERTEX_POINT('',#9413);
#2709=VERTEX_POINT('',#9417);
#2710=VERTEX_POINT('',#9418);
#2711=VERTEX_POINT('',#9420);
#2712=VERTEX_POINT('',#9422);
#2713=VERTEX_POINT('',#9432);
#2714=VERTEX_POINT('',#9434);
#2715=VERTEX_POINT('',#9436);
#2716=VERTEX_POINT('',#9438);
#2717=VERTEX_POINT('',#9440);
#2718=VERTEX_POINT('',#9442);
#2719=VERTEX_POINT('',#9444);
#2720=VERTEX_POINT('',#9446);
#2721=VERTEX_POINT('',#9448);
#2722=VERTEX_POINT('',#9450);
#2723=VERTEX_POINT('',#9452);
#2724=VERTEX_POINT('',#9454);
#2725=VERTEX_POINT('',#9456);
#2726=VERTEX_POINT('',#9458);
#2727=VERTEX_POINT('',#9460);
#2728=VERTEX_POINT('',#9462);
#2729=VERTEX_POINT('',#9466);
#2730=VERTEX_POINT('',#9468);
#2731=VERTEX_POINT('',#9472);
#2732=VERTEX_POINT('',#9476);
#2733=VERTEX_POINT('',#9480);
#2734=VERTEX_POINT('',#9484);
#2735=VERTEX_POINT('',#9488);
#2736=VERTEX_POINT('',#9492);
#2737=VERTEX_POINT('',#9496);
#2738=VERTEX_POINT('',#9500);
#2739=VERTEX_POINT('',#9501);
#2740=VERTEX_POINT('',#9503);
#2741=VERTEX_POINT('',#9506);
#2742=VERTEX_POINT('',#9508);
#2743=VERTEX_POINT('',#9510);
#2744=VERTEX_POINT('',#9512);
#2745=VERTEX_POINT('',#9514);
#2746=VERTEX_POINT('',#9516);
#2747=VERTEX_POINT('',#9538);
#2748=VERTEX_POINT('',#9539);
#2749=VERTEX_POINT('',#9541);
#2750=VERTEX_POINT('',#9543);
#2751=VERTEX_POINT('',#9547);
#2752=VERTEX_POINT('',#9549);
#2753=VERTEX_POINT('',#9553);
#2754=VERTEX_POINT('',#9555);
#2755=VERTEX_POINT('',#9559);
#2756=VERTEX_POINT('',#9561);
#2757=VERTEX_POINT('',#9565);
#2758=VERTEX_POINT('',#9567);
#2759=VERTEX_POINT('',#9571);
#2760=VERTEX_POINT('',#9573);
#2761=VERTEX_POINT('',#9577);
#2762=VERTEX_POINT('',#9582);
#2763=VERTEX_POINT('',#9584);
#2764=VERTEX_POINT('',#9589);
#2765=VERTEX_POINT('',#9591);
#2766=VERTEX_POINT('',#9593);
#2767=VERTEX_POINT('',#9595);
#2768=VERTEX_POINT('',#9597);
#2769=VERTEX_POINT('',#9599);
#2770=VERTEX_POINT('',#9601);
#2771=VERTEX_POINT('',#9603);
#2772=VERTEX_POINT('',#9607);
#2773=VERTEX_POINT('',#9608);
#2774=VERTEX_POINT('',#9610);
#2775=VERTEX_POINT('',#9612);
#2776=VERTEX_POINT('',#9614);
#2777=VERTEX_POINT('',#9616);
#2778=VERTEX_POINT('',#9618);
#2779=VERTEX_POINT('',#9620);
#2780=VERTEX_POINT('',#9623);
#2781=VERTEX_POINT('',#9648);
#2782=VERTEX_POINT('',#9649);
#2783=VERTEX_POINT('',#9651);
#2784=VERTEX_POINT('',#9653);
#2785=VERTEX_POINT('',#9657);
#2786=VERTEX_POINT('',#9659);
#2787=VERTEX_POINT('',#9661);
#2788=VERTEX_POINT('',#9663);
#2789=VERTEX_POINT('',#9667);
#2790=VERTEX_POINT('',#9669);
#2791=VERTEX_POINT('',#9673);
#2792=VERTEX_POINT('',#9675);
#2793=VERTEX_POINT('',#9683);
#2794=VERTEX_POINT('',#9684);
#2795=VERTEX_POINT('',#9686);
#2796=VERTEX_POINT('',#9688);
#2797=VERTEX_POINT('',#9690);
#2798=VERTEX_POINT('',#9693);
#2799=VERTEX_POINT('',#9694);
#2800=VERTEX_POINT('',#9696);
#2801=VERTEX_POINT('',#9698);
#2802=VERTEX_POINT('',#9700);
#2803=VERTEX_POINT('',#9702);
#2804=VERTEX_POINT('',#9705);
#2805=VERTEX_POINT('',#9707);
#2806=VERTEX_POINT('',#9709);
#2807=VERTEX_POINT('',#9710);
#2808=VERTEX_POINT('',#9712);
#2809=VERTEX_POINT('',#9714);
#2810=VERTEX_POINT('',#9716);
#2811=VERTEX_POINT('',#9718);
#2812=VERTEX_POINT('',#9721);
#2813=VERTEX_POINT('',#9722);
#2814=VERTEX_POINT('',#9724);
#2815=VERTEX_POINT('',#9726);
#2816=VERTEX_POINT('',#9728);
#2817=VERTEX_POINT('',#9730);
#2818=VERTEX_POINT('',#9733);
#2819=VERTEX_POINT('',#9735);
#2820=VERTEX_POINT('',#9739);
#2821=VERTEX_POINT('',#9743);
#2822=VERTEX_POINT('',#9747);
#2823=VERTEX_POINT('',#9748);
#2824=VERTEX_POINT('',#9753);
#2825=VERTEX_POINT('',#9757);
#2826=VERTEX_POINT('',#9761);
#2827=VERTEX_POINT('',#9765);
#2828=VERTEX_POINT('',#9771);
#2829=VERTEX_POINT('',#9772);
#2830=VERTEX_POINT('',#9777);
#2831=VERTEX_POINT('',#9781);
#2832=VERTEX_POINT('',#9785);
#2833=VERTEX_POINT('',#9789);
#2834=VERTEX_POINT('',#9795);
#2835=VERTEX_POINT('',#9799);
#2836=VERTEX_POINT('',#9803);
#2837=VERTEX_POINT('',#9804);
#2838=VERTEX_POINT('',#9809);
#2839=VERTEX_POINT('',#9813);
#2840=VERTEX_POINT('',#9817);
#2841=VERTEX_POINT('',#9821);
#2842=VERTEX_POINT('',#9827);
#2843=VERTEX_POINT('',#9828);
#2844=VERTEX_POINT('',#9833);
#2845=VERTEX_POINT('',#9837);
#2846=VERTEX_POINT('',#9841);
#2847=VERTEX_POINT('',#9849);
#2848=VERTEX_POINT('',#9851);
#2849=VERTEX_POINT('',#9855);
#2850=VERTEX_POINT('',#9857);
#2851=VERTEX_POINT('',#9861);
#2852=VERTEX_POINT('',#9863);
#2853=VERTEX_POINT('',#9867);
#2854=VERTEX_POINT('',#9869);
#2855=VERTEX_POINT('',#9873);
#2856=VERTEX_POINT('',#9874);
#2857=VERTEX_POINT('',#9876);
#2858=VERTEX_POINT('',#9878);
#2859=VERTEX_POINT('',#9882);
#2860=VERTEX_POINT('',#9884);
#2861=VERTEX_POINT('',#9886);
#2862=VERTEX_POINT('',#9888);
#2863=VERTEX_POINT('',#9892);
#2864=VERTEX_POINT('',#9896);
#2865=VERTEX_POINT('',#9897);
#2866=VERTEX_POINT('',#9902);
#2867=VERTEX_POINT('',#9907);
#2868=VERTEX_POINT('',#9909);
#2869=VERTEX_POINT('',#9911);
#2870=VERTEX_POINT('',#9912);
#2871=VERTEX_POINT('',#9914);
#2872=VERTEX_POINT('',#9916);
#2873=VERTEX_POINT('',#9918);
#2874=VERTEX_POINT('',#9920);
#2875=VERTEX_POINT('',#9923);
#2876=VERTEX_POINT('',#9925);
#2877=VERTEX_POINT('',#9926);
#2878=VERTEX_POINT('',#9928);
#2879=VERTEX_POINT('',#9930);
#2880=VERTEX_POINT('',#9932);
#2881=VERTEX_POINT('',#9934);
#2882=VERTEX_POINT('',#9937);
#2883=VERTEX_POINT('',#9939);
#2884=VERTEX_POINT('',#9940);
#2885=VERTEX_POINT('',#9942);
#2886=VERTEX_POINT('',#9944);
#2887=VERTEX_POINT('',#9946);
#2888=VERTEX_POINT('',#9948);
#2889=VERTEX_POINT('',#9951);
#2890=VERTEX_POINT('',#9952);
#2891=VERTEX_POINT('',#9954);
#2892=VERTEX_POINT('',#9956);
#2893=VERTEX_POINT('',#9958);
#2894=VERTEX_POINT('',#9960);
#2895=VERTEX_POINT('',#9964);
#2896=VERTEX_POINT('',#9968);
#2897=VERTEX_POINT('',#9972);
#2898=VERTEX_POINT('',#9973);
#2899=VERTEX_POINT('',#9978);
#2900=VERTEX_POINT('',#9982);
#2901=VERTEX_POINT('',#9986);
#2902=VERTEX_POINT('',#9990);
#2903=VERTEX_POINT('',#9996);
#2904=VERTEX_POINT('',#10000);
#2905=VERTEX_POINT('',#10001);
#2906=VERTEX_POINT('',#10006);
#2907=VERTEX_POINT('',#10010);
#2908=VERTEX_POINT('',#10014);
#2909=VERTEX_POINT('',#10018);
#2910=VERTEX_POINT('',#10024);
#2911=VERTEX_POINT('',#10028);
#2912=VERTEX_POINT('',#10029);
#2913=VERTEX_POINT('',#10034);
#2914=VERTEX_POINT('',#10038);
#2915=VERTEX_POINT('',#10042);
#2916=VERTEX_POINT('',#10046);
#2917=VERTEX_POINT('',#10052);
#2918=VERTEX_POINT('',#10053);
#2919=VERTEX_POINT('',#10058);
#2920=VERTEX_POINT('',#10062);
#2921=VERTEX_POINT('',#10066);
#2922=VERTEX_POINT('',#10070);
#2923=VERTEX_POINT('',#10079);
#2924=VERTEX_POINT('',#10081);
#2925=VERTEX_POINT('',#10085);
#2926=VERTEX_POINT('',#10087);
#2927=VERTEX_POINT('',#10091);
#2928=VERTEX_POINT('',#10093);
#2929=VERTEX_POINT('',#10097);
#2930=VERTEX_POINT('',#10099);
#2931=VERTEX_POINT('',#10103);
#2932=VERTEX_POINT('',#10104);
#2933=VERTEX_POINT('',#10106);
#2934=VERTEX_POINT('',#10108);
#2935=VERTEX_POINT('',#10112);
#2936=VERTEX_POINT('',#10114);
#2937=VERTEX_POINT('',#10118);
#2938=VERTEX_POINT('',#10120);
#2939=VERTEX_POINT('',#10130);
#2940=VERTEX_POINT('',#10131);
#2941=VERTEX_POINT('',#10133);
#2942=VERTEX_POINT('',#10135);
#2943=VERTEX_POINT('',#10139);
#2944=VERTEX_POINT('',#10141);
#2945=VERTEX_POINT('',#10143);
#2946=VERTEX_POINT('',#10147);
#2947=VERTEX_POINT('',#10149);
#2948=VERTEX_POINT('',#10151);
#2949=VERTEX_POINT('',#10153);
#2950=VERTEX_POINT('',#10155);
#2951=VERTEX_POINT('',#10157);
#2952=VERTEX_POINT('',#10161);
#2953=VERTEX_POINT('',#10162);
#2954=VERTEX_POINT('',#10164);
#2955=VERTEX_POINT('',#10166);
#2956=VERTEX_POINT('',#10170);
#2957=VERTEX_POINT('',#10172);
#2958=VERTEX_POINT('',#10174);
#2959=VERTEX_POINT('',#10178);
#2960=VERTEX_POINT('',#10180);
#2961=VERTEX_POINT('',#10182);
#2962=VERTEX_POINT('',#10184);
#2963=VERTEX_POINT('',#10186);
#2964=VERTEX_POINT('',#10189);
#2965=VERTEX_POINT('',#10192);
#2966=VERTEX_POINT('',#10194);
#2967=VERTEX_POINT('',#10198);
#2968=VERTEX_POINT('',#10200);
#2969=VERTEX_POINT('',#10204);
#2970=VERTEX_POINT('',#10206);
#2971=VERTEX_POINT('',#10210);
#2972=VERTEX_POINT('',#10212);
#2973=VERTEX_POINT('',#10216);
#2974=VERTEX_POINT('',#10218);
#2975=VERTEX_POINT('',#10220);
#2976=VERTEX_POINT('',#10253);
#2977=VERTEX_POINT('',#10263);
#2978=VERTEX_POINT('',#10265);
#2979=VERTEX_POINT('',#10269);
#2980=VERTEX_POINT('',#10272);
#2981=VERTEX_POINT('',#10276);
#2982=VERTEX_POINT('',#10283);
#2983=VERTEX_POINT('',#10291);
#2984=VERTEX_POINT('',#10292);
#2985=VERTEX_POINT('',#10294);
#2986=VERTEX_POINT('',#10296);
#2987=VERTEX_POINT('',#10300);
#2988=VERTEX_POINT('',#10302);
#2989=VERTEX_POINT('',#10304);
#2990=VERTEX_POINT('',#10308);
#2991=VERTEX_POINT('',#10310);
#2992=VERTEX_POINT('',#10312);
#2993=VERTEX_POINT('',#10314);
#2994=VERTEX_POINT('',#10316);
#2995=VERTEX_POINT('',#10318);
#2996=VERTEX_POINT('',#10322);
#2997=VERTEX_POINT('',#10323);
#2998=VERTEX_POINT('',#10325);
#2999=VERTEX_POINT('',#10327);
#3000=VERTEX_POINT('',#10331);
#3001=VERTEX_POINT('',#10333);
#3002=VERTEX_POINT('',#10335);
#3003=VERTEX_POINT('',#10339);
#3004=VERTEX_POINT('',#10341);
#3005=VERTEX_POINT('',#10343);
#3006=VERTEX_POINT('',#10345);
#3007=VERTEX_POINT('',#10347);
#3008=VERTEX_POINT('',#10350);
#3009=VERTEX_POINT('',#10353);
#3010=VERTEX_POINT('',#10355);
#3011=VERTEX_POINT('',#10359);
#3012=VERTEX_POINT('',#10361);
#3013=VERTEX_POINT('',#10365);
#3014=VERTEX_POINT('',#10367);
#3015=VERTEX_POINT('',#10371);
#3016=VERTEX_POINT('',#10373);
#3017=VERTEX_POINT('',#10377);
#3018=VERTEX_POINT('',#10379);
#3019=VERTEX_POINT('',#10381);
#3020=VERTEX_POINT('',#10414);
#3021=VERTEX_POINT('',#10424);
#3022=VERTEX_POINT('',#10426);
#3023=VERTEX_POINT('',#10430);
#3024=VERTEX_POINT('',#10433);
#3025=VERTEX_POINT('',#10437);
#3026=VERTEX_POINT('',#10444);
#3027=VERTEX_POINT('',#10452);
#3028=VERTEX_POINT('',#10453);
#3029=VERTEX_POINT('',#10455);
#3030=VERTEX_POINT('',#10457);
#3031=VERTEX_POINT('',#10461);
#3032=VERTEX_POINT('',#10463);
#3033=VERTEX_POINT('',#10465);
#3034=VERTEX_POINT('',#10469);
#3035=VERTEX_POINT('',#10471);
#3036=VERTEX_POINT('',#10473);
#3037=VERTEX_POINT('',#10475);
#3038=VERTEX_POINT('',#10477);
#3039=VERTEX_POINT('',#10479);
#3040=VERTEX_POINT('',#10483);
#3041=VERTEX_POINT('',#10484);
#3042=VERTEX_POINT('',#10486);
#3043=VERTEX_POINT('',#10488);
#3044=VERTEX_POINT('',#10492);
#3045=VERTEX_POINT('',#10494);
#3046=VERTEX_POINT('',#10496);
#3047=VERTEX_POINT('',#10500);
#3048=VERTEX_POINT('',#10502);
#3049=VERTEX_POINT('',#10504);
#3050=VERTEX_POINT('',#10506);
#3051=VERTEX_POINT('',#10508);
#3052=VERTEX_POINT('',#10511);
#3053=VERTEX_POINT('',#10514);
#3054=VERTEX_POINT('',#10516);
#3055=VERTEX_POINT('',#10520);
#3056=VERTEX_POINT('',#10522);
#3057=VERTEX_POINT('',#10526);
#3058=VERTEX_POINT('',#10528);
#3059=VERTEX_POINT('',#10532);
#3060=VERTEX_POINT('',#10534);
#3061=VERTEX_POINT('',#10538);
#3062=VERTEX_POINT('',#10540);
#3063=VERTEX_POINT('',#10542);
#3064=VERTEX_POINT('',#10575);
#3065=VERTEX_POINT('',#10585);
#3066=VERTEX_POINT('',#10587);
#3067=VERTEX_POINT('',#10591);
#3068=VERTEX_POINT('',#10594);
#3069=VERTEX_POINT('',#10598);
#3070=VERTEX_POINT('',#10605);
#3071=VERTEX_POINT('',#10613);
#3072=VERTEX_POINT('',#10616);
#3073=VERTEX_POINT('',#10621);
#3074=VERTEX_POINT('',#10624);
#3075=VERTEX_POINT('',#10629);
#3076=VERTEX_POINT('',#10632);
#3077=VERTEX_POINT('',#10637);
#3078=VERTEX_POINT('',#10640);
#3079=VERTEX_POINT('',#10646);
#3080=VERTEX_POINT('',#10647);
#3081=VERTEX_POINT('',#10649);
#3082=VERTEX_POINT('',#10651);
#3083=VERTEX_POINT('',#10653);
#3084=VERTEX_POINT('',#10655);
#3085=VERTEX_POINT('',#10657);
#3086=VERTEX_POINT('',#10659);
#3087=VERTEX_POINT('',#10661);
#3088=VERTEX_POINT('',#10663);
#3089=VERTEX_POINT('',#10665);
#3090=VERTEX_POINT('',#10667);
#3091=VERTEX_POINT('',#10669);
#3092=VERTEX_POINT('',#10671);
#3093=VERTEX_POINT('',#10673);
#3094=VERTEX_POINT('',#10675);
#3095=VERTEX_POINT('',#10677);
#3096=VERTEX_POINT('',#10679);
#3097=VERTEX_POINT('',#10681);
#3098=VERTEX_POINT('',#10683);
#3099=VERTEX_POINT('',#10685);
#3100=VERTEX_POINT('',#10687);
#3101=VERTEX_POINT('',#10689);
#3102=VERTEX_POINT('',#10691);
#3103=VERTEX_POINT('',#10693);
#3104=VERTEX_POINT('',#10695);
#3105=VERTEX_POINT('',#10697);
#3106=VERTEX_POINT('',#10699);
#3107=VERTEX_POINT('',#10701);
#3108=VERTEX_POINT('',#10703);
#3109=VERTEX_POINT('',#10705);
#3110=VERTEX_POINT('',#10707);
#3111=VERTEX_POINT('',#10710);
#3112=VERTEX_POINT('',#10711);
#3113=VERTEX_POINT('',#10713);
#3114=VERTEX_POINT('',#10715);
#3115=VERTEX_POINT('',#10717);
#3116=VERTEX_POINT('',#10719);
#3117=VERTEX_POINT('',#10721);
#3118=VERTEX_POINT('',#10723);
#3119=VERTEX_POINT('',#10726);
#3120=VERTEX_POINT('',#10728);
#3121=VERTEX_POINT('',#10730);
#3122=VERTEX_POINT('',#10732);
#3123=VERTEX_POINT('',#10734);
#3124=VERTEX_POINT('',#10736);
#3125=VERTEX_POINT('',#10738);
#3126=VERTEX_POINT('',#10740);
#3127=VERTEX_POINT('',#10741);
#3128=VERTEX_POINT('',#10743);
#3129=VERTEX_POINT('',#10745);
#3130=VERTEX_POINT('',#10747);
#3131=VERTEX_POINT('',#10749);
#3132=VERTEX_POINT('',#10751);
#3133=VERTEX_POINT('',#10753);
#3134=VERTEX_POINT('',#10757);
#3135=VERTEX_POINT('',#10758);
#3136=VERTEX_POINT('',#10763);
#3137=VERTEX_POINT('',#10767);
#3138=VERTEX_POINT('',#10771);
#3139=VERTEX_POINT('',#10775);
#3140=VERTEX_POINT('',#10779);
#3141=VERTEX_POINT('',#10783);
#3142=VERTEX_POINT('',#10789);
#3143=VERTEX_POINT('',#10793);
#3144=VERTEX_POINT('',#10797);
#3145=VERTEX_POINT('',#10801);
#3146=VERTEX_POINT('',#10805);
#3147=VERTEX_POINT('',#10806);
#3148=VERTEX_POINT('',#10811);
#3149=VERTEX_POINT('',#10815);
#3150=VERTEX_POINT('',#10819);
#3151=VERTEX_POINT('',#10823);
#3152=VERTEX_POINT('',#10827);
#3153=VERTEX_POINT('',#10831);
#3154=VERTEX_POINT('',#10835);
#3155=VERTEX_POINT('',#10839);
#3156=VERTEX_POINT('',#10843);
#3157=VERTEX_POINT('',#10847);
#3158=VERTEX_POINT('',#10851);
#3159=VERTEX_POINT('',#10855);
#3160=VERTEX_POINT('',#10859);
#3161=VERTEX_POINT('',#10863);
#3162=VERTEX_POINT('',#10864);
#3163=VERTEX_POINT('',#10871);
#3164=VERTEX_POINT('',#10872);
#3165=VERTEX_POINT('',#10877);
#3166=VERTEX_POINT('',#10881);
#3167=VERTEX_POINT('',#10885);
#3168=VERTEX_POINT('',#10889);
#3169=VERTEX_POINT('',#10893);
#3170=VERTEX_POINT('',#10897);
#3171=VERTEX_POINT('',#10903);
#3172=VERTEX_POINT('',#10907);
#3173=VERTEX_POINT('',#10911);
#3174=VERTEX_POINT('',#10915);
#3175=VERTEX_POINT('',#10916);
#3176=VERTEX_POINT('',#10921);
#3177=VERTEX_POINT('',#10925);
#3178=VERTEX_POINT('',#10929);
#3179=VERTEX_POINT('',#10933);
#3180=VERTEX_POINT('',#10937);
#3181=VERTEX_POINT('',#10941);
#3182=VERTEX_POINT('',#10945);
#3183=VERTEX_POINT('',#10949);
#3184=VERTEX_POINT('',#10953);
#3185=VERTEX_POINT('',#10957);
#3186=VERTEX_POINT('',#10961);
#3187=VERTEX_POINT('',#10965);
#3188=VERTEX_POINT('',#10971);
#3189=EDGE_CURVE('',#2593,#2594,#1465,.T.);
#3190=EDGE_CURVE('',#2593,#2595,#1466,.T.);
#3191=EDGE_CURVE('',#2596,#2595,#1467,.T.);
#3192=EDGE_CURVE('',#2594,#2596,#1468,.T.);
#3193=EDGE_CURVE('',#2594,#2597,#1469,.T.);
#3194=EDGE_CURVE('',#2598,#2596,#1470,.T.);
#3195=EDGE_CURVE('',#2597,#2598,#1471,.T.);
#3196=EDGE_CURVE('',#2597,#2599,#1472,.T.);
#3197=EDGE_CURVE('',#2600,#2598,#1473,.T.);
#3198=EDGE_CURVE('',#2599,#2600,#1474,.T.);
#3199=EDGE_CURVE('',#2599,#2593,#1475,.T.);
#3200=EDGE_CURVE('',#2595,#2600,#1476,.T.);
#3201=EDGE_CURVE('',#2601,#2602,#1477,.T.);
#3202=EDGE_CURVE('',#2601,#2603,#1478,.T.);
#3203=EDGE_CURVE('',#2604,#2603,#1479,.T.);
#3204=EDGE_CURVE('',#2602,#2604,#1480,.T.);
#3205=EDGE_CURVE('',#2602,#2605,#1481,.T.);
#3206=EDGE_CURVE('',#2606,#2604,#1482,.T.);
#3207=EDGE_CURVE('',#2605,#2606,#1483,.T.);
#3208=EDGE_CURVE('',#2605,#2607,#1484,.T.);
#3209=EDGE_CURVE('',#2608,#2606,#1485,.T.);
#3210=EDGE_CURVE('',#2607,#2608,#1486,.T.);
#3211=EDGE_CURVE('',#2607,#2601,#1487,.T.);
#3212=EDGE_CURVE('',#2603,#2608,#1488,.T.);
#3213=EDGE_CURVE('',#2609,#2610,#1489,.T.);
#3214=EDGE_CURVE('',#2609,#2611,#1490,.T.);
#3215=EDGE_CURVE('',#2612,#2611,#1491,.T.);
#3216=EDGE_CURVE('',#2610,#2612,#1492,.T.);
#3217=EDGE_CURVE('',#2610,#2613,#227,.T.);
#3218=EDGE_CURVE('',#2614,#2612,#228,.T.);
#3219=EDGE_CURVE('',#2613,#2614,#1493,.T.);
#3220=EDGE_CURVE('',#2613,#2615,#1494,.T.);
#3221=EDGE_CURVE('',#2616,#2614,#1495,.T.);
#3222=EDGE_CURVE('',#2615,#2616,#1496,.T.);
#3223=EDGE_CURVE('',#2615,#2617,#229,.T.);
#3224=EDGE_CURVE('',#2618,#2616,#230,.T.);
#3225=EDGE_CURVE('',#2617,#2618,#1497,.T.);
#3226=EDGE_CURVE('',#2617,#2619,#1498,.T.);
#3227=EDGE_CURVE('',#2620,#2618,#1499,.T.);
#3228=EDGE_CURVE('',#2619,#2620,#1500,.T.);
#3229=EDGE_CURVE('',#2619,#2609,#231,.T.);
#3230=EDGE_CURVE('',#2611,#2620,#232,.T.);
#3231=EDGE_CURVE('',#2621,#2622,#1501,.T.);
#3232=EDGE_CURVE('',#2621,#2623,#1502,.T.);
#3233=EDGE_CURVE('',#2624,#2623,#1503,.T.);
#3234=EDGE_CURVE('',#2622,#2624,#1504,.T.);
#3235=EDGE_CURVE('',#2622,#2625,#233,.T.);
#3236=EDGE_CURVE('',#2626,#2624,#234,.T.);
#3237=EDGE_CURVE('',#2625,#2626,#1505,.T.);
#3238=EDGE_CURVE('',#2625,#2627,#1506,.T.);
#3239=EDGE_CURVE('',#2628,#2626,#1507,.T.);
#3240=EDGE_CURVE('',#2627,#2628,#1508,.T.);
#3241=EDGE_CURVE('',#2627,#2629,#235,.T.);
#3242=EDGE_CURVE('',#2630,#2628,#236,.T.);
#3243=EDGE_CURVE('',#2629,#2630,#1509,.T.);
#3244=EDGE_CURVE('',#2629,#2631,#1510,.T.);
#3245=EDGE_CURVE('',#2632,#2630,#1511,.T.);
#3246=EDGE_CURVE('',#2631,#2632,#1512,.T.);
#3247=EDGE_CURVE('',#2631,#2621,#237,.T.);
#3248=EDGE_CURVE('',#2623,#2632,#238,.T.);
#3249=EDGE_CURVE('',#2633,#2634,#1513,.T.);
#3250=EDGE_CURVE('',#2633,#2635,#1514,.T.);
#3251=EDGE_CURVE('',#2636,#2635,#1515,.T.);
#3252=EDGE_CURVE('',#2634,#2636,#1516,.T.);
#3253=EDGE_CURVE('',#2634,#2637,#239,.T.);
#3254=EDGE_CURVE('',#2638,#2636,#240,.T.);
#3255=EDGE_CURVE('',#2637,#2638,#1517,.T.);
#3256=EDGE_CURVE('',#2637,#2639,#1518,.T.);
#3257=EDGE_CURVE('',#2640,#2638,#1519,.T.);
#3258=EDGE_CURVE('',#2639,#2640,#1520,.T.);
#3259=EDGE_CURVE('',#2639,#2641,#241,.T.);
#3260=EDGE_CURVE('',#2642,#2640,#242,.T.);
#3261=EDGE_CURVE('',#2641,#2642,#1521,.T.);
#3262=EDGE_CURVE('',#2641,#2643,#1522,.T.);
#3263=EDGE_CURVE('',#2644,#2642,#1523,.T.);
#3264=EDGE_CURVE('',#2643,#2644,#1524,.T.);
#3265=EDGE_CURVE('',#2643,#2633,#243,.T.);
#3266=EDGE_CURVE('',#2635,#2644,#244,.T.);
#3267=EDGE_CURVE('',#2645,#2646,#1525,.T.);
#3268=EDGE_CURVE('',#2645,#2647,#1526,.T.);
#3269=EDGE_CURVE('',#2648,#2647,#1527,.T.);
#3270=EDGE_CURVE('',#2646,#2648,#1528,.T.);
#3271=EDGE_CURVE('',#2646,#2649,#245,.T.);
#3272=EDGE_CURVE('',#2650,#2648,#246,.T.);
#3273=EDGE_CURVE('',#2649,#2650,#1529,.T.);
#3274=EDGE_CURVE('',#2649,#2651,#1530,.T.);
#3275=EDGE_CURVE('',#2652,#2650,#1531,.T.);
#3276=EDGE_CURVE('',#2651,#2652,#1532,.T.);
#3277=EDGE_CURVE('',#2651,#2653,#247,.T.);
#3278=EDGE_CURVE('',#2654,#2652,#248,.T.);
#3279=EDGE_CURVE('',#2653,#2654,#1533,.T.);
#3280=EDGE_CURVE('',#2653,#2655,#1534,.T.);
#3281=EDGE_CURVE('',#2656,#2654,#1535,.T.);
#3282=EDGE_CURVE('',#2655,#2656,#1536,.T.);
#3283=EDGE_CURVE('',#2655,#2645,#249,.T.);
#3284=EDGE_CURVE('',#2647,#2656,#250,.T.);
#3285=EDGE_CURVE('',#2657,#2658,#1537,.T.);
#3286=EDGE_CURVE('',#2657,#2659,#1538,.T.);
#3287=EDGE_CURVE('',#2660,#2659,#1539,.T.);
#3288=EDGE_CURVE('',#2658,#2660,#1540,.T.);
#3289=EDGE_CURVE('',#2658,#2661,#251,.T.);
#3290=EDGE_CURVE('',#2662,#2660,#252,.T.);
#3291=EDGE_CURVE('',#2661,#2662,#1541,.T.);
#3292=EDGE_CURVE('',#2661,#2663,#1542,.T.);
#3293=EDGE_CURVE('',#2664,#2662,#1543,.T.);
#3294=EDGE_CURVE('',#2663,#2664,#1544,.T.);
#3295=EDGE_CURVE('',#2663,#2665,#253,.T.);
#3296=EDGE_CURVE('',#2666,#2664,#254,.T.);
#3297=EDGE_CURVE('',#2665,#2666,#1545,.T.);
#3298=EDGE_CURVE('',#2665,#2667,#1546,.T.);
#3299=EDGE_CURVE('',#2668,#2666,#1547,.T.);
#3300=EDGE_CURVE('',#2667,#2668,#1548,.T.);
#3301=EDGE_CURVE('',#2667,#2657,#255,.T.);
#3302=EDGE_CURVE('',#2659,#2668,#256,.T.);
#3303=EDGE_CURVE('',#2669,#2670,#1549,.T.);
#3304=EDGE_CURVE('',#2669,#2671,#1550,.T.);
#3305=EDGE_CURVE('',#2672,#2671,#1551,.T.);
#3306=EDGE_CURVE('',#2670,#2672,#1552,.T.);
#3307=EDGE_CURVE('',#2670,#2673,#1553,.T.);
#3308=EDGE_CURVE('',#2674,#2672,#1554,.T.);
#3309=EDGE_CURVE('',#2673,#2674,#1555,.T.);
#3310=EDGE_CURVE('',#2673,#2675,#1556,.T.);
#3311=EDGE_CURVE('',#2676,#2674,#1557,.T.);
#3312=EDGE_CURVE('',#2675,#2676,#1558,.T.);
#3313=EDGE_CURVE('',#2675,#2669,#1559,.T.);
#3314=EDGE_CURVE('',#2671,#2676,#1560,.T.);
#3315=EDGE_CURVE('',#2677,#2678,#1561,.T.);
#3316=EDGE_CURVE('',#2677,#2679,#1562,.T.);
#3317=EDGE_CURVE('',#2680,#2679,#1563,.T.);
#3318=EDGE_CURVE('',#2678,#2680,#1564,.T.);
#3319=EDGE_CURVE('',#2678,#2681,#257,.T.);
#3320=EDGE_CURVE('',#2682,#2680,#258,.T.);
#3321=EDGE_CURVE('',#2681,#2682,#1565,.T.);
#3322=EDGE_CURVE('',#2681,#2683,#1566,.T.);
#3323=EDGE_CURVE('',#2684,#2682,#1567,.T.);
#3324=EDGE_CURVE('',#2683,#2684,#1568,.T.);
#3325=EDGE_CURVE('',#2683,#2685,#259,.T.);
#3326=EDGE_CURVE('',#2686,#2684,#260,.T.);
#3327=EDGE_CURVE('',#2685,#2686,#1569,.T.);
#3328=EDGE_CURVE('',#2685,#2687,#1570,.T.);
#3329=EDGE_CURVE('',#2688,#2686,#1571,.T.);
#3330=EDGE_CURVE('',#2687,#2688,#1572,.T.);
#3331=EDGE_CURVE('',#2687,#2677,#261,.T.);
#3332=EDGE_CURVE('',#2679,#2688,#262,.T.);
#3333=EDGE_CURVE('',#2689,#2690,#1573,.T.);
#3334=EDGE_CURVE('',#2691,#2690,#1574,.T.);
#3335=EDGE_CURVE('',#2692,#2691,#1575,.T.);
#3336=EDGE_CURVE('',#2689,#2692,#1576,.T.);
#3337=EDGE_CURVE('',#2693,#2689,#263,.T.);
#3338=EDGE_CURVE('',#2694,#2692,#264,.T.);
#3339=EDGE_CURVE('',#2693,#2694,#1577,.T.);
#3340=EDGE_CURVE('',#2695,#2693,#1578,.T.);
#3341=EDGE_CURVE('',#2696,#2694,#1579,.T.);
#3342=EDGE_CURVE('',#2695,#2696,#1580,.T.);
#3343=EDGE_CURVE('',#2697,#2698,#1581,.T.);
#3344=EDGE_CURVE('',#2699,#2698,#1582,.T.);
#3345=EDGE_CURVE('',#2700,#2699,#1583,.T.);
#3346=EDGE_CURVE('',#2697,#2700,#1584,.T.);
#3347=EDGE_CURVE('',#2701,#2702,#1585,.T.);
#3348=EDGE_CURVE('',#2703,#2701,#1586,.T.);
#3349=EDGE_CURVE('',#2704,#2703,#1587,.T.);
#3350=EDGE_CURVE('',#2702,#2704,#1588,.T.);
#3351=EDGE_CURVE('',#2705,#2702,#265,.T.);
#3352=EDGE_CURVE('',#2706,#2704,#266,.T.);
#3353=EDGE_CURVE('',#2705,#2706,#1589,.T.);
#3354=EDGE_CURVE('',#2705,#2707,#1590,.T.);
#3355=EDGE_CURVE('',#2708,#2706,#1591,.T.);
#3356=EDGE_CURVE('',#2707,#2708,#1592,.T.);
#3357=EDGE_CURVE('',#2709,#2710,#1593,.T.);
#3358=EDGE_CURVE('',#2711,#2710,#1594,.T.);
#3359=EDGE_CURVE('',#2712,#2711,#1595,.T.);
#3360=EDGE_CURVE('',#2709,#2712,#1596,.T.);
#3361=EDGE_CURVE('',#2708,#2711,#1597,.T.);
#3362=EDGE_CURVE('',#2700,#2703,#1598,.T.);
#3363=EDGE_CURVE('',#2696,#2699,#1599,.T.);
#3364=EDGE_CURVE('',#2712,#2691,#1600,.T.);
#3365=EDGE_CURVE('',#2695,#2690,#1601,.T.);
#3366=EDGE_CURVE('',#2698,#2713,#267,.T.);
#3367=EDGE_CURVE('',#2713,#2714,#1602,.T.);
#3368=EDGE_CURVE('',#2714,#2715,#268,.T.);
#3369=EDGE_CURVE('',#2715,#2716,#269,.T.);
#3370=EDGE_CURVE('',#2716,#2717,#270,.T.);
#3371=EDGE_CURVE('',#2717,#2718,#1603,.T.);
#3372=EDGE_CURVE('',#2718,#2719,#271,.T.);
#3373=EDGE_CURVE('',#2719,#2720,#272,.T.);
#3374=EDGE_CURVE('',#2720,#2721,#1604,.T.);
#3375=EDGE_CURVE('',#2722,#2721,#273,.T.);
#3376=EDGE_CURVE('',#2723,#2722,#274,.T.);
#3377=EDGE_CURVE('',#2724,#2723,#1605,.T.);
#3378=EDGE_CURVE('',#2725,#2724,#275,.T.);
#3379=EDGE_CURVE('',#2726,#2725,#276,.T.);
#3380=EDGE_CURVE('',#2727,#2726,#277,.T.);
#3381=EDGE_CURVE('',#2728,#2727,#1606,.T.);
#3382=EDGE_CURVE('',#2709,#2728,#278,.T.);
#3383=EDGE_CURVE('',#2713,#2729,#1607,.T.);
#3384=EDGE_CURVE('',#2729,#2730,#1608,.T.);
#3385=EDGE_CURVE('',#2714,#2730,#1609,.T.);
#3386=EDGE_CURVE('',#2730,#2731,#279,.T.);
#3387=EDGE_CURVE('',#2715,#2731,#1610,.T.);
#3388=EDGE_CURVE('',#2731,#2732,#280,.T.);
#3389=EDGE_CURVE('',#2716,#2732,#1611,.T.);
#3390=EDGE_CURVE('',#2732,#2733,#281,.T.);
#3391=EDGE_CURVE('',#2717,#2733,#1612,.T.);
#3392=EDGE_CURVE('',#2733,#2734,#1613,.T.);
#3393=EDGE_CURVE('',#2718,#2734,#1614,.T.);
#3394=EDGE_CURVE('',#2734,#2735,#282,.T.);
#3395=EDGE_CURVE('',#2719,#2735,#1615,.T.);
#3396=EDGE_CURVE('',#2698,#2736,#1616,.T.);
#3397=EDGE_CURVE('',#2736,#2729,#283,.T.);
#3398=EDGE_CURVE('',#2735,#2737,#284,.T.);
#3399=EDGE_CURVE('',#2720,#2737,#1617,.T.);
#3400=EDGE_CURVE('',#2738,#2739,#285,.T.);
#3401=EDGE_CURVE('',#2739,#2740,#286,.T.);
#3402=EDGE_CURVE('',#2740,#2737,#1618,.T.);
#3403=EDGE_CURVE('',#2741,#2736,#1619,.T.);
#3404=EDGE_CURVE('',#2741,#2742,#287,.T.);
#3405=EDGE_CURVE('',#2742,#2743,#1620,.T.);
#3406=EDGE_CURVE('',#2743,#2744,#288,.T.);
#3407=EDGE_CURVE('',#2744,#2745,#289,.T.);
#3408=EDGE_CURVE('',#2745,#2746,#290,.T.);
#3409=EDGE_CURVE('',#2746,#2738,#1621,.T.);
#3410=EDGE_CURVE('',#2727,#2743,#1622,.T.);
#3411=EDGE_CURVE('',#2728,#2742,#1623,.T.);
#3412=EDGE_CURVE('',#2726,#2744,#1624,.T.);
#3413=EDGE_CURVE('',#2725,#2745,#1625,.T.);
#3414=EDGE_CURVE('',#2724,#2746,#1626,.T.);
#3415=EDGE_CURVE('',#2723,#2738,#1627,.T.);
#3416=EDGE_CURVE('',#2722,#2739,#1628,.T.);
#3417=EDGE_CURVE('',#2709,#2741,#1629,.T.);
#3418=EDGE_CURVE('',#2721,#2740,#1630,.T.);
#3419=EDGE_CURVE('',#2747,#2748,#1631,.T.);
#3420=EDGE_CURVE('',#2747,#2749,#1632,.T.);
#3421=EDGE_CURVE('',#2749,#2750,#1633,.T.);
#3422=EDGE_CURVE('',#2748,#2750,#1634,.T.);
#3423=EDGE_CURVE('',#2748,#2751,#291,.T.);
#3424=EDGE_CURVE('',#2750,#2752,#292,.T.);
#3425=EDGE_CURVE('',#2751,#2752,#1635,.T.);
#3426=EDGE_CURVE('',#2751,#2753,#293,.T.);
#3427=EDGE_CURVE('',#2752,#2754,#294,.T.);
#3428=EDGE_CURVE('',#2753,#2754,#1636,.T.);
#3429=EDGE_CURVE('',#2753,#2755,#295,.T.);
#3430=EDGE_CURVE('',#2754,#2756,#296,.T.);
#3431=EDGE_CURVE('',#2755,#2756,#1637,.T.);
#3432=EDGE_CURVE('',#2755,#2757,#1638,.T.);
#3433=EDGE_CURVE('',#2756,#2758,#1639,.T.);
#3434=EDGE_CURVE('',#2757,#2758,#1640,.T.);
#3435=EDGE_CURVE('',#2757,#2759,#297,.T.);
#3436=EDGE_CURVE('',#2758,#2760,#298,.T.);
#3437=EDGE_CURVE('',#2759,#2760,#1641,.T.);
#3438=EDGE_CURVE('',#2761,#2747,#299,.T.);
#3439=EDGE_CURVE('',#2761,#2697,#1642,.T.);
#3440=EDGE_CURVE('',#2697,#2749,#300,.T.);
#3441=EDGE_CURVE('',#2759,#2762,#301,.T.);
#3442=EDGE_CURVE('',#2760,#2763,#302,.T.);
#3443=EDGE_CURVE('',#2762,#2763,#1643,.T.);
#3444=EDGE_CURVE('',#2707,#2701,#1644,.T.);
#3445=EDGE_CURVE('',#2710,#2764,#303,.T.);
#3446=EDGE_CURVE('',#2764,#2765,#1645,.T.);
#3447=EDGE_CURVE('',#2765,#2766,#304,.T.);
#3448=EDGE_CURVE('',#2766,#2767,#305,.T.);
#3449=EDGE_CURVE('',#2767,#2768,#306,.T.);
#3450=EDGE_CURVE('',#2768,#2769,#1646,.T.);
#3451=EDGE_CURVE('',#2769,#2770,#307,.T.);
#3452=EDGE_CURVE('',#2770,#2771,#308,.T.);
#3453=EDGE_CURVE('',#2771,#2763,#1647,.T.);
#3454=EDGE_CURVE('',#2772,#2773,#309,.T.);
#3455=EDGE_CURVE('',#2774,#2772,#1648,.T.);
#3456=EDGE_CURVE('',#2775,#2774,#310,.T.);
#3457=EDGE_CURVE('',#2776,#2775,#311,.T.);
#3458=EDGE_CURVE('',#2777,#2776,#312,.T.);
#3459=EDGE_CURVE('',#2778,#2777,#1649,.T.);
#3460=EDGE_CURVE('',#2779,#2778,#313,.T.);
#3461=EDGE_CURVE('',#2761,#2779,#1650,.T.);
#3462=EDGE_CURVE('',#2762,#2780,#1651,.T.);
#3463=EDGE_CURVE('',#2773,#2780,#314,.T.);
#3464=EDGE_CURVE('',#2777,#2765,#1652,.T.);
#3465=EDGE_CURVE('',#2778,#2764,#1653,.T.);
#3466=EDGE_CURVE('',#2776,#2766,#1654,.T.);
#3467=EDGE_CURVE('',#2775,#2767,#1655,.T.);
#3468=EDGE_CURVE('',#2774,#2768,#1656,.T.);
#3469=EDGE_CURVE('',#2772,#2769,#1657,.T.);
#3470=EDGE_CURVE('',#2773,#2770,#1658,.T.);
#3471=EDGE_CURVE('',#2779,#2710,#1659,.T.);
#3472=EDGE_CURVE('',#2780,#2771,#1660,.T.);
#3473=EDGE_CURVE('',#2781,#2782,#315,.T.);
#3474=EDGE_CURVE('',#2782,#2783,#1661,.T.);
#3475=EDGE_CURVE('',#2783,#2784,#316,.T.);
#3476=EDGE_CURVE('',#2781,#2784,#1662,.T.);
#3477=EDGE_CURVE('',#2783,#2785,#1663,.T.);
#3478=EDGE_CURVE('',#2786,#2785,#317,.T.);
#3479=EDGE_CURVE('',#2787,#2786,#318,.T.);
#3480=EDGE_CURVE('',#2788,#2787,#1664,.T.);
#3481=EDGE_CURVE('',#2784,#2788,#319,.T.);
#3482=EDGE_CURVE('',#2785,#2789,#1665,.T.);
#3483=EDGE_CURVE('',#2789,#2790,#320,.T.);
#3484=EDGE_CURVE('',#2786,#2790,#1666,.T.);
#3485=EDGE_CURVE('',#2791,#2781,#321,.T.);
#3486=EDGE_CURVE('',#2792,#2791,#1667,.T.);
#3487=EDGE_CURVE('',#2790,#2792,#322,.T.);
#3488=EDGE_CURVE('',#2789,#2782,#1668,.T.);
#3489=EDGE_CURVE('',#2792,#2787,#1669,.T.);
#3490=EDGE_CURVE('',#2788,#2791,#1670,.T.);
#3491=EDGE_CURVE('',#2793,#2794,#323,.T.);
#3492=EDGE_CURVE('',#2794,#2795,#1671,.T.);
#3493=EDGE_CURVE('',#2795,#2796,#1672,.T.);
#3494=EDGE_CURVE('',#2796,#2797,#324,.T.);
#3495=EDGE_CURVE('',#2797,#2793,#1673,.T.);
#3496=EDGE_CURVE('',#2798,#2799,#325,.T.);
#3497=EDGE_CURVE('',#2799,#2800,#1674,.T.);
#3498=EDGE_CURVE('',#2800,#2801,#326,.T.);
#3499=EDGE_CURVE('',#2801,#2802,#1675,.T.);
#3500=EDGE_CURVE('',#2802,#2803,#327,.T.);
#3501=EDGE_CURVE('',#2803,#2798,#1676,.T.);
#3502=EDGE_CURVE('',#2804,#2804,#328,.T.);
#3503=EDGE_CURVE('',#2805,#2805,#329,.T.);
#3504=EDGE_CURVE('',#2806,#2807,#330,.T.);
#3505=EDGE_CURVE('',#2807,#2808,#1677,.T.);
#3506=EDGE_CURVE('',#2808,#2809,#331,.T.);
#3507=EDGE_CURVE('',#2809,#2810,#1678,.T.);
#3508=EDGE_CURVE('',#2810,#2811,#332,.T.);
#3509=EDGE_CURVE('',#2811,#2806,#1679,.T.);
#3510=EDGE_CURVE('',#2812,#2813,#333,.T.);
#3511=EDGE_CURVE('',#2813,#2814,#1680,.T.);
#3512=EDGE_CURVE('',#2814,#2815,#334,.T.);
#3513=EDGE_CURVE('',#2815,#2816,#1681,.T.);
#3514=EDGE_CURVE('',#2816,#2817,#335,.T.);
#3515=EDGE_CURVE('',#2817,#2812,#1682,.T.);
#3516=EDGE_CURVE('',#2818,#2818,#336,.T.);
#3517=EDGE_CURVE('',#2819,#2819,#337,.T.);
#3518=EDGE_CURVE('',#2819,#2820,#1683,.T.);
#3519=EDGE_CURVE('',#2820,#2820,#338,.T.);
#3520=EDGE_CURVE('',#2818,#2821,#1684,.T.);
#3521=EDGE_CURVE('',#2821,#2821,#339,.T.);
#3522=EDGE_CURVE('',#2822,#2823,#1685,.T.);
#3523=EDGE_CURVE('',#2823,#2812,#1686,.T.);
#3524=EDGE_CURVE('',#2822,#2817,#1687,.T.);
#3525=EDGE_CURVE('',#2824,#2822,#340,.T.);
#3526=EDGE_CURVE('',#2824,#2816,#1688,.T.);
#3527=EDGE_CURVE('',#2825,#2824,#1689,.T.);
#3528=EDGE_CURVE('',#2825,#2815,#1690,.T.);
#3529=EDGE_CURVE('',#2826,#2825,#341,.T.);
#3530=EDGE_CURVE('',#2826,#2814,#1691,.T.);
#3531=EDGE_CURVE('',#2827,#2826,#1692,.T.);
#3532=EDGE_CURVE('',#2827,#2813,#1693,.T.);
#3533=EDGE_CURVE('',#2823,#2827,#342,.T.);
#3534=EDGE_CURVE('',#2828,#2829,#1694,.T.);
#3535=EDGE_CURVE('',#2829,#2806,#1695,.T.);
#3536=EDGE_CURVE('',#2828,#2811,#1696,.T.);
#3537=EDGE_CURVE('',#2830,#2828,#343,.T.);
#3538=EDGE_CURVE('',#2830,#2810,#1697,.T.);
#3539=EDGE_CURVE('',#2831,#2830,#1698,.T.);
#3540=EDGE_CURVE('',#2831,#2809,#1699,.T.);
#3541=EDGE_CURVE('',#2832,#2831,#344,.T.);
#3542=EDGE_CURVE('',#2832,#2808,#1700,.T.);
#3543=EDGE_CURVE('',#2833,#2832,#1701,.T.);
#3544=EDGE_CURVE('',#2833,#2807,#1702,.T.);
#3545=EDGE_CURVE('',#2829,#2833,#345,.T.);
#3546=EDGE_CURVE('',#2805,#2834,#1703,.T.);
#3547=EDGE_CURVE('',#2834,#2834,#346,.T.);
#3548=EDGE_CURVE('',#2804,#2835,#1704,.T.);
#3549=EDGE_CURVE('',#2835,#2835,#347,.T.);
#3550=EDGE_CURVE('',#2836,#2837,#1705,.T.);
#3551=EDGE_CURVE('',#2837,#2798,#1706,.T.);
#3552=EDGE_CURVE('',#2836,#2803,#1707,.T.);
#3553=EDGE_CURVE('',#2838,#2836,#348,.T.);
#3554=EDGE_CURVE('',#2838,#2802,#1708,.T.);
#3555=EDGE_CURVE('',#2839,#2838,#1709,.T.);
#3556=EDGE_CURVE('',#2839,#2801,#1710,.T.);
#3557=EDGE_CURVE('',#2840,#2839,#349,.T.);
#3558=EDGE_CURVE('',#2840,#2800,#1711,.T.);
#3559=EDGE_CURVE('',#2841,#2840,#1712,.T.);
#3560=EDGE_CURVE('',#2841,#2799,#1713,.T.);
#3561=EDGE_CURVE('',#2837,#2841,#350,.T.);
#3562=EDGE_CURVE('',#2842,#2843,#1714,.T.);
#3563=EDGE_CURVE('',#2843,#2793,#1715,.T.);
#3564=EDGE_CURVE('',#2842,#2797,#1716,.T.);
#3565=EDGE_CURVE('',#2844,#2842,#351,.T.);
#3566=EDGE_CURVE('',#2844,#2796,#1717,.T.);
#3567=EDGE_CURVE('',#2845,#2844,#1718,.T.);
#3568=EDGE_CURVE('',#2845,#2795,#1719,.T.);
#3569=EDGE_CURVE('',#2846,#2845,#1720,.T.);
#3570=EDGE_CURVE('',#2846,#2794,#1721,.T.);
#3571=EDGE_CURVE('',#2843,#2846,#352,.T.);
#3572=EDGE_CURVE('',#2847,#2847,#353,.T.);
#3573=EDGE_CURVE('',#2847,#2848,#1722,.T.);
#3574=EDGE_CURVE('',#2848,#2848,#354,.T.);
#3575=EDGE_CURVE('',#2849,#2849,#355,.T.);
#3576=EDGE_CURVE('',#2849,#2850,#1723,.T.);
#3577=EDGE_CURVE('',#2850,#2850,#356,.T.);
#3578=EDGE_CURVE('',#2851,#2851,#357,.T.);
#3579=EDGE_CURVE('',#2851,#2852,#1724,.T.);
#3580=EDGE_CURVE('',#2852,#2852,#358,.T.);
#3581=EDGE_CURVE('',#2853,#2853,#359,.T.);
#3582=EDGE_CURVE('',#2853,#2854,#1725,.T.);
#3583=EDGE_CURVE('',#2854,#2854,#360,.T.);
#3584=EDGE_CURVE('',#2855,#2856,#361,.T.);
#3585=EDGE_CURVE('',#2856,#2857,#1726,.T.);
#3586=EDGE_CURVE('',#2857,#2858,#362,.T.);
#3587=EDGE_CURVE('',#2855,#2858,#1727,.T.);
#3588=EDGE_CURVE('',#2859,#2855,#363,.T.);
#3589=EDGE_CURVE('',#2860,#2859,#1728,.T.);
#3590=EDGE_CURVE('',#2861,#2860,#364,.T.);
#3591=EDGE_CURVE('',#2862,#2861,#365,.T.);
#3592=EDGE_CURVE('',#2856,#2862,#1729,.T.);
#3593=EDGE_CURVE('',#2858,#2863,#366,.T.);
#3594=EDGE_CURVE('',#2863,#2859,#1730,.T.);
#3595=EDGE_CURVE('',#2864,#2865,#367,.T.);
#3596=EDGE_CURVE('',#2865,#2862,#1731,.T.);
#3597=EDGE_CURVE('',#2864,#2861,#1732,.T.);
#3598=EDGE_CURVE('',#2860,#2866,#1733,.T.);
#3599=EDGE_CURVE('',#2866,#2864,#368,.T.);
#3600=EDGE_CURVE('',#2863,#2866,#1734,.T.);
#3601=EDGE_CURVE('',#2867,#2867,#369,.T.);
#3602=EDGE_CURVE('',#2868,#2868,#370,.T.);
#3603=EDGE_CURVE('',#2869,#2870,#371,.T.);
#3604=EDGE_CURVE('',#2870,#2871,#1735,.T.);
#3605=EDGE_CURVE('',#2871,#2872,#372,.T.);
#3606=EDGE_CURVE('',#2872,#2873,#1736,.T.);
#3607=EDGE_CURVE('',#2873,#2874,#373,.T.);
#3608=EDGE_CURVE('',#2874,#2869,#1737,.T.);
#3609=EDGE_CURVE('',#2875,#2875,#374,.T.);
#3610=EDGE_CURVE('',#2876,#2877,#375,.T.);
#3611=EDGE_CURVE('',#2877,#2878,#1738,.T.);
#3612=EDGE_CURVE('',#2878,#2879,#376,.T.);
#3613=EDGE_CURVE('',#2879,#2880,#1739,.T.);
#3614=EDGE_CURVE('',#2880,#2881,#377,.T.);
#3615=EDGE_CURVE('',#2881,#2876,#1740,.T.);
#3616=EDGE_CURVE('',#2882,#2882,#378,.T.);
#3617=EDGE_CURVE('',#2883,#2884,#379,.T.);
#3618=EDGE_CURVE('',#2884,#2885,#1741,.T.);
#3619=EDGE_CURVE('',#2885,#2886,#380,.T.);
#3620=EDGE_CURVE('',#2886,#2887,#1742,.T.);
#3621=EDGE_CURVE('',#2887,#2888,#381,.T.);
#3622=EDGE_CURVE('',#2888,#2883,#1743,.T.);
#3623=EDGE_CURVE('',#2889,#2890,#382,.T.);
#3624=EDGE_CURVE('',#2890,#2891,#1744,.T.);
#3625=EDGE_CURVE('',#2891,#2892,#383,.T.);
#3626=EDGE_CURVE('',#2892,#2893,#1745,.T.);
#3627=EDGE_CURVE('',#2893,#2894,#384,.T.);
#3628=EDGE_CURVE('',#2894,#2889,#1746,.T.);
#3629=EDGE_CURVE('',#2867,#2895,#1747,.T.);
#3630=EDGE_CURVE('',#2895,#2895,#385,.T.);
#3631=EDGE_CURVE('',#2868,#2896,#1748,.T.);
#3632=EDGE_CURVE('',#2896,#2896,#386,.T.);
#3633=EDGE_CURVE('',#2897,#2898,#1749,.T.);
#3634=EDGE_CURVE('',#2898,#2869,#1750,.T.);
#3635=EDGE_CURVE('',#2897,#2874,#1751,.T.);
#3636=EDGE_CURVE('',#2899,#2897,#387,.T.);
#3637=EDGE_CURVE('',#2899,#2873,#1752,.T.);
#3638=EDGE_CURVE('',#2900,#2899,#1753,.T.);
#3639=EDGE_CURVE('',#2900,#2872,#1754,.T.);
#3640=EDGE_CURVE('',#2901,#2900,#388,.T.);
#3641=EDGE_CURVE('',#2901,#2871,#1755,.T.);
#3642=EDGE_CURVE('',#2902,#2901,#1756,.T.);
#3643=EDGE_CURVE('',#2902,#2870,#1757,.T.);
#3644=EDGE_CURVE('',#2898,#2902,#389,.T.);
#3645=EDGE_CURVE('',#2875,#2903,#1758,.T.);
#3646=EDGE_CURVE('',#2903,#2903,#390,.T.);
#3647=EDGE_CURVE('',#2904,#2905,#1759,.T.);
#3648=EDGE_CURVE('',#2905,#2876,#1760,.T.);
#3649=EDGE_CURVE('',#2904,#2881,#1761,.T.);
#3650=EDGE_CURVE('',#2906,#2904,#391,.T.);
#3651=EDGE_CURVE('',#2906,#2880,#1762,.T.);
#3652=EDGE_CURVE('',#2907,#2906,#1763,.T.);
#3653=EDGE_CURVE('',#2907,#2879,#1764,.T.);
#3654=EDGE_CURVE('',#2908,#2907,#392,.T.);
#3655=EDGE_CURVE('',#2908,#2878,#1765,.T.);
#3656=EDGE_CURVE('',#2909,#2908,#1766,.T.);
#3657=EDGE_CURVE('',#2909,#2877,#1767,.T.);
#3658=EDGE_CURVE('',#2905,#2909,#393,.T.);
#3659=EDGE_CURVE('',#2882,#2910,#1768,.T.);
#3660=EDGE_CURVE('',#2910,#2910,#394,.T.);
#3661=EDGE_CURVE('',#2911,#2912,#1769,.T.);
#3662=EDGE_CURVE('',#2912,#2883,#1770,.T.);
#3663=EDGE_CURVE('',#2911,#2888,#1771,.T.);
#3664=EDGE_CURVE('',#2913,#2911,#395,.T.);
#3665=EDGE_CURVE('',#2913,#2887,#1772,.T.);
#3666=EDGE_CURVE('',#2914,#2913,#1773,.T.);
#3667=EDGE_CURVE('',#2914,#2886,#1774,.T.);
#3668=EDGE_CURVE('',#2915,#2914,#396,.T.);
#3669=EDGE_CURVE('',#2915,#2885,#1775,.T.);
#3670=EDGE_CURVE('',#2916,#2915,#1776,.T.);
#3671=EDGE_CURVE('',#2916,#2884,#1777,.T.);
#3672=EDGE_CURVE('',#2912,#2916,#397,.T.);
#3673=EDGE_CURVE('',#2917,#2918,#1778,.T.);
#3674=EDGE_CURVE('',#2918,#2889,#1779,.T.);
#3675=EDGE_CURVE('',#2917,#2894,#1780,.T.);
#3676=EDGE_CURVE('',#2919,#2917,#398,.T.);
#3677=EDGE_CURVE('',#2919,#2893,#1781,.T.);
#3678=EDGE_CURVE('',#2920,#2919,#1782,.T.);
#3679=EDGE_CURVE('',#2920,#2892,#1783,.T.);
#3680=EDGE_CURVE('',#2921,#2920,#399,.T.);
#3681=EDGE_CURVE('',#2921,#2891,#1784,.T.);
#3682=EDGE_CURVE('',#2922,#2921,#1785,.T.);
#3683=EDGE_CURVE('',#2922,#2890,#1786,.T.);
#3684=EDGE_CURVE('',#2918,#2922,#400,.T.);
#3685=EDGE_CURVE('',#2865,#2857,#1787,.T.);
#3686=EDGE_CURVE('',#2923,#2923,#401,.T.);
#3687=EDGE_CURVE('',#2923,#2924,#1788,.T.);
#3688=EDGE_CURVE('',#2924,#2924,#402,.T.);
#3689=EDGE_CURVE('',#2925,#2925,#403,.T.);
#3690=EDGE_CURVE('',#2925,#2926,#1789,.T.);
#3691=EDGE_CURVE('',#2926,#2926,#404,.T.);
#3692=EDGE_CURVE('',#2927,#2927,#405,.T.);
#3693=EDGE_CURVE('',#2927,#2928,#1790,.T.);
#3694=EDGE_CURVE('',#2928,#2928,#406,.T.);
#3695=EDGE_CURVE('',#2929,#2929,#407,.T.);
#3696=EDGE_CURVE('',#2929,#2930,#1791,.T.);
#3697=EDGE_CURVE('',#2930,#2930,#408,.T.);
#3698=EDGE_CURVE('',#2931,#2932,#1792,.T.);
#3699=EDGE_CURVE('',#2931,#2933,#1793,.T.);
#3700=EDGE_CURVE('',#2934,#2933,#1794,.T.);
#3701=EDGE_CURVE('',#2932,#2934,#1795,.T.);
#3702=EDGE_CURVE('',#2932,#2935,#1796,.T.);
#3703=EDGE_CURVE('',#2936,#2934,#1797,.T.);
#3704=EDGE_CURVE('',#2935,#2936,#1798,.T.);
#3705=EDGE_CURVE('',#2935,#2937,#1799,.T.);
#3706=EDGE_CURVE('',#2938,#2936,#1800,.T.);
#3707=EDGE_CURVE('',#2937,#2938,#1801,.T.);
#3708=EDGE_CURVE('',#2937,#2931,#1802,.T.);
#3709=EDGE_CURVE('',#2933,#2938,#1803,.T.);
#3710=EDGE_CURVE('',#2939,#2940,#409,.T.);
#3711=EDGE_CURVE('',#2941,#2939,#1804,.T.);
#3712=EDGE_CURVE('',#2942,#2941,#410,.T.);
#3713=EDGE_CURVE('',#2940,#2942,#1805,.T.);
#3714=EDGE_CURVE('',#2939,#2943,#1806,.T.);
#3715=EDGE_CURVE('',#2943,#2944,#1807,.T.);
#3716=EDGE_CURVE('',#2944,#2945,#17,.T.);
#3717=EDGE_CURVE('',#2945,#2941,#1808,.T.);
#3718=EDGE_CURVE('',#2945,#2946,#1809,.T.);
#3719=EDGE_CURVE('',#2947,#2946,#411,.T.);
#3720=EDGE_CURVE('',#2948,#2947,#412,.T.);
#3721=EDGE_CURVE('',#2948,#2949,#1810,.T.);
#3722=EDGE_CURVE('',#2950,#2949,#1811,.T.);
#3723=EDGE_CURVE('',#2950,#2951,#413,.T.);
#3724=EDGE_CURVE('',#2942,#2951,#1812,.T.);
#3725=EDGE_CURVE('',#2952,#2953,#414,.T.);
#3726=EDGE_CURVE('',#2954,#2952,#1813,.T.);
#3727=EDGE_CURVE('',#2955,#2954,#415,.T.);
#3728=EDGE_CURVE('',#2953,#2955,#1814,.T.);
#3729=EDGE_CURVE('',#2952,#2956,#1815,.T.);
#3730=EDGE_CURVE('',#2956,#2957,#18,.T.);
#3731=EDGE_CURVE('',#2957,#2958,#1816,.T.);
#3732=EDGE_CURVE('',#2958,#2954,#1817,.T.);
#3733=EDGE_CURVE('',#2959,#2958,#1818,.T.);
#3734=EDGE_CURVE('',#2959,#2960,#1819,.T.);
#3735=EDGE_CURVE('',#2960,#2961,#1820,.T.);
#3736=EDGE_CURVE('',#2962,#2961,#1821,.T.);
#3737=EDGE_CURVE('',#2962,#2963,#416,.T.);
#3738=EDGE_CURVE('',#2955,#2963,#1822,.T.);
#3739=EDGE_CURVE('',#2964,#2964,#417,.T.);
#3740=EDGE_CURVE('',#2965,#2962,#1823,.T.);
#3741=EDGE_CURVE('',#2966,#2965,#418,.T.);
#3742=EDGE_CURVE('',#2963,#2966,#1824,.T.);
#3743=EDGE_CURVE('',#2961,#2967,#1825,.T.);
#3744=EDGE_CURVE('',#2967,#2968,#19,.T.);
#3745=EDGE_CURVE('',#2968,#2965,#1826,.T.);
#3746=EDGE_CURVE('',#2969,#2950,#1827,.T.);
#3747=EDGE_CURVE('',#2970,#2969,#419,.T.);
#3748=EDGE_CURVE('',#2951,#2970,#1828,.T.);
#3749=EDGE_CURVE('',#2949,#2971,#20,.T.);
#3750=EDGE_CURVE('',#2971,#2972,#1829,.T.);
#3751=EDGE_CURVE('',#2972,#2969,#1830,.T.);
#3752=EDGE_CURVE('',#2964,#2973,#1831,.T.);
#3753=EDGE_CURVE('',#2973,#2974,#420,.T.);
#3754=EDGE_CURVE('',#2974,#2975,#11,.T.);
#3755=EDGE_CURVE('',#2975,#2973,#421,.T.);
#3756=EDGE_CURVE('',#2946,#2948,#12,.T.);
#3757=EDGE_CURVE('',#2947,#2976,#1832,.T.);
#3758=EDGE_CURVE('',#2976,#2976,#422,.T.);
#3759=EDGE_CURVE('',#2953,#2966,#1833,.T.);
#3760=EDGE_CURVE('',#2968,#2974,#1834,.T.);
#3761=EDGE_CURVE('',#2975,#2956,#1835,.T.);
#3762=EDGE_CURVE('',#2940,#2970,#1836,.T.);
#3763=EDGE_CURVE('',#2977,#2944,#423,.T.);
#3764=EDGE_CURVE('',#2978,#2977,#1837,.T.);
#3765=EDGE_CURVE('',#2971,#2978,#424,.T.);
#3766=EDGE_CURVE('',#2957,#2979,#425,.T.);
#3767=EDGE_CURVE('',#2979,#2977,#426,.T.);
#3768=EDGE_CURVE('',#2943,#2980,#1838,.T.);
#3769=EDGE_CURVE('',#2959,#2980,#427,.T.);
#3770=EDGE_CURVE('',#2981,#2967,#428,.T.);
#3771=EDGE_CURVE('',#2979,#2981,#1839,.T.);
#3772=EDGE_CURVE('',#2981,#2978,#429,.T.);
#3773=EDGE_CURVE('',#2980,#2982,#1840,.T.);
#3774=EDGE_CURVE('',#2982,#2960,#430,.T.);
#3775=EDGE_CURVE('',#2972,#2982,#1841,.T.);
#3776=EDGE_CURVE('',#2983,#2984,#431,.T.);
#3777=EDGE_CURVE('',#2985,#2983,#1842,.T.);
#3778=EDGE_CURVE('',#2986,#2985,#432,.T.);
#3779=EDGE_CURVE('',#2984,#2986,#1843,.T.);
#3780=EDGE_CURVE('',#2983,#2987,#1844,.T.);
#3781=EDGE_CURVE('',#2987,#2988,#1845,.T.);
#3782=EDGE_CURVE('',#2988,#2989,#21,.T.);
#3783=EDGE_CURVE('',#2989,#2985,#1846,.T.);
#3784=EDGE_CURVE('',#2989,#2990,#1847,.T.);
#3785=EDGE_CURVE('',#2991,#2990,#433,.T.);
#3786=EDGE_CURVE('',#2992,#2991,#434,.T.);
#3787=EDGE_CURVE('',#2992,#2993,#1848,.T.);
#3788=EDGE_CURVE('',#2994,#2993,#1849,.T.);
#3789=EDGE_CURVE('',#2994,#2995,#435,.T.);
#3790=EDGE_CURVE('',#2986,#2995,#1850,.T.);
#3791=EDGE_CURVE('',#2996,#2997,#436,.T.);
#3792=EDGE_CURVE('',#2998,#2996,#1851,.T.);
#3793=EDGE_CURVE('',#2999,#2998,#437,.T.);
#3794=EDGE_CURVE('',#2997,#2999,#1852,.T.);
#3795=EDGE_CURVE('',#2996,#3000,#1853,.T.);
#3796=EDGE_CURVE('',#3000,#3001,#22,.T.);
#3797=EDGE_CURVE('',#3001,#3002,#1854,.T.);
#3798=EDGE_CURVE('',#3002,#2998,#1855,.T.);
#3799=EDGE_CURVE('',#3003,#3002,#1856,.T.);
#3800=EDGE_CURVE('',#3003,#3004,#1857,.T.);
#3801=EDGE_CURVE('',#3004,#3005,#1858,.T.);
#3802=EDGE_CURVE('',#3006,#3005,#1859,.T.);
#3803=EDGE_CURVE('',#3006,#3007,#438,.T.);
#3804=EDGE_CURVE('',#2999,#3007,#1860,.T.);
#3805=EDGE_CURVE('',#3008,#3008,#439,.T.);
#3806=EDGE_CURVE('',#3009,#3006,#1861,.T.);
#3807=EDGE_CURVE('',#3010,#3009,#440,.T.);
#3808=EDGE_CURVE('',#3007,#3010,#1862,.T.);
#3809=EDGE_CURVE('',#3005,#3011,#1863,.T.);
#3810=EDGE_CURVE('',#3011,#3012,#23,.T.);
#3811=EDGE_CURVE('',#3012,#3009,#1864,.T.);
#3812=EDGE_CURVE('',#3013,#2994,#1865,.T.);
#3813=EDGE_CURVE('',#3014,#3013,#441,.T.);
#3814=EDGE_CURVE('',#2995,#3014,#1866,.T.);
#3815=EDGE_CURVE('',#2993,#3015,#24,.T.);
#3816=EDGE_CURVE('',#3015,#3016,#1867,.T.);
#3817=EDGE_CURVE('',#3016,#3013,#1868,.T.);
#3818=EDGE_CURVE('',#3008,#3017,#1869,.T.);
#3819=EDGE_CURVE('',#3017,#3018,#442,.T.);
#3820=EDGE_CURVE('',#3018,#3019,#13,.T.);
#3821=EDGE_CURVE('',#3019,#3017,#443,.T.);
#3822=EDGE_CURVE('',#2990,#2992,#14,.T.);
#3823=EDGE_CURVE('',#2991,#3020,#1870,.T.);
#3824=EDGE_CURVE('',#3020,#3020,#444,.T.);
#3825=EDGE_CURVE('',#2997,#3010,#1871,.T.);
#3826=EDGE_CURVE('',#3012,#3018,#1872,.T.);
#3827=EDGE_CURVE('',#3019,#3000,#1873,.T.);
#3828=EDGE_CURVE('',#2984,#3014,#1874,.T.);
#3829=EDGE_CURVE('',#3021,#2988,#445,.T.);
#3830=EDGE_CURVE('',#3022,#3021,#1875,.T.);
#3831=EDGE_CURVE('',#3015,#3022,#446,.T.);
#3832=EDGE_CURVE('',#3001,#3023,#447,.T.);
#3833=EDGE_CURVE('',#3023,#3021,#448,.T.);
#3834=EDGE_CURVE('',#2987,#3024,#1876,.T.);
#3835=EDGE_CURVE('',#3003,#3024,#449,.T.);
#3836=EDGE_CURVE('',#3025,#3011,#450,.T.);
#3837=EDGE_CURVE('',#3023,#3025,#1877,.T.);
#3838=EDGE_CURVE('',#3025,#3022,#451,.T.);
#3839=EDGE_CURVE('',#3024,#3026,#1878,.T.);
#3840=EDGE_CURVE('',#3026,#3004,#452,.T.);
#3841=EDGE_CURVE('',#3016,#3026,#1879,.T.);
#3842=EDGE_CURVE('',#3027,#3028,#453,.T.);
#3843=EDGE_CURVE('',#3028,#3029,#1880,.T.);
#3844=EDGE_CURVE('',#3029,#3030,#454,.T.);
#3845=EDGE_CURVE('',#3030,#3027,#1881,.T.);
#3846=EDGE_CURVE('',#3031,#3030,#1882,.T.);
#3847=EDGE_CURVE('',#3032,#3031,#25,.T.);
#3848=EDGE_CURVE('',#3033,#3032,#1883,.T.);
#3849=EDGE_CURVE('',#3027,#3033,#1884,.T.);
#3850=EDGE_CURVE('',#3029,#3034,#1885,.T.);
#3851=EDGE_CURVE('',#3035,#3034,#455,.T.);
#3852=EDGE_CURVE('',#3035,#3036,#1886,.T.);
#3853=EDGE_CURVE('',#3037,#3036,#1887,.T.);
#3854=EDGE_CURVE('',#3037,#3038,#456,.T.);
#3855=EDGE_CURVE('',#3038,#3039,#457,.T.);
#3856=EDGE_CURVE('',#3031,#3039,#1888,.T.);
#3857=EDGE_CURVE('',#3040,#3041,#458,.T.);
#3858=EDGE_CURVE('',#3041,#3042,#1889,.T.);
#3859=EDGE_CURVE('',#3042,#3043,#459,.T.);
#3860=EDGE_CURVE('',#3043,#3040,#1890,.T.);
#3861=EDGE_CURVE('',#3044,#3043,#1891,.T.);
#3862=EDGE_CURVE('',#3045,#3044,#1892,.T.);
#3863=EDGE_CURVE('',#3046,#3045,#26,.T.);
#3864=EDGE_CURVE('',#3040,#3046,#1893,.T.);
#3865=EDGE_CURVE('',#3042,#3047,#1894,.T.);
#3866=EDGE_CURVE('',#3048,#3047,#460,.T.);
#3867=EDGE_CURVE('',#3048,#3049,#1895,.T.);
#3868=EDGE_CURVE('',#3050,#3049,#1896,.T.);
#3869=EDGE_CURVE('',#3051,#3050,#1897,.T.);
#3870=EDGE_CURVE('',#3051,#3044,#1898,.T.);
#3871=EDGE_CURVE('',#3052,#3052,#461,.T.);
#3872=EDGE_CURVE('',#3047,#3053,#1899,.T.);
#3873=EDGE_CURVE('',#3053,#3054,#462,.T.);
#3874=EDGE_CURVE('',#3054,#3048,#1900,.T.);
#3875=EDGE_CURVE('',#3055,#3054,#1901,.T.);
#3876=EDGE_CURVE('',#3056,#3055,#27,.T.);
#3877=EDGE_CURVE('',#3049,#3056,#1902,.T.);
#3878=EDGE_CURVE('',#3034,#3057,#1903,.T.);
#3879=EDGE_CURVE('',#3057,#3058,#463,.T.);
#3880=EDGE_CURVE('',#3058,#3035,#1904,.T.);
#3881=EDGE_CURVE('',#3059,#3058,#1905,.T.);
#3882=EDGE_CURVE('',#3060,#3059,#1906,.T.);
#3883=EDGE_CURVE('',#3036,#3060,#28,.T.);
#3884=EDGE_CURVE('',#3052,#3061,#1907,.T.);
#3885=EDGE_CURVE('',#3062,#3061,#464,.T.);
#3886=EDGE_CURVE('',#3063,#3062,#15,.T.);
#3887=EDGE_CURVE('',#3061,#3063,#465,.T.);
#3888=EDGE_CURVE('',#3039,#3037,#16,.T.);
#3889=EDGE_CURVE('',#3038,#3064,#1908,.T.);
#3890=EDGE_CURVE('',#3064,#3064,#466,.T.);
#3891=EDGE_CURVE('',#3062,#3046,#1909,.T.);
#3892=EDGE_CURVE('',#3055,#3063,#1910,.T.);
#3893=EDGE_CURVE('',#3041,#3053,#1911,.T.);
#3894=EDGE_CURVE('',#3028,#3057,#1912,.T.);
#3895=EDGE_CURVE('',#3060,#3065,#467,.T.);
#3896=EDGE_CURVE('',#3065,#3066,#1913,.T.);
#3897=EDGE_CURVE('',#3066,#3032,#468,.T.);
#3898=EDGE_CURVE('',#3051,#3067,#469,.T.);
#3899=EDGE_CURVE('',#3033,#3067,#1914,.T.);
#3900=EDGE_CURVE('',#3068,#3066,#470,.T.);
#3901=EDGE_CURVE('',#3045,#3068,#471,.T.);
#3902=EDGE_CURVE('',#3068,#3069,#1915,.T.);
#3903=EDGE_CURVE('',#3069,#3056,#472,.T.);
#3904=EDGE_CURVE('',#3069,#3065,#473,.T.);
#3905=EDGE_CURVE('',#3070,#3050,#474,.T.);
#3906=EDGE_CURVE('',#3067,#3070,#1916,.T.);
#3907=EDGE_CURVE('',#3059,#3070,#1917,.T.);
#3908=EDGE_CURVE('',#3071,#3071,#475,.T.);
#3909=EDGE_CURVE('',#3072,#3072,#476,.T.);
#3910=EDGE_CURVE('',#3071,#3072,#1918,.T.);
#3911=EDGE_CURVE('',#3073,#3073,#477,.T.);
#3912=EDGE_CURVE('',#3074,#3074,#478,.T.);
#3913=EDGE_CURVE('',#3073,#3074,#1919,.T.);
#3914=EDGE_CURVE('',#3075,#3075,#479,.T.);
#3915=EDGE_CURVE('',#3076,#3076,#480,.T.);
#3916=EDGE_CURVE('',#3075,#3076,#1920,.T.);
#3917=EDGE_CURVE('',#3077,#3077,#481,.T.);
#3918=EDGE_CURVE('',#3078,#3078,#482,.T.);
#3919=EDGE_CURVE('',#3077,#3078,#1921,.T.);
#3920=EDGE_CURVE('',#3079,#3080,#1922,.T.);
#3921=EDGE_CURVE('',#3080,#3081,#483,.T.);
#3922=EDGE_CURVE('',#3081,#3082,#1923,.T.);
#3923=EDGE_CURVE('',#3082,#3083,#484,.T.);
#3924=EDGE_CURVE('',#3083,#3084,#1924,.T.);
#3925=EDGE_CURVE('',#3084,#3085,#485,.T.);
#3926=EDGE_CURVE('',#3085,#3086,#486,.T.);
#3927=EDGE_CURVE('',#3086,#3087,#1925,.T.);
#3928=EDGE_CURVE('',#3087,#3088,#487,.T.);
#3929=EDGE_CURVE('',#3088,#3089,#1926,.T.);
#3930=EDGE_CURVE('',#3089,#3090,#488,.T.);
#3931=EDGE_CURVE('',#3090,#3091,#1927,.T.);
#3932=EDGE_CURVE('',#3091,#3092,#489,.T.);
#3933=EDGE_CURVE('',#3092,#3093,#1928,.T.);
#3934=EDGE_CURVE('',#3093,#3094,#1929,.T.);
#3935=EDGE_CURVE('',#3094,#3095,#1930,.T.);
#3936=EDGE_CURVE('',#3096,#3095,#1931,.T.);
#3937=EDGE_CURVE('',#3097,#3096,#1932,.T.);
#3938=EDGE_CURVE('',#3098,#3097,#1933,.T.);
#3939=EDGE_CURVE('',#3099,#3098,#490,.T.);
#3940=EDGE_CURVE('',#3100,#3099,#1934,.T.);
#3941=EDGE_CURVE('',#3101,#3100,#491,.T.);
#3942=EDGE_CURVE('',#3102,#3101,#1935,.T.);
#3943=EDGE_CURVE('',#3103,#3102,#492,.T.);
#3944=EDGE_CURVE('',#3104,#3103,#1936,.T.);
#3945=EDGE_CURVE('',#3105,#3104,#493,.T.);
#3946=EDGE_CURVE('',#3106,#3105,#494,.T.);
#3947=EDGE_CURVE('',#3107,#3106,#1937,.T.);
#3948=EDGE_CURVE('',#3108,#3107,#495,.T.);
#3949=EDGE_CURVE('',#3109,#3108,#1938,.T.);
#3950=EDGE_CURVE('',#3110,#3109,#496,.T.);
#3951=EDGE_CURVE('',#3079,#3110,#1939,.T.);
#3952=EDGE_CURVE('',#3111,#3112,#1940,.T.);
#3953=EDGE_CURVE('',#3112,#3113,#497,.T.);
#3954=EDGE_CURVE('',#3113,#3114,#1941,.T.);
#3955=EDGE_CURVE('',#3114,#3115,#498,.T.);
#3956=EDGE_CURVE('',#3115,#3116,#1942,.T.);
#3957=EDGE_CURVE('',#3116,#3117,#499,.T.);
#3958=EDGE_CURVE('',#3117,#3118,#1943,.T.);
#3959=EDGE_CURVE('',#3118,#3111,#500,.T.);
#3960=EDGE_CURVE('',#3119,#3119,#501,.T.);
#3961=EDGE_CURVE('',#3120,#3120,#502,.T.);
#3962=EDGE_CURVE('',#3121,#3121,#503,.T.);
#3963=EDGE_CURVE('',#3122,#3122,#504,.T.);
#3964=EDGE_CURVE('',#3123,#3123,#505,.T.);
#3965=EDGE_CURVE('',#3124,#3124,#506,.T.);
#3966=EDGE_CURVE('',#3125,#3125,#507,.T.);
#3967=EDGE_CURVE('',#3126,#3127,#1944,.T.);
#3968=EDGE_CURVE('',#3128,#3126,#508,.T.);
#3969=EDGE_CURVE('',#3129,#3128,#1945,.T.);
#3970=EDGE_CURVE('',#3130,#3129,#509,.T.);
#3971=EDGE_CURVE('',#3131,#3130,#1946,.T.);
#3972=EDGE_CURVE('',#3132,#3131,#510,.T.);
#3973=EDGE_CURVE('',#3133,#3132,#1947,.T.);
#3974=EDGE_CURVE('',#3127,#3133,#511,.T.);
#3975=EDGE_CURVE('',#3134,#3135,#512,.T.);
#3976=EDGE_CURVE('',#3135,#3128,#1948,.T.);
#3977=EDGE_CURVE('',#3134,#3126,#1949,.T.);
#3978=EDGE_CURVE('',#3135,#3136,#1950,.T.);
#3979=EDGE_CURVE('',#3136,#3129,#1951,.T.);
#3980=EDGE_CURVE('',#3136,#3137,#513,.T.);
#3981=EDGE_CURVE('',#3137,#3130,#1952,.T.);
#3982=EDGE_CURVE('',#3137,#3138,#1953,.T.);
#3983=EDGE_CURVE('',#3138,#3131,#1954,.T.);
#3984=EDGE_CURVE('',#3138,#3139,#514,.T.);
#3985=EDGE_CURVE('',#3139,#3132,#1955,.T.);
#3986=EDGE_CURVE('',#3139,#3140,#1956,.T.);
#3987=EDGE_CURVE('',#3140,#3133,#1957,.T.);
#3988=EDGE_CURVE('',#3140,#3141,#515,.T.);
#3989=EDGE_CURVE('',#3141,#3127,#1958,.T.);
#3990=EDGE_CURVE('',#3134,#3141,#1959,.T.);
#3991=EDGE_CURVE('',#3125,#3142,#1960,.T.);
#3992=EDGE_CURVE('',#3142,#3142,#516,.T.);
#3993=EDGE_CURVE('',#3124,#3143,#1961,.T.);
#3994=EDGE_CURVE('',#3143,#3143,#517,.T.);
#3995=EDGE_CURVE('',#3123,#3144,#1962,.T.);
#3996=EDGE_CURVE('',#3144,#3144,#518,.T.);
#3997=EDGE_CURVE('',#3122,#3145,#1963,.T.);
#3998=EDGE_CURVE('',#3145,#3145,#519,.T.);
#3999=EDGE_CURVE('',#3146,#3147,#1964,.T.);
#4000=EDGE_CURVE('',#3147,#3098,#1965,.T.);
#4001=EDGE_CURVE('',#3146,#3097,#1966,.T.);
#4002=EDGE_CURVE('',#3147,#3148,#520,.T.);
#4003=EDGE_CURVE('',#3148,#3099,#1967,.T.);
#4004=EDGE_CURVE('',#3149,#3148,#1968,.T.);
#4005=EDGE_CURVE('',#3149,#3100,#1969,.T.);
#4006=EDGE_CURVE('',#3150,#3149,#521,.T.);
#4007=EDGE_CURVE('',#3150,#3101,#1970,.T.);
#4008=EDGE_CURVE('',#3150,#3151,#1971,.T.);
#4009=EDGE_CURVE('',#3151,#3102,#1972,.T.);
#4010=EDGE_CURVE('',#3152,#3151,#522,.T.);
#4011=EDGE_CURVE('',#3152,#3103,#1973,.T.);
#4012=EDGE_CURVE('',#3152,#3153,#1974,.T.);
#4013=EDGE_CURVE('',#3153,#3104,#1975,.T.);
#4014=EDGE_CURVE('',#3153,#3154,#523,.T.);
#4015=EDGE_CURVE('',#3154,#3105,#1976,.T.);
#4016=EDGE_CURVE('',#3155,#3154,#524,.T.);
#4017=EDGE_CURVE('',#3155,#3106,#1977,.T.);
#4018=EDGE_CURVE('',#3155,#3156,#1978,.T.);
#4019=EDGE_CURVE('',#3156,#3107,#1979,.T.);
#4020=EDGE_CURVE('',#3156,#3157,#525,.T.);
#4021=EDGE_CURVE('',#3157,#3108,#1980,.T.);
#4022=EDGE_CURVE('',#3157,#3158,#1981,.T.);
#4023=EDGE_CURVE('',#3158,#3109,#1982,.T.);
#4024=EDGE_CURVE('',#3159,#3158,#526,.T.);
#4025=EDGE_CURVE('',#3159,#3110,#1983,.T.);
#4026=EDGE_CURVE('',#3159,#3160,#1984,.T.);
#4027=EDGE_CURVE('',#3160,#3079,#1985,.T.);
#4028=EDGE_CURVE('',#3161,#3162,#1986,.T.);
#4029=EDGE_CURVE('',#3161,#3096,#1987,.T.);
#4030=EDGE_CURVE('',#3162,#3095,#1988,.T.);
#4031=EDGE_CURVE('',#3161,#3146,#1989,.T.);
#4032=EDGE_CURVE('',#3163,#3164,#527,.T.);
#4033=EDGE_CURVE('',#3163,#3111,#1990,.T.);
#4034=EDGE_CURVE('',#3164,#3118,#1991,.T.);
#4035=EDGE_CURVE('',#3164,#3165,#1992,.T.);
#4036=EDGE_CURVE('',#3165,#3117,#1993,.T.);
#4037=EDGE_CURVE('',#3165,#3166,#528,.T.);
#4038=EDGE_CURVE('',#3166,#3116,#1994,.T.);
#4039=EDGE_CURVE('',#3166,#3167,#1995,.T.);
#4040=EDGE_CURVE('',#3167,#3115,#1996,.T.);
#4041=EDGE_CURVE('',#3167,#3168,#529,.T.);
#4042=EDGE_CURVE('',#3168,#3114,#1997,.T.);
#4043=EDGE_CURVE('',#3168,#3169,#1998,.T.);
#4044=EDGE_CURVE('',#3169,#3113,#1999,.T.);
#4045=EDGE_CURVE('',#3169,#3170,#530,.T.);
#4046=EDGE_CURVE('',#3170,#3112,#2000,.T.);
#4047=EDGE_CURVE('',#3163,#3170,#2001,.T.);
#4048=EDGE_CURVE('',#3119,#3171,#2002,.T.);
#4049=EDGE_CURVE('',#3171,#3171,#531,.T.);
#4050=EDGE_CURVE('',#3120,#3172,#2003,.T.);
#4051=EDGE_CURVE('',#3172,#3172,#532,.T.);
#4052=EDGE_CURVE('',#3121,#3173,#2004,.T.);
#4053=EDGE_CURVE('',#3173,#3173,#533,.T.);
#4054=EDGE_CURVE('',#3174,#3175,#2005,.T.);
#4055=EDGE_CURVE('',#3174,#3093,#2006,.T.);
#4056=EDGE_CURVE('',#3175,#3092,#2007,.T.);
#4057=EDGE_CURVE('',#3175,#3176,#534,.T.);
#4058=EDGE_CURVE('',#3176,#3091,#2008,.T.);
#4059=EDGE_CURVE('',#3177,#3176,#2009,.T.);
#4060=EDGE_CURVE('',#3177,#3090,#2010,.T.);
#4061=EDGE_CURVE('',#3178,#3177,#535,.T.);
#4062=EDGE_CURVE('',#3178,#3089,#2011,.T.);
#4063=EDGE_CURVE('',#3178,#3179,#2012,.T.);
#4064=EDGE_CURVE('',#3179,#3088,#2013,.T.);
#4065=EDGE_CURVE('',#3180,#3179,#536,.T.);
#4066=EDGE_CURVE('',#3180,#3087,#2014,.T.);
#4067=EDGE_CURVE('',#3180,#3181,#2015,.T.);
#4068=EDGE_CURVE('',#3181,#3086,#2016,.T.);
#4069=EDGE_CURVE('',#3181,#3182,#537,.T.);
#4070=EDGE_CURVE('',#3182,#3085,#2017,.T.);
#4071=EDGE_CURVE('',#3183,#3182,#538,.T.);
#4072=EDGE_CURVE('',#3183,#3084,#2018,.T.);
#4073=EDGE_CURVE('',#3183,#3184,#2019,.T.);
#4074=EDGE_CURVE('',#3184,#3083,#2020,.T.);
#4075=EDGE_CURVE('',#3184,#3185,#539,.T.);
#4076=EDGE_CURVE('',#3185,#3082,#2021,.T.);
#4077=EDGE_CURVE('',#3185,#3186,#2022,.T.);
#4078=EDGE_CURVE('',#3186,#3081,#2023,.T.);
#4079=EDGE_CURVE('',#3187,#3186,#540,.T.);
#4080=EDGE_CURVE('',#3187,#3080,#2024,.T.);
#4081=EDGE_CURVE('',#3187,#3160,#2025,.T.);
#4082=EDGE_CURVE('',#3188,#3162,#2026,.T.);
#4083=EDGE_CURVE('',#3188,#3094,#2027,.T.);
#4084=EDGE_CURVE('',#3188,#3174,#2028,.T.);
#4085=ORIENTED_EDGE('',*,*,#3189,.F.);
#4086=ORIENTED_EDGE('',*,*,#3190,.T.);
#4087=ORIENTED_EDGE('',*,*,#3191,.F.);
#4088=ORIENTED_EDGE('',*,*,#3192,.F.);
#4089=ORIENTED_EDGE('',*,*,#3193,.F.);
#4090=ORIENTED_EDGE('',*,*,#3192,.T.);
#4091=ORIENTED_EDGE('',*,*,#3194,.F.);
#4092=ORIENTED_EDGE('',*,*,#3195,.F.);
#4093=ORIENTED_EDGE('',*,*,#3196,.F.);
#4094=ORIENTED_EDGE('',*,*,#3195,.T.);
#4095=ORIENTED_EDGE('',*,*,#3197,.F.);
#4096=ORIENTED_EDGE('',*,*,#3198,.F.);
#4097=ORIENTED_EDGE('',*,*,#3199,.F.);
#4098=ORIENTED_EDGE('',*,*,#3198,.T.);
#4099=ORIENTED_EDGE('',*,*,#3200,.F.);
#4100=ORIENTED_EDGE('',*,*,#3190,.F.);
#4101=ORIENTED_EDGE('',*,*,#3200,.T.);
#4102=ORIENTED_EDGE('',*,*,#3197,.T.);
#4103=ORIENTED_EDGE('',*,*,#3194,.T.);
#4104=ORIENTED_EDGE('',*,*,#3191,.T.);
#4105=ORIENTED_EDGE('',*,*,#3199,.T.);
#4106=ORIENTED_EDGE('',*,*,#3189,.T.);
#4107=ORIENTED_EDGE('',*,*,#3193,.T.);
#4108=ORIENTED_EDGE('',*,*,#3196,.T.);
#4109=ORIENTED_EDGE('',*,*,#3201,.F.);
#4110=ORIENTED_EDGE('',*,*,#3202,.T.);
#4111=ORIENTED_EDGE('',*,*,#3203,.F.);
#4112=ORIENTED_EDGE('',*,*,#3204,.F.);
#4113=ORIENTED_EDGE('',*,*,#3205,.F.);
#4114=ORIENTED_EDGE('',*,*,#3204,.T.);
#4115=ORIENTED_EDGE('',*,*,#3206,.F.);
#4116=ORIENTED_EDGE('',*,*,#3207,.F.);
#4117=ORIENTED_EDGE('',*,*,#3208,.F.);
#4118=ORIENTED_EDGE('',*,*,#3207,.T.);
#4119=ORIENTED_EDGE('',*,*,#3209,.F.);
#4120=ORIENTED_EDGE('',*,*,#3210,.F.);
#4121=ORIENTED_EDGE('',*,*,#3211,.F.);
#4122=ORIENTED_EDGE('',*,*,#3210,.T.);
#4123=ORIENTED_EDGE('',*,*,#3212,.F.);
#4124=ORIENTED_EDGE('',*,*,#3202,.F.);
#4125=ORIENTED_EDGE('',*,*,#3213,.F.);
#4126=ORIENTED_EDGE('',*,*,#3214,.T.);
#4127=ORIENTED_EDGE('',*,*,#3215,.F.);
#4128=ORIENTED_EDGE('',*,*,#3216,.F.);
#4129=ORIENTED_EDGE('',*,*,#3217,.F.);
#4130=ORIENTED_EDGE('',*,*,#3216,.T.);
#4131=ORIENTED_EDGE('',*,*,#3218,.F.);
#4132=ORIENTED_EDGE('',*,*,#3219,.F.);
#4133=ORIENTED_EDGE('',*,*,#3220,.F.);
#4134=ORIENTED_EDGE('',*,*,#3219,.T.);
#4135=ORIENTED_EDGE('',*,*,#3221,.F.);
#4136=ORIENTED_EDGE('',*,*,#3222,.F.);
#4137=ORIENTED_EDGE('',*,*,#3223,.F.);
#4138=ORIENTED_EDGE('',*,*,#3222,.T.);
#4139=ORIENTED_EDGE('',*,*,#3224,.F.);
#4140=ORIENTED_EDGE('',*,*,#3225,.F.);
#4141=ORIENTED_EDGE('',*,*,#3226,.F.);
#4142=ORIENTED_EDGE('',*,*,#3225,.T.);
#4143=ORIENTED_EDGE('',*,*,#3227,.F.);
#4144=ORIENTED_EDGE('',*,*,#3228,.F.);
#4145=ORIENTED_EDGE('',*,*,#3229,.F.);
#4146=ORIENTED_EDGE('',*,*,#3228,.T.);
#4147=ORIENTED_EDGE('',*,*,#3230,.F.);
#4148=ORIENTED_EDGE('',*,*,#3214,.F.);
#4149=ORIENTED_EDGE('',*,*,#3231,.F.);
#4150=ORIENTED_EDGE('',*,*,#3232,.T.);
#4151=ORIENTED_EDGE('',*,*,#3233,.F.);
#4152=ORIENTED_EDGE('',*,*,#3234,.F.);
#4153=ORIENTED_EDGE('',*,*,#3235,.F.);
#4154=ORIENTED_EDGE('',*,*,#3234,.T.);
#4155=ORIENTED_EDGE('',*,*,#3236,.F.);
#4156=ORIENTED_EDGE('',*,*,#3237,.F.);
#4157=ORIENTED_EDGE('',*,*,#3238,.F.);
#4158=ORIENTED_EDGE('',*,*,#3237,.T.);
#4159=ORIENTED_EDGE('',*,*,#3239,.F.);
#4160=ORIENTED_EDGE('',*,*,#3240,.F.);
#4161=ORIENTED_EDGE('',*,*,#3241,.F.);
#4162=ORIENTED_EDGE('',*,*,#3240,.T.);
#4163=ORIENTED_EDGE('',*,*,#3242,.F.);
#4164=ORIENTED_EDGE('',*,*,#3243,.F.);
#4165=ORIENTED_EDGE('',*,*,#3244,.F.);
#4166=ORIENTED_EDGE('',*,*,#3243,.T.);
#4167=ORIENTED_EDGE('',*,*,#3245,.F.);
#4168=ORIENTED_EDGE('',*,*,#3246,.F.);
#4169=ORIENTED_EDGE('',*,*,#3247,.F.);
#4170=ORIENTED_EDGE('',*,*,#3246,.T.);
#4171=ORIENTED_EDGE('',*,*,#3248,.F.);
#4172=ORIENTED_EDGE('',*,*,#3232,.F.);
#4173=ORIENTED_EDGE('',*,*,#3249,.F.);
#4174=ORIENTED_EDGE('',*,*,#3250,.T.);
#4175=ORIENTED_EDGE('',*,*,#3251,.F.);
#4176=ORIENTED_EDGE('',*,*,#3252,.F.);
#4177=ORIENTED_EDGE('',*,*,#3253,.F.);
#4178=ORIENTED_EDGE('',*,*,#3252,.T.);
#4179=ORIENTED_EDGE('',*,*,#3254,.F.);
#4180=ORIENTED_EDGE('',*,*,#3255,.F.);
#4181=ORIENTED_EDGE('',*,*,#3256,.F.);
#4182=ORIENTED_EDGE('',*,*,#3255,.T.);
#4183=ORIENTED_EDGE('',*,*,#3257,.F.);
#4184=ORIENTED_EDGE('',*,*,#3258,.F.);
#4185=ORIENTED_EDGE('',*,*,#3259,.F.);
#4186=ORIENTED_EDGE('',*,*,#3258,.T.);
#4187=ORIENTED_EDGE('',*,*,#3260,.F.);
#4188=ORIENTED_EDGE('',*,*,#3261,.F.);
#4189=ORIENTED_EDGE('',*,*,#3262,.F.);
#4190=ORIENTED_EDGE('',*,*,#3261,.T.);
#4191=ORIENTED_EDGE('',*,*,#3263,.F.);
#4192=ORIENTED_EDGE('',*,*,#3264,.F.);
#4193=ORIENTED_EDGE('',*,*,#3265,.F.);
#4194=ORIENTED_EDGE('',*,*,#3264,.T.);
#4195=ORIENTED_EDGE('',*,*,#3266,.F.);
#4196=ORIENTED_EDGE('',*,*,#3250,.F.);
#4197=ORIENTED_EDGE('',*,*,#3267,.F.);
#4198=ORIENTED_EDGE('',*,*,#3268,.T.);
#4199=ORIENTED_EDGE('',*,*,#3269,.F.);
#4200=ORIENTED_EDGE('',*,*,#3270,.F.);
#4201=ORIENTED_EDGE('',*,*,#3271,.F.);
#4202=ORIENTED_EDGE('',*,*,#3270,.T.);
#4203=ORIENTED_EDGE('',*,*,#3272,.F.);
#4204=ORIENTED_EDGE('',*,*,#3273,.F.);
#4205=ORIENTED_EDGE('',*,*,#3274,.F.);
#4206=ORIENTED_EDGE('',*,*,#3273,.T.);
#4207=ORIENTED_EDGE('',*,*,#3275,.F.);
#4208=ORIENTED_EDGE('',*,*,#3276,.F.);
#4209=ORIENTED_EDGE('',*,*,#3277,.F.);
#4210=ORIENTED_EDGE('',*,*,#3276,.T.);
#4211=ORIENTED_EDGE('',*,*,#3278,.F.);
#4212=ORIENTED_EDGE('',*,*,#3279,.F.);
#4213=ORIENTED_EDGE('',*,*,#3280,.F.);
#4214=ORIENTED_EDGE('',*,*,#3279,.T.);
#4215=ORIENTED_EDGE('',*,*,#3281,.F.);
#4216=ORIENTED_EDGE('',*,*,#3282,.F.);
#4217=ORIENTED_EDGE('',*,*,#3283,.F.);
#4218=ORIENTED_EDGE('',*,*,#3282,.T.);
#4219=ORIENTED_EDGE('',*,*,#3284,.F.);
#4220=ORIENTED_EDGE('',*,*,#3268,.F.);
#4221=ORIENTED_EDGE('',*,*,#3285,.F.);
#4222=ORIENTED_EDGE('',*,*,#3286,.T.);
#4223=ORIENTED_EDGE('',*,*,#3287,.F.);
#4224=ORIENTED_EDGE('',*,*,#3288,.F.);
#4225=ORIENTED_EDGE('',*,*,#3289,.F.);
#4226=ORIENTED_EDGE('',*,*,#3288,.T.);
#4227=ORIENTED_EDGE('',*,*,#3290,.F.);
#4228=ORIENTED_EDGE('',*,*,#3291,.F.);
#4229=ORIENTED_EDGE('',*,*,#3292,.F.);
#4230=ORIENTED_EDGE('',*,*,#3291,.T.);
#4231=ORIENTED_EDGE('',*,*,#3293,.F.);
#4232=ORIENTED_EDGE('',*,*,#3294,.F.);
#4233=ORIENTED_EDGE('',*,*,#3295,.F.);
#4234=ORIENTED_EDGE('',*,*,#3294,.T.);
#4235=ORIENTED_EDGE('',*,*,#3296,.F.);
#4236=ORIENTED_EDGE('',*,*,#3297,.F.);
#4237=ORIENTED_EDGE('',*,*,#3298,.F.);
#4238=ORIENTED_EDGE('',*,*,#3297,.T.);
#4239=ORIENTED_EDGE('',*,*,#3299,.F.);
#4240=ORIENTED_EDGE('',*,*,#3300,.F.);
#4241=ORIENTED_EDGE('',*,*,#3301,.F.);
#4242=ORIENTED_EDGE('',*,*,#3300,.T.);
#4243=ORIENTED_EDGE('',*,*,#3302,.F.);
#4244=ORIENTED_EDGE('',*,*,#3286,.F.);
#4245=ORIENTED_EDGE('',*,*,#3303,.F.);
#4246=ORIENTED_EDGE('',*,*,#3304,.T.);
#4247=ORIENTED_EDGE('',*,*,#3305,.F.);
#4248=ORIENTED_EDGE('',*,*,#3306,.F.);
#4249=ORIENTED_EDGE('',*,*,#3307,.F.);
#4250=ORIENTED_EDGE('',*,*,#3306,.T.);
#4251=ORIENTED_EDGE('',*,*,#3308,.F.);
#4252=ORIENTED_EDGE('',*,*,#3309,.F.);
#4253=ORIENTED_EDGE('',*,*,#3310,.F.);
#4254=ORIENTED_EDGE('',*,*,#3309,.T.);
#4255=ORIENTED_EDGE('',*,*,#3311,.F.);
#4256=ORIENTED_EDGE('',*,*,#3312,.F.);
#4257=ORIENTED_EDGE('',*,*,#3313,.F.);
#4258=ORIENTED_EDGE('',*,*,#3312,.T.);
#4259=ORIENTED_EDGE('',*,*,#3314,.F.);
#4260=ORIENTED_EDGE('',*,*,#3304,.F.);
#4261=ORIENTED_EDGE('',*,*,#3315,.F.);
#4262=ORIENTED_EDGE('',*,*,#3316,.T.);
#4263=ORIENTED_EDGE('',*,*,#3317,.F.);
#4264=ORIENTED_EDGE('',*,*,#3318,.F.);
#4265=ORIENTED_EDGE('',*,*,#3319,.F.);
#4266=ORIENTED_EDGE('',*,*,#3318,.T.);
#4267=ORIENTED_EDGE('',*,*,#3320,.F.);
#4268=ORIENTED_EDGE('',*,*,#3321,.F.);
#4269=ORIENTED_EDGE('',*,*,#3322,.F.);
#4270=ORIENTED_EDGE('',*,*,#3321,.T.);
#4271=ORIENTED_EDGE('',*,*,#3323,.F.);
#4272=ORIENTED_EDGE('',*,*,#3324,.F.);
#4273=ORIENTED_EDGE('',*,*,#3325,.F.);
#4274=ORIENTED_EDGE('',*,*,#3324,.T.);
#4275=ORIENTED_EDGE('',*,*,#3326,.F.);
#4276=ORIENTED_EDGE('',*,*,#3327,.F.);
#4277=ORIENTED_EDGE('',*,*,#3328,.F.);
#4278=ORIENTED_EDGE('',*,*,#3327,.T.);
#4279=ORIENTED_EDGE('',*,*,#3329,.F.);
#4280=ORIENTED_EDGE('',*,*,#3330,.F.);
#4281=ORIENTED_EDGE('',*,*,#3331,.F.);
#4282=ORIENTED_EDGE('',*,*,#3330,.T.);
#4283=ORIENTED_EDGE('',*,*,#3332,.F.);
#4284=ORIENTED_EDGE('',*,*,#3316,.F.);
#4285=ORIENTED_EDGE('',*,*,#3333,.T.);
#4286=ORIENTED_EDGE('',*,*,#3334,.F.);
#4287=ORIENTED_EDGE('',*,*,#3335,.F.);
#4288=ORIENTED_EDGE('',*,*,#3336,.F.);
#4289=ORIENTED_EDGE('',*,*,#3337,.T.);
#4290=ORIENTED_EDGE('',*,*,#3336,.T.);
#4291=ORIENTED_EDGE('',*,*,#3338,.F.);
#4292=ORIENTED_EDGE('',*,*,#3339,.F.);
#4293=ORIENTED_EDGE('',*,*,#3340,.T.);
#4294=ORIENTED_EDGE('',*,*,#3339,.T.);
#4295=ORIENTED_EDGE('',*,*,#3341,.F.);
#4296=ORIENTED_EDGE('',*,*,#3342,.F.);
#4297=ORIENTED_EDGE('',*,*,#3343,.T.);
#4298=ORIENTED_EDGE('',*,*,#3344,.F.);
#4299=ORIENTED_EDGE('',*,*,#3345,.F.);
#4300=ORIENTED_EDGE('',*,*,#3346,.F.);
#4301=ORIENTED_EDGE('',*,*,#3347,.F.);
#4302=ORIENTED_EDGE('',*,*,#3348,.F.);
#4303=ORIENTED_EDGE('',*,*,#3349,.F.);
#4304=ORIENTED_EDGE('',*,*,#3350,.F.);
#4305=ORIENTED_EDGE('',*,*,#3351,.T.);
#4306=ORIENTED_EDGE('',*,*,#3350,.T.);
#4307=ORIENTED_EDGE('',*,*,#3352,.F.);
#4308=ORIENTED_EDGE('',*,*,#3353,.F.);
#4309=ORIENTED_EDGE('',*,*,#3354,.F.);
#4310=ORIENTED_EDGE('',*,*,#3353,.T.);
#4311=ORIENTED_EDGE('',*,*,#3355,.F.);
#4312=ORIENTED_EDGE('',*,*,#3356,.F.);
#4313=ORIENTED_EDGE('',*,*,#3357,.T.);
#4314=ORIENTED_EDGE('',*,*,#3358,.F.);
#4315=ORIENTED_EDGE('',*,*,#3359,.F.);
#4316=ORIENTED_EDGE('',*,*,#3360,.F.);
#4317=ORIENTED_EDGE('',*,*,#3359,.T.);
#4318=ORIENTED_EDGE('',*,*,#3361,.F.);
#4319=ORIENTED_EDGE('',*,*,#3355,.T.);
#4320=ORIENTED_EDGE('',*,*,#3352,.T.);
#4321=ORIENTED_EDGE('',*,*,#3349,.T.);
#4322=ORIENTED_EDGE('',*,*,#3362,.F.);
#4323=ORIENTED_EDGE('',*,*,#3345,.T.);
#4324=ORIENTED_EDGE('',*,*,#3363,.F.);
#4325=ORIENTED_EDGE('',*,*,#3341,.T.);
#4326=ORIENTED_EDGE('',*,*,#3338,.T.);
#4327=ORIENTED_EDGE('',*,*,#3335,.T.);
#4328=ORIENTED_EDGE('',*,*,#3364,.F.);
#4329=ORIENTED_EDGE('',*,*,#3332,.T.);
#4330=ORIENTED_EDGE('',*,*,#3329,.T.);
#4331=ORIENTED_EDGE('',*,*,#3326,.T.);
#4332=ORIENTED_EDGE('',*,*,#3323,.T.);
#4333=ORIENTED_EDGE('',*,*,#3320,.T.);
#4334=ORIENTED_EDGE('',*,*,#3317,.T.);
#4335=ORIENTED_EDGE('',*,*,#3314,.T.);
#4336=ORIENTED_EDGE('',*,*,#3311,.T.);
#4337=ORIENTED_EDGE('',*,*,#3308,.T.);
#4338=ORIENTED_EDGE('',*,*,#3305,.T.);
#4339=ORIENTED_EDGE('',*,*,#3302,.T.);
#4340=ORIENTED_EDGE('',*,*,#3299,.T.);
#4341=ORIENTED_EDGE('',*,*,#3296,.T.);
#4342=ORIENTED_EDGE('',*,*,#3293,.T.);
#4343=ORIENTED_EDGE('',*,*,#3290,.T.);
#4344=ORIENTED_EDGE('',*,*,#3287,.T.);
#4345=ORIENTED_EDGE('',*,*,#3284,.T.);
#4346=ORIENTED_EDGE('',*,*,#3281,.T.);
#4347=ORIENTED_EDGE('',*,*,#3278,.T.);
#4348=ORIENTED_EDGE('',*,*,#3275,.T.);
#4349=ORIENTED_EDGE('',*,*,#3272,.T.);
#4350=ORIENTED_EDGE('',*,*,#3269,.T.);
#4351=ORIENTED_EDGE('',*,*,#3266,.T.);
#4352=ORIENTED_EDGE('',*,*,#3263,.T.);
#4353=ORIENTED_EDGE('',*,*,#3260,.T.);
#4354=ORIENTED_EDGE('',*,*,#3257,.T.);
#4355=ORIENTED_EDGE('',*,*,#3254,.T.);
#4356=ORIENTED_EDGE('',*,*,#3251,.T.);
#4357=ORIENTED_EDGE('',*,*,#3248,.T.);
#4358=ORIENTED_EDGE('',*,*,#3245,.T.);
#4359=ORIENTED_EDGE('',*,*,#3242,.T.);
#4360=ORIENTED_EDGE('',*,*,#3239,.T.);
#4361=ORIENTED_EDGE('',*,*,#3236,.T.);
#4362=ORIENTED_EDGE('',*,*,#3233,.T.);
#4363=ORIENTED_EDGE('',*,*,#3230,.T.);
#4364=ORIENTED_EDGE('',*,*,#3227,.T.);
#4365=ORIENTED_EDGE('',*,*,#3224,.T.);
#4366=ORIENTED_EDGE('',*,*,#3221,.T.);
#4367=ORIENTED_EDGE('',*,*,#3218,.T.);
#4368=ORIENTED_EDGE('',*,*,#3215,.T.);
#4369=ORIENTED_EDGE('',*,*,#3212,.T.);
#4370=ORIENTED_EDGE('',*,*,#3209,.T.);
#4371=ORIENTED_EDGE('',*,*,#3206,.T.);
#4372=ORIENTED_EDGE('',*,*,#3203,.T.);
#4373=ORIENTED_EDGE('',*,*,#3360,.T.);
#4374=ORIENTED_EDGE('',*,*,#3364,.T.);
#4375=ORIENTED_EDGE('',*,*,#3334,.T.);
#4376=ORIENTED_EDGE('',*,*,#3365,.F.);
#4377=ORIENTED_EDGE('',*,*,#3342,.T.);
#4378=ORIENTED_EDGE('',*,*,#3363,.T.);
#4379=ORIENTED_EDGE('',*,*,#3344,.T.);
#4380=ORIENTED_EDGE('',*,*,#3366,.T.);
#4381=ORIENTED_EDGE('',*,*,#3367,.T.);
#4382=ORIENTED_EDGE('',*,*,#3368,.T.);
#4383=ORIENTED_EDGE('',*,*,#3369,.T.);
#4384=ORIENTED_EDGE('',*,*,#3370,.T.);
#4385=ORIENTED_EDGE('',*,*,#3371,.T.);
#4386=ORIENTED_EDGE('',*,*,#3372,.T.);
#4387=ORIENTED_EDGE('',*,*,#3373,.T.);
#4388=ORIENTED_EDGE('',*,*,#3374,.T.);
#4389=ORIENTED_EDGE('',*,*,#3375,.F.);
#4390=ORIENTED_EDGE('',*,*,#3376,.F.);
#4391=ORIENTED_EDGE('',*,*,#3377,.F.);
#4392=ORIENTED_EDGE('',*,*,#3378,.F.);
#4393=ORIENTED_EDGE('',*,*,#3379,.F.);
#4394=ORIENTED_EDGE('',*,*,#3380,.F.);
#4395=ORIENTED_EDGE('',*,*,#3381,.F.);
#4396=ORIENTED_EDGE('',*,*,#3382,.F.);
#4397=ORIENTED_EDGE('',*,*,#3367,.F.);
#4398=ORIENTED_EDGE('',*,*,#3383,.T.);
#4399=ORIENTED_EDGE('',*,*,#3384,.T.);
#4400=ORIENTED_EDGE('',*,*,#3385,.F.);
#4401=ORIENTED_EDGE('',*,*,#3368,.F.);
#4402=ORIENTED_EDGE('',*,*,#3385,.T.);
#4403=ORIENTED_EDGE('',*,*,#3386,.T.);
#4404=ORIENTED_EDGE('',*,*,#3387,.F.);
#4405=ORIENTED_EDGE('',*,*,#3369,.F.);
#4406=ORIENTED_EDGE('',*,*,#3387,.T.);
#4407=ORIENTED_EDGE('',*,*,#3388,.T.);
#4408=ORIENTED_EDGE('',*,*,#3389,.F.);
#4409=ORIENTED_EDGE('',*,*,#3370,.F.);
#4410=ORIENTED_EDGE('',*,*,#3389,.T.);
#4411=ORIENTED_EDGE('',*,*,#3390,.T.);
#4412=ORIENTED_EDGE('',*,*,#3391,.F.);
#4413=ORIENTED_EDGE('',*,*,#3371,.F.);
#4414=ORIENTED_EDGE('',*,*,#3391,.T.);
#4415=ORIENTED_EDGE('',*,*,#3392,.T.);
#4416=ORIENTED_EDGE('',*,*,#3393,.F.);
#4417=ORIENTED_EDGE('',*,*,#3372,.F.);
#4418=ORIENTED_EDGE('',*,*,#3393,.T.);
#4419=ORIENTED_EDGE('',*,*,#3394,.T.);
#4420=ORIENTED_EDGE('',*,*,#3395,.F.);
#4421=ORIENTED_EDGE('',*,*,#3366,.F.);
#4422=ORIENTED_EDGE('',*,*,#3396,.T.);
#4423=ORIENTED_EDGE('',*,*,#3397,.T.);
#4424=ORIENTED_EDGE('',*,*,#3383,.F.);
#4425=ORIENTED_EDGE('',*,*,#3373,.F.);
#4426=ORIENTED_EDGE('',*,*,#3395,.T.);
#4427=ORIENTED_EDGE('',*,*,#3398,.T.);
#4428=ORIENTED_EDGE('',*,*,#3399,.F.);
#4429=ORIENTED_EDGE('',*,*,#3400,.T.);
#4430=ORIENTED_EDGE('',*,*,#3401,.T.);
#4431=ORIENTED_EDGE('',*,*,#3402,.T.);
#4432=ORIENTED_EDGE('',*,*,#3398,.F.);
#4433=ORIENTED_EDGE('',*,*,#3394,.F.);
#4434=ORIENTED_EDGE('',*,*,#3392,.F.);
#4435=ORIENTED_EDGE('',*,*,#3390,.F.);
#4436=ORIENTED_EDGE('',*,*,#3388,.F.);
#4437=ORIENTED_EDGE('',*,*,#3386,.F.);
#4438=ORIENTED_EDGE('',*,*,#3384,.F.);
#4439=ORIENTED_EDGE('',*,*,#3397,.F.);
#4440=ORIENTED_EDGE('',*,*,#3403,.F.);
#4441=ORIENTED_EDGE('',*,*,#3404,.T.);
#4442=ORIENTED_EDGE('',*,*,#3405,.T.);
#4443=ORIENTED_EDGE('',*,*,#3406,.T.);
#4444=ORIENTED_EDGE('',*,*,#3407,.T.);
#4445=ORIENTED_EDGE('',*,*,#3408,.T.);
#4446=ORIENTED_EDGE('',*,*,#3409,.T.);
#4447=ORIENTED_EDGE('',*,*,#3381,.T.);
#4448=ORIENTED_EDGE('',*,*,#3410,.T.);
#4449=ORIENTED_EDGE('',*,*,#3405,.F.);
#4450=ORIENTED_EDGE('',*,*,#3411,.F.);
#4451=ORIENTED_EDGE('',*,*,#3380,.T.);
#4452=ORIENTED_EDGE('',*,*,#3412,.T.);
#4453=ORIENTED_EDGE('',*,*,#3406,.F.);
#4454=ORIENTED_EDGE('',*,*,#3410,.F.);
#4455=ORIENTED_EDGE('',*,*,#3379,.T.);
#4456=ORIENTED_EDGE('',*,*,#3413,.T.);
#4457=ORIENTED_EDGE('',*,*,#3407,.F.);
#4458=ORIENTED_EDGE('',*,*,#3412,.F.);
#4459=ORIENTED_EDGE('',*,*,#3378,.T.);
#4460=ORIENTED_EDGE('',*,*,#3414,.T.);
#4461=ORIENTED_EDGE('',*,*,#3408,.F.);
#4462=ORIENTED_EDGE('',*,*,#3413,.F.);
#4463=ORIENTED_EDGE('',*,*,#3377,.T.);
#4464=ORIENTED_EDGE('',*,*,#3415,.T.);
#4465=ORIENTED_EDGE('',*,*,#3409,.F.);
#4466=ORIENTED_EDGE('',*,*,#3414,.F.);
#4467=ORIENTED_EDGE('',*,*,#3376,.T.);
#4468=ORIENTED_EDGE('',*,*,#3416,.T.);
#4469=ORIENTED_EDGE('',*,*,#3400,.F.);
#4470=ORIENTED_EDGE('',*,*,#3415,.F.);
#4471=ORIENTED_EDGE('',*,*,#3382,.T.);
#4472=ORIENTED_EDGE('',*,*,#3411,.T.);
#4473=ORIENTED_EDGE('',*,*,#3404,.F.);
#4474=ORIENTED_EDGE('',*,*,#3417,.F.);
#4475=ORIENTED_EDGE('',*,*,#3374,.F.);
#4476=ORIENTED_EDGE('',*,*,#3399,.T.);
#4477=ORIENTED_EDGE('',*,*,#3402,.F.);
#4478=ORIENTED_EDGE('',*,*,#3418,.F.);
#4479=ORIENTED_EDGE('',*,*,#3375,.T.);
#4480=ORIENTED_EDGE('',*,*,#3418,.T.);
#4481=ORIENTED_EDGE('',*,*,#3401,.F.);
#4482=ORIENTED_EDGE('',*,*,#3416,.F.);
#4483=ORIENTED_EDGE('',*,*,#3419,.F.);
#4484=ORIENTED_EDGE('',*,*,#3420,.T.);
#4485=ORIENTED_EDGE('',*,*,#3421,.T.);
#4486=ORIENTED_EDGE('',*,*,#3422,.F.);
#4487=ORIENTED_EDGE('',*,*,#3423,.F.);
#4488=ORIENTED_EDGE('',*,*,#3422,.T.);
#4489=ORIENTED_EDGE('',*,*,#3424,.T.);
#4490=ORIENTED_EDGE('',*,*,#3425,.F.);
#4491=ORIENTED_EDGE('',*,*,#3426,.F.);
#4492=ORIENTED_EDGE('',*,*,#3425,.T.);
#4493=ORIENTED_EDGE('',*,*,#3427,.T.);
#4494=ORIENTED_EDGE('',*,*,#3428,.F.);
#4495=ORIENTED_EDGE('',*,*,#3429,.F.);
#4496=ORIENTED_EDGE('',*,*,#3428,.T.);
#4497=ORIENTED_EDGE('',*,*,#3430,.T.);
#4498=ORIENTED_EDGE('',*,*,#3431,.F.);
#4499=ORIENTED_EDGE('',*,*,#3432,.F.);
#4500=ORIENTED_EDGE('',*,*,#3431,.T.);
#4501=ORIENTED_EDGE('',*,*,#3433,.T.);
#4502=ORIENTED_EDGE('',*,*,#3434,.F.);
#4503=ORIENTED_EDGE('',*,*,#3435,.F.);
#4504=ORIENTED_EDGE('',*,*,#3434,.T.);
#4505=ORIENTED_EDGE('',*,*,#3436,.T.);
#4506=ORIENTED_EDGE('',*,*,#3437,.F.);
#4507=ORIENTED_EDGE('',*,*,#3438,.F.);
#4508=ORIENTED_EDGE('',*,*,#3439,.T.);
#4509=ORIENTED_EDGE('',*,*,#3440,.T.);
#4510=ORIENTED_EDGE('',*,*,#3420,.F.);
#4511=ORIENTED_EDGE('',*,*,#3441,.F.);
#4512=ORIENTED_EDGE('',*,*,#3437,.T.);
#4513=ORIENTED_EDGE('',*,*,#3442,.T.);
#4514=ORIENTED_EDGE('',*,*,#3443,.F.);
#4515=ORIENTED_EDGE('',*,*,#3348,.T.);
#4516=ORIENTED_EDGE('',*,*,#3444,.F.);
#4517=ORIENTED_EDGE('',*,*,#3356,.T.);
#4518=ORIENTED_EDGE('',*,*,#3361,.T.);
#4519=ORIENTED_EDGE('',*,*,#3358,.T.);
#4520=ORIENTED_EDGE('',*,*,#3445,.T.);
#4521=ORIENTED_EDGE('',*,*,#3446,.T.);
#4522=ORIENTED_EDGE('',*,*,#3447,.T.);
#4523=ORIENTED_EDGE('',*,*,#3448,.T.);
#4524=ORIENTED_EDGE('',*,*,#3449,.T.);
#4525=ORIENTED_EDGE('',*,*,#3450,.T.);
#4526=ORIENTED_EDGE('',*,*,#3451,.T.);
#4527=ORIENTED_EDGE('',*,*,#3452,.T.);
#4528=ORIENTED_EDGE('',*,*,#3453,.T.);
#4529=ORIENTED_EDGE('',*,*,#3442,.F.);
#4530=ORIENTED_EDGE('',*,*,#3436,.F.);
#4531=ORIENTED_EDGE('',*,*,#3433,.F.);
#4532=ORIENTED_EDGE('',*,*,#3430,.F.);
#4533=ORIENTED_EDGE('',*,*,#3427,.F.);
#4534=ORIENTED_EDGE('',*,*,#3424,.F.);
#4535=ORIENTED_EDGE('',*,*,#3421,.F.);
#4536=ORIENTED_EDGE('',*,*,#3440,.F.);
#4537=ORIENTED_EDGE('',*,*,#3346,.T.);
#4538=ORIENTED_EDGE('',*,*,#3362,.T.);
#4539=ORIENTED_EDGE('',*,*,#3454,.F.);
#4540=ORIENTED_EDGE('',*,*,#3455,.F.);
#4541=ORIENTED_EDGE('',*,*,#3456,.F.);
#4542=ORIENTED_EDGE('',*,*,#3457,.F.);
#4543=ORIENTED_EDGE('',*,*,#3458,.F.);
#4544=ORIENTED_EDGE('',*,*,#3459,.F.);
#4545=ORIENTED_EDGE('',*,*,#3460,.F.);
#4546=ORIENTED_EDGE('',*,*,#3461,.F.);
#4547=ORIENTED_EDGE('',*,*,#3438,.T.);
#4548=ORIENTED_EDGE('',*,*,#3419,.T.);
#4549=ORIENTED_EDGE('',*,*,#3423,.T.);
#4550=ORIENTED_EDGE('',*,*,#3426,.T.);
#4551=ORIENTED_EDGE('',*,*,#3429,.T.);
#4552=ORIENTED_EDGE('',*,*,#3432,.T.);
#4553=ORIENTED_EDGE('',*,*,#3435,.T.);
#4554=ORIENTED_EDGE('',*,*,#3441,.T.);
#4555=ORIENTED_EDGE('',*,*,#3462,.T.);
#4556=ORIENTED_EDGE('',*,*,#3463,.F.);
#4557=ORIENTED_EDGE('',*,*,#3459,.T.);
#4558=ORIENTED_EDGE('',*,*,#3464,.T.);
#4559=ORIENTED_EDGE('',*,*,#3446,.F.);
#4560=ORIENTED_EDGE('',*,*,#3465,.F.);
#4561=ORIENTED_EDGE('',*,*,#3458,.T.);
#4562=ORIENTED_EDGE('',*,*,#3466,.T.);
#4563=ORIENTED_EDGE('',*,*,#3447,.F.);
#4564=ORIENTED_EDGE('',*,*,#3464,.F.);
#4565=ORIENTED_EDGE('',*,*,#3457,.T.);
#4566=ORIENTED_EDGE('',*,*,#3467,.T.);
#4567=ORIENTED_EDGE('',*,*,#3448,.F.);
#4568=ORIENTED_EDGE('',*,*,#3466,.F.);
#4569=ORIENTED_EDGE('',*,*,#3456,.T.);
#4570=ORIENTED_EDGE('',*,*,#3468,.T.);
#4571=ORIENTED_EDGE('',*,*,#3449,.F.);
#4572=ORIENTED_EDGE('',*,*,#3467,.F.);
#4573=ORIENTED_EDGE('',*,*,#3455,.T.);
#4574=ORIENTED_EDGE('',*,*,#3469,.T.);
#4575=ORIENTED_EDGE('',*,*,#3450,.F.);
#4576=ORIENTED_EDGE('',*,*,#3468,.F.);
#4577=ORIENTED_EDGE('',*,*,#3454,.T.);
#4578=ORIENTED_EDGE('',*,*,#3470,.T.);
#4579=ORIENTED_EDGE('',*,*,#3451,.F.);
#4580=ORIENTED_EDGE('',*,*,#3469,.F.);
#4581=ORIENTED_EDGE('',*,*,#3460,.T.);
#4582=ORIENTED_EDGE('',*,*,#3465,.T.);
#4583=ORIENTED_EDGE('',*,*,#3445,.F.);
#4584=ORIENTED_EDGE('',*,*,#3471,.F.);
#4585=ORIENTED_EDGE('',*,*,#3439,.F.);
#4586=ORIENTED_EDGE('',*,*,#3461,.T.);
#4587=ORIENTED_EDGE('',*,*,#3471,.T.);
#4588=ORIENTED_EDGE('',*,*,#3357,.F.);
#4589=ORIENTED_EDGE('',*,*,#3417,.T.);
#4590=ORIENTED_EDGE('',*,*,#3403,.T.);
#4591=ORIENTED_EDGE('',*,*,#3396,.F.);
#4592=ORIENTED_EDGE('',*,*,#3343,.F.);
#4593=ORIENTED_EDGE('',*,*,#3333,.F.);
#4594=ORIENTED_EDGE('',*,*,#3337,.F.);
#4595=ORIENTED_EDGE('',*,*,#3340,.F.);
#4596=ORIENTED_EDGE('',*,*,#3365,.T.);
#4597=ORIENTED_EDGE('',*,*,#3331,.T.);
#4598=ORIENTED_EDGE('',*,*,#3315,.T.);
#4599=ORIENTED_EDGE('',*,*,#3319,.T.);
#4600=ORIENTED_EDGE('',*,*,#3322,.T.);
#4601=ORIENTED_EDGE('',*,*,#3325,.T.);
#4602=ORIENTED_EDGE('',*,*,#3328,.T.);
#4603=ORIENTED_EDGE('',*,*,#3313,.T.);
#4604=ORIENTED_EDGE('',*,*,#3303,.T.);
#4605=ORIENTED_EDGE('',*,*,#3307,.T.);
#4606=ORIENTED_EDGE('',*,*,#3310,.T.);
#4607=ORIENTED_EDGE('',*,*,#3301,.T.);
#4608=ORIENTED_EDGE('',*,*,#3285,.T.);
#4609=ORIENTED_EDGE('',*,*,#3289,.T.);
#4610=ORIENTED_EDGE('',*,*,#3292,.T.);
#4611=ORIENTED_EDGE('',*,*,#3295,.T.);
#4612=ORIENTED_EDGE('',*,*,#3298,.T.);
#4613=ORIENTED_EDGE('',*,*,#3283,.T.);
#4614=ORIENTED_EDGE('',*,*,#3267,.T.);
#4615=ORIENTED_EDGE('',*,*,#3271,.T.);
#4616=ORIENTED_EDGE('',*,*,#3274,.T.);
#4617=ORIENTED_EDGE('',*,*,#3277,.T.);
#4618=ORIENTED_EDGE('',*,*,#3280,.T.);
#4619=ORIENTED_EDGE('',*,*,#3265,.T.);
#4620=ORIENTED_EDGE('',*,*,#3249,.T.);
#4621=ORIENTED_EDGE('',*,*,#3253,.T.);
#4622=ORIENTED_EDGE('',*,*,#3256,.T.);
#4623=ORIENTED_EDGE('',*,*,#3259,.T.);
#4624=ORIENTED_EDGE('',*,*,#3262,.T.);
#4625=ORIENTED_EDGE('',*,*,#3247,.T.);
#4626=ORIENTED_EDGE('',*,*,#3231,.T.);
#4627=ORIENTED_EDGE('',*,*,#3235,.T.);
#4628=ORIENTED_EDGE('',*,*,#3238,.T.);
#4629=ORIENTED_EDGE('',*,*,#3241,.T.);
#4630=ORIENTED_EDGE('',*,*,#3244,.T.);
#4631=ORIENTED_EDGE('',*,*,#3229,.T.);
#4632=ORIENTED_EDGE('',*,*,#3213,.T.);
#4633=ORIENTED_EDGE('',*,*,#3217,.T.);
#4634=ORIENTED_EDGE('',*,*,#3220,.T.);
#4635=ORIENTED_EDGE('',*,*,#3223,.T.);
#4636=ORIENTED_EDGE('',*,*,#3226,.T.);
#4637=ORIENTED_EDGE('',*,*,#3211,.T.);
#4638=ORIENTED_EDGE('',*,*,#3201,.T.);
#4639=ORIENTED_EDGE('',*,*,#3205,.T.);
#4640=ORIENTED_EDGE('',*,*,#3208,.T.);
#4641=ORIENTED_EDGE('',*,*,#3347,.T.);
#4642=ORIENTED_EDGE('',*,*,#3351,.F.);
#4643=ORIENTED_EDGE('',*,*,#3354,.T.);
#4644=ORIENTED_EDGE('',*,*,#3444,.T.);
#4645=ORIENTED_EDGE('',*,*,#3462,.F.);
#4646=ORIENTED_EDGE('',*,*,#3443,.T.);
#4647=ORIENTED_EDGE('',*,*,#3453,.F.);
#4648=ORIENTED_EDGE('',*,*,#3472,.F.);
#4649=ORIENTED_EDGE('',*,*,#3463,.T.);
#4650=ORIENTED_EDGE('',*,*,#3472,.T.);
#4651=ORIENTED_EDGE('',*,*,#3452,.F.);
#4652=ORIENTED_EDGE('',*,*,#3470,.F.);
#4653=ORIENTED_EDGE('',*,*,#3473,.T.);
#4654=ORIENTED_EDGE('',*,*,#3474,.T.);
#4655=ORIENTED_EDGE('',*,*,#3475,.T.);
#4656=ORIENTED_EDGE('',*,*,#3476,.F.);
#4657=ORIENTED_EDGE('',*,*,#3475,.F.);
#4658=ORIENTED_EDGE('',*,*,#3477,.T.);
#4659=ORIENTED_EDGE('',*,*,#3478,.F.);
#4660=ORIENTED_EDGE('',*,*,#3479,.F.);
#4661=ORIENTED_EDGE('',*,*,#3480,.F.);
#4662=ORIENTED_EDGE('',*,*,#3481,.F.);
#4663=ORIENTED_EDGE('',*,*,#3478,.T.);
#4664=ORIENTED_EDGE('',*,*,#3482,.T.);
#4665=ORIENTED_EDGE('',*,*,#3483,.T.);
#4666=ORIENTED_EDGE('',*,*,#3484,.F.);
#4667=ORIENTED_EDGE('',*,*,#3473,.F.);
#4668=ORIENTED_EDGE('',*,*,#3485,.F.);
#4669=ORIENTED_EDGE('',*,*,#3486,.F.);
#4670=ORIENTED_EDGE('',*,*,#3487,.F.);
#4671=ORIENTED_EDGE('',*,*,#3483,.F.);
#4672=ORIENTED_EDGE('',*,*,#3488,.T.);
#4673=ORIENTED_EDGE('',*,*,#3487,.T.);
#4674=ORIENTED_EDGE('',*,*,#3489,.T.);
#4675=ORIENTED_EDGE('',*,*,#3479,.T.);
#4676=ORIENTED_EDGE('',*,*,#3484,.T.);
#4677=ORIENTED_EDGE('',*,*,#3489,.F.);
#4678=ORIENTED_EDGE('',*,*,#3486,.T.);
#4679=ORIENTED_EDGE('',*,*,#3490,.F.);
#4680=ORIENTED_EDGE('',*,*,#3480,.T.);
#4681=ORIENTED_EDGE('',*,*,#3491,.T.);
#4682=ORIENTED_EDGE('',*,*,#3492,.T.);
#4683=ORIENTED_EDGE('',*,*,#3493,.T.);
#4684=ORIENTED_EDGE('',*,*,#3494,.T.);
#4685=ORIENTED_EDGE('',*,*,#3495,.T.);
#4686=ORIENTED_EDGE('',*,*,#3496,.T.);
#4687=ORIENTED_EDGE('',*,*,#3497,.T.);
#4688=ORIENTED_EDGE('',*,*,#3498,.T.);
#4689=ORIENTED_EDGE('',*,*,#3499,.T.);
#4690=ORIENTED_EDGE('',*,*,#3500,.T.);
#4691=ORIENTED_EDGE('',*,*,#3501,.T.);
#4692=ORIENTED_EDGE('',*,*,#3502,.T.);
#4693=ORIENTED_EDGE('',*,*,#3503,.T.);
#4694=ORIENTED_EDGE('',*,*,#3504,.T.);
#4695=ORIENTED_EDGE('',*,*,#3505,.T.);
#4696=ORIENTED_EDGE('',*,*,#3506,.T.);
#4697=ORIENTED_EDGE('',*,*,#3507,.T.);
#4698=ORIENTED_EDGE('',*,*,#3508,.T.);
#4699=ORIENTED_EDGE('',*,*,#3509,.T.);
#4700=ORIENTED_EDGE('',*,*,#3510,.T.);
#4701=ORIENTED_EDGE('',*,*,#3511,.T.);
#4702=ORIENTED_EDGE('',*,*,#3512,.T.);
#4703=ORIENTED_EDGE('',*,*,#3513,.T.);
#4704=ORIENTED_EDGE('',*,*,#3514,.T.);
#4705=ORIENTED_EDGE('',*,*,#3515,.T.);
#4706=ORIENTED_EDGE('',*,*,#3516,.T.);
#4707=ORIENTED_EDGE('',*,*,#3517,.T.);
#4708=ORIENTED_EDGE('',*,*,#3481,.T.);
#4709=ORIENTED_EDGE('',*,*,#3490,.T.);
#4710=ORIENTED_EDGE('',*,*,#3485,.T.);
#4711=ORIENTED_EDGE('',*,*,#3476,.T.);
#4712=ORIENTED_EDGE('',*,*,#3517,.F.);
#4713=ORIENTED_EDGE('',*,*,#3518,.T.);
#4714=ORIENTED_EDGE('',*,*,#3519,.T.);
#4715=ORIENTED_EDGE('',*,*,#3518,.F.);
#4716=ORIENTED_EDGE('',*,*,#3516,.F.);
#4717=ORIENTED_EDGE('',*,*,#3520,.T.);
#4718=ORIENTED_EDGE('',*,*,#3521,.T.);
#4719=ORIENTED_EDGE('',*,*,#3520,.F.);
#4720=ORIENTED_EDGE('',*,*,#3522,.T.);
#4721=ORIENTED_EDGE('',*,*,#3523,.T.);
#4722=ORIENTED_EDGE('',*,*,#3515,.F.);
#4723=ORIENTED_EDGE('',*,*,#3524,.F.);
#4724=ORIENTED_EDGE('',*,*,#3525,.T.);
#4725=ORIENTED_EDGE('',*,*,#3524,.T.);
#4726=ORIENTED_EDGE('',*,*,#3514,.F.);
#4727=ORIENTED_EDGE('',*,*,#3526,.F.);
#4728=ORIENTED_EDGE('',*,*,#3527,.T.);
#4729=ORIENTED_EDGE('',*,*,#3526,.T.);
#4730=ORIENTED_EDGE('',*,*,#3513,.F.);
#4731=ORIENTED_EDGE('',*,*,#3528,.F.);
#4732=ORIENTED_EDGE('',*,*,#3529,.T.);
#4733=ORIENTED_EDGE('',*,*,#3528,.T.);
#4734=ORIENTED_EDGE('',*,*,#3512,.F.);
#4735=ORIENTED_EDGE('',*,*,#3530,.F.);
#4736=ORIENTED_EDGE('',*,*,#3531,.T.);
#4737=ORIENTED_EDGE('',*,*,#3530,.T.);
#4738=ORIENTED_EDGE('',*,*,#3511,.F.);
#4739=ORIENTED_EDGE('',*,*,#3532,.F.);
#4740=ORIENTED_EDGE('',*,*,#3533,.T.);
#4741=ORIENTED_EDGE('',*,*,#3532,.T.);
#4742=ORIENTED_EDGE('',*,*,#3510,.F.);
#4743=ORIENTED_EDGE('',*,*,#3523,.F.);
#4744=ORIENTED_EDGE('',*,*,#3534,.T.);
#4745=ORIENTED_EDGE('',*,*,#3535,.T.);
#4746=ORIENTED_EDGE('',*,*,#3509,.F.);
#4747=ORIENTED_EDGE('',*,*,#3536,.F.);
#4748=ORIENTED_EDGE('',*,*,#3537,.T.);
#4749=ORIENTED_EDGE('',*,*,#3536,.T.);
#4750=ORIENTED_EDGE('',*,*,#3508,.F.);
#4751=ORIENTED_EDGE('',*,*,#3538,.F.);
#4752=ORIENTED_EDGE('',*,*,#3539,.T.);
#4753=ORIENTED_EDGE('',*,*,#3538,.T.);
#4754=ORIENTED_EDGE('',*,*,#3507,.F.);
#4755=ORIENTED_EDGE('',*,*,#3540,.F.);
#4756=ORIENTED_EDGE('',*,*,#3541,.T.);
#4757=ORIENTED_EDGE('',*,*,#3540,.T.);
#4758=ORIENTED_EDGE('',*,*,#3506,.F.);
#4759=ORIENTED_EDGE('',*,*,#3542,.F.);
#4760=ORIENTED_EDGE('',*,*,#3543,.T.);
#4761=ORIENTED_EDGE('',*,*,#3542,.T.);
#4762=ORIENTED_EDGE('',*,*,#3505,.F.);
#4763=ORIENTED_EDGE('',*,*,#3544,.F.);
#4764=ORIENTED_EDGE('',*,*,#3545,.T.);
#4765=ORIENTED_EDGE('',*,*,#3544,.T.);
#4766=ORIENTED_EDGE('',*,*,#3504,.F.);
#4767=ORIENTED_EDGE('',*,*,#3535,.F.);
#4768=ORIENTED_EDGE('',*,*,#3503,.F.);
#4769=ORIENTED_EDGE('',*,*,#3546,.T.);
#4770=ORIENTED_EDGE('',*,*,#3547,.T.);
#4771=ORIENTED_EDGE('',*,*,#3546,.F.);
#4772=ORIENTED_EDGE('',*,*,#3502,.F.);
#4773=ORIENTED_EDGE('',*,*,#3548,.T.);
#4774=ORIENTED_EDGE('',*,*,#3549,.T.);
#4775=ORIENTED_EDGE('',*,*,#3548,.F.);
#4776=ORIENTED_EDGE('',*,*,#3550,.T.);
#4777=ORIENTED_EDGE('',*,*,#3551,.T.);
#4778=ORIENTED_EDGE('',*,*,#3501,.F.);
#4779=ORIENTED_EDGE('',*,*,#3552,.F.);
#4780=ORIENTED_EDGE('',*,*,#3553,.T.);
#4781=ORIENTED_EDGE('',*,*,#3552,.T.);
#4782=ORIENTED_EDGE('',*,*,#3500,.F.);
#4783=ORIENTED_EDGE('',*,*,#3554,.F.);
#4784=ORIENTED_EDGE('',*,*,#3555,.T.);
#4785=ORIENTED_EDGE('',*,*,#3554,.T.);
#4786=ORIENTED_EDGE('',*,*,#3499,.F.);
#4787=ORIENTED_EDGE('',*,*,#3556,.F.);
#4788=ORIENTED_EDGE('',*,*,#3557,.T.);
#4789=ORIENTED_EDGE('',*,*,#3556,.T.);
#4790=ORIENTED_EDGE('',*,*,#3498,.F.);
#4791=ORIENTED_EDGE('',*,*,#3558,.F.);
#4792=ORIENTED_EDGE('',*,*,#3559,.T.);
#4793=ORIENTED_EDGE('',*,*,#3558,.T.);
#4794=ORIENTED_EDGE('',*,*,#3497,.F.);
#4795=ORIENTED_EDGE('',*,*,#3560,.F.);
#4796=ORIENTED_EDGE('',*,*,#3561,.T.);
#4797=ORIENTED_EDGE('',*,*,#3560,.T.);
#4798=ORIENTED_EDGE('',*,*,#3496,.F.);
#4799=ORIENTED_EDGE('',*,*,#3551,.F.);
#4800=ORIENTED_EDGE('',*,*,#3562,.T.);
#4801=ORIENTED_EDGE('',*,*,#3563,.T.);
#4802=ORIENTED_EDGE('',*,*,#3495,.F.);
#4803=ORIENTED_EDGE('',*,*,#3564,.F.);
#4804=ORIENTED_EDGE('',*,*,#3565,.T.);
#4805=ORIENTED_EDGE('',*,*,#3564,.T.);
#4806=ORIENTED_EDGE('',*,*,#3494,.F.);
#4807=ORIENTED_EDGE('',*,*,#3566,.F.);
#4808=ORIENTED_EDGE('',*,*,#3567,.T.);
#4809=ORIENTED_EDGE('',*,*,#3566,.T.);
#4810=ORIENTED_EDGE('',*,*,#3493,.F.);
#4811=ORIENTED_EDGE('',*,*,#3568,.F.);
#4812=ORIENTED_EDGE('',*,*,#3569,.T.);
#4813=ORIENTED_EDGE('',*,*,#3568,.T.);
#4814=ORIENTED_EDGE('',*,*,#3492,.F.);
#4815=ORIENTED_EDGE('',*,*,#3570,.F.);
#4816=ORIENTED_EDGE('',*,*,#3571,.T.);
#4817=ORIENTED_EDGE('',*,*,#3570,.T.);
#4818=ORIENTED_EDGE('',*,*,#3491,.F.);
#4819=ORIENTED_EDGE('',*,*,#3563,.F.);
#4820=ORIENTED_EDGE('',*,*,#3474,.F.);
#4821=ORIENTED_EDGE('',*,*,#3488,.F.);
#4822=ORIENTED_EDGE('',*,*,#3482,.F.);
#4823=ORIENTED_EDGE('',*,*,#3477,.F.);
#4824=ORIENTED_EDGE('',*,*,#3571,.F.);
#4825=ORIENTED_EDGE('',*,*,#3562,.F.);
#4826=ORIENTED_EDGE('',*,*,#3565,.F.);
#4827=ORIENTED_EDGE('',*,*,#3567,.F.);
#4828=ORIENTED_EDGE('',*,*,#3569,.F.);
#4829=ORIENTED_EDGE('',*,*,#3561,.F.);
#4830=ORIENTED_EDGE('',*,*,#3550,.F.);
#4831=ORIENTED_EDGE('',*,*,#3553,.F.);
#4832=ORIENTED_EDGE('',*,*,#3555,.F.);
#4833=ORIENTED_EDGE('',*,*,#3557,.F.);
#4834=ORIENTED_EDGE('',*,*,#3559,.F.);
#4835=ORIENTED_EDGE('',*,*,#3549,.F.);
#4836=ORIENTED_EDGE('',*,*,#3547,.F.);
#4837=ORIENTED_EDGE('',*,*,#3545,.F.);
#4838=ORIENTED_EDGE('',*,*,#3534,.F.);
#4839=ORIENTED_EDGE('',*,*,#3537,.F.);
#4840=ORIENTED_EDGE('',*,*,#3539,.F.);
#4841=ORIENTED_EDGE('',*,*,#3541,.F.);
#4842=ORIENTED_EDGE('',*,*,#3543,.F.);
#4843=ORIENTED_EDGE('',*,*,#3533,.F.);
#4844=ORIENTED_EDGE('',*,*,#3522,.F.);
#4845=ORIENTED_EDGE('',*,*,#3525,.F.);
#4846=ORIENTED_EDGE('',*,*,#3527,.F.);
#4847=ORIENTED_EDGE('',*,*,#3529,.F.);
#4848=ORIENTED_EDGE('',*,*,#3531,.F.);
#4849=ORIENTED_EDGE('',*,*,#3521,.F.);
#4850=ORIENTED_EDGE('',*,*,#3519,.F.);
#4851=ORIENTED_EDGE('',*,*,#3572,.F.);
#4852=ORIENTED_EDGE('',*,*,#3573,.T.);
#4853=ORIENTED_EDGE('',*,*,#3574,.F.);
#4854=ORIENTED_EDGE('',*,*,#3573,.F.);
#4855=ORIENTED_EDGE('',*,*,#3575,.F.);
#4856=ORIENTED_EDGE('',*,*,#3576,.T.);
#4857=ORIENTED_EDGE('',*,*,#3577,.F.);
#4858=ORIENTED_EDGE('',*,*,#3576,.F.);
#4859=ORIENTED_EDGE('',*,*,#3578,.F.);
#4860=ORIENTED_EDGE('',*,*,#3579,.T.);
#4861=ORIENTED_EDGE('',*,*,#3580,.F.);
#4862=ORIENTED_EDGE('',*,*,#3579,.F.);
#4863=ORIENTED_EDGE('',*,*,#3581,.F.);
#4864=ORIENTED_EDGE('',*,*,#3582,.T.);
#4865=ORIENTED_EDGE('',*,*,#3583,.F.);
#4866=ORIENTED_EDGE('',*,*,#3582,.F.);
#4867=ORIENTED_EDGE('',*,*,#3584,.T.);
#4868=ORIENTED_EDGE('',*,*,#3585,.T.);
#4869=ORIENTED_EDGE('',*,*,#3586,.T.);
#4870=ORIENTED_EDGE('',*,*,#3587,.F.);
#4871=ORIENTED_EDGE('',*,*,#3584,.F.);
#4872=ORIENTED_EDGE('',*,*,#3588,.F.);
#4873=ORIENTED_EDGE('',*,*,#3589,.F.);
#4874=ORIENTED_EDGE('',*,*,#3590,.F.);
#4875=ORIENTED_EDGE('',*,*,#3591,.F.);
#4876=ORIENTED_EDGE('',*,*,#3592,.F.);
#4877=ORIENTED_EDGE('',*,*,#3593,.T.);
#4878=ORIENTED_EDGE('',*,*,#3594,.T.);
#4879=ORIENTED_EDGE('',*,*,#3588,.T.);
#4880=ORIENTED_EDGE('',*,*,#3587,.T.);
#4881=ORIENTED_EDGE('',*,*,#3595,.T.);
#4882=ORIENTED_EDGE('',*,*,#3596,.T.);
#4883=ORIENTED_EDGE('',*,*,#3591,.T.);
#4884=ORIENTED_EDGE('',*,*,#3597,.F.);
#4885=ORIENTED_EDGE('',*,*,#3590,.T.);
#4886=ORIENTED_EDGE('',*,*,#3598,.T.);
#4887=ORIENTED_EDGE('',*,*,#3599,.T.);
#4888=ORIENTED_EDGE('',*,*,#3597,.T.);
#4889=ORIENTED_EDGE('',*,*,#3594,.F.);
#4890=ORIENTED_EDGE('',*,*,#3600,.T.);
#4891=ORIENTED_EDGE('',*,*,#3598,.F.);
#4892=ORIENTED_EDGE('',*,*,#3589,.T.);
#4893=ORIENTED_EDGE('',*,*,#3574,.T.);
#4894=ORIENTED_EDGE('',*,*,#3577,.T.);
#4895=ORIENTED_EDGE('',*,*,#3580,.T.);
#4896=ORIENTED_EDGE('',*,*,#3583,.T.);
#4897=ORIENTED_EDGE('',*,*,#3601,.T.);
#4898=ORIENTED_EDGE('',*,*,#3602,.T.);
#4899=ORIENTED_EDGE('',*,*,#3603,.T.);
#4900=ORIENTED_EDGE('',*,*,#3604,.T.);
#4901=ORIENTED_EDGE('',*,*,#3605,.T.);
#4902=ORIENTED_EDGE('',*,*,#3606,.T.);
#4903=ORIENTED_EDGE('',*,*,#3607,.T.);
#4904=ORIENTED_EDGE('',*,*,#3608,.T.);
#4905=ORIENTED_EDGE('',*,*,#3609,.T.);
#4906=ORIENTED_EDGE('',*,*,#3610,.T.);
#4907=ORIENTED_EDGE('',*,*,#3611,.T.);
#4908=ORIENTED_EDGE('',*,*,#3612,.T.);
#4909=ORIENTED_EDGE('',*,*,#3613,.T.);
#4910=ORIENTED_EDGE('',*,*,#3614,.T.);
#4911=ORIENTED_EDGE('',*,*,#3615,.T.);
#4912=ORIENTED_EDGE('',*,*,#3616,.T.);
#4913=ORIENTED_EDGE('',*,*,#3617,.T.);
#4914=ORIENTED_EDGE('',*,*,#3618,.T.);
#4915=ORIENTED_EDGE('',*,*,#3619,.T.);
#4916=ORIENTED_EDGE('',*,*,#3620,.T.);
#4917=ORIENTED_EDGE('',*,*,#3621,.T.);
#4918=ORIENTED_EDGE('',*,*,#3622,.T.);
#4919=ORIENTED_EDGE('',*,*,#3623,.T.);
#4920=ORIENTED_EDGE('',*,*,#3624,.T.);
#4921=ORIENTED_EDGE('',*,*,#3625,.T.);
#4922=ORIENTED_EDGE('',*,*,#3626,.T.);
#4923=ORIENTED_EDGE('',*,*,#3627,.T.);
#4924=ORIENTED_EDGE('',*,*,#3628,.T.);
#4925=ORIENTED_EDGE('',*,*,#3601,.F.);
#4926=ORIENTED_EDGE('',*,*,#3629,.T.);
#4927=ORIENTED_EDGE('',*,*,#3630,.T.);
#4928=ORIENTED_EDGE('',*,*,#3629,.F.);
#4929=ORIENTED_EDGE('',*,*,#3602,.F.);
#4930=ORIENTED_EDGE('',*,*,#3631,.T.);
#4931=ORIENTED_EDGE('',*,*,#3632,.T.);
#4932=ORIENTED_EDGE('',*,*,#3631,.F.);
#4933=ORIENTED_EDGE('',*,*,#3633,.T.);
#4934=ORIENTED_EDGE('',*,*,#3634,.T.);
#4935=ORIENTED_EDGE('',*,*,#3608,.F.);
#4936=ORIENTED_EDGE('',*,*,#3635,.F.);
#4937=ORIENTED_EDGE('',*,*,#3636,.T.);
#4938=ORIENTED_EDGE('',*,*,#3635,.T.);
#4939=ORIENTED_EDGE('',*,*,#3607,.F.);
#4940=ORIENTED_EDGE('',*,*,#3637,.F.);
#4941=ORIENTED_EDGE('',*,*,#3638,.T.);
#4942=ORIENTED_EDGE('',*,*,#3637,.T.);
#4943=ORIENTED_EDGE('',*,*,#3606,.F.);
#4944=ORIENTED_EDGE('',*,*,#3639,.F.);
#4945=ORIENTED_EDGE('',*,*,#3640,.T.);
#4946=ORIENTED_EDGE('',*,*,#3639,.T.);
#4947=ORIENTED_EDGE('',*,*,#3605,.F.);
#4948=ORIENTED_EDGE('',*,*,#3641,.F.);
#4949=ORIENTED_EDGE('',*,*,#3642,.T.);
#4950=ORIENTED_EDGE('',*,*,#3641,.T.);
#4951=ORIENTED_EDGE('',*,*,#3604,.F.);
#4952=ORIENTED_EDGE('',*,*,#3643,.F.);
#4953=ORIENTED_EDGE('',*,*,#3644,.T.);
#4954=ORIENTED_EDGE('',*,*,#3643,.T.);
#4955=ORIENTED_EDGE('',*,*,#3603,.F.);
#4956=ORIENTED_EDGE('',*,*,#3634,.F.);
#4957=ORIENTED_EDGE('',*,*,#3609,.F.);
#4958=ORIENTED_EDGE('',*,*,#3645,.T.);
#4959=ORIENTED_EDGE('',*,*,#3646,.T.);
#4960=ORIENTED_EDGE('',*,*,#3645,.F.);
#4961=ORIENTED_EDGE('',*,*,#3647,.T.);
#4962=ORIENTED_EDGE('',*,*,#3648,.T.);
#4963=ORIENTED_EDGE('',*,*,#3615,.F.);
#4964=ORIENTED_EDGE('',*,*,#3649,.F.);
#4965=ORIENTED_EDGE('',*,*,#3650,.T.);
#4966=ORIENTED_EDGE('',*,*,#3649,.T.);
#4967=ORIENTED_EDGE('',*,*,#3614,.F.);
#4968=ORIENTED_EDGE('',*,*,#3651,.F.);
#4969=ORIENTED_EDGE('',*,*,#3652,.T.);
#4970=ORIENTED_EDGE('',*,*,#3651,.T.);
#4971=ORIENTED_EDGE('',*,*,#3613,.F.);
#4972=ORIENTED_EDGE('',*,*,#3653,.F.);
#4973=ORIENTED_EDGE('',*,*,#3654,.T.);
#4974=ORIENTED_EDGE('',*,*,#3653,.T.);
#4975=ORIENTED_EDGE('',*,*,#3612,.F.);
#4976=ORIENTED_EDGE('',*,*,#3655,.F.);
#4977=ORIENTED_EDGE('',*,*,#3656,.T.);
#4978=ORIENTED_EDGE('',*,*,#3655,.T.);
#4979=ORIENTED_EDGE('',*,*,#3611,.F.);
#4980=ORIENTED_EDGE('',*,*,#3657,.F.);
#4981=ORIENTED_EDGE('',*,*,#3658,.T.);
#4982=ORIENTED_EDGE('',*,*,#3657,.T.);
#4983=ORIENTED_EDGE('',*,*,#3610,.F.);
#4984=ORIENTED_EDGE('',*,*,#3648,.F.);
#4985=ORIENTED_EDGE('',*,*,#3616,.F.);
#4986=ORIENTED_EDGE('',*,*,#3659,.T.);
#4987=ORIENTED_EDGE('',*,*,#3660,.T.);
#4988=ORIENTED_EDGE('',*,*,#3659,.F.);
#4989=ORIENTED_EDGE('',*,*,#3661,.T.);
#4990=ORIENTED_EDGE('',*,*,#3662,.T.);
#4991=ORIENTED_EDGE('',*,*,#3622,.F.);
#4992=ORIENTED_EDGE('',*,*,#3663,.F.);
#4993=ORIENTED_EDGE('',*,*,#3664,.T.);
#4994=ORIENTED_EDGE('',*,*,#3663,.T.);
#4995=ORIENTED_EDGE('',*,*,#3621,.F.);
#4996=ORIENTED_EDGE('',*,*,#3665,.F.);
#4997=ORIENTED_EDGE('',*,*,#3666,.T.);
#4998=ORIENTED_EDGE('',*,*,#3665,.T.);
#4999=ORIENTED_EDGE('',*,*,#3620,.F.);
#5000=ORIENTED_EDGE('',*,*,#3667,.F.);
#5001=ORIENTED_EDGE('',*,*,#3668,.T.);
#5002=ORIENTED_EDGE('',*,*,#3667,.T.);
#5003=ORIENTED_EDGE('',*,*,#3619,.F.);
#5004=ORIENTED_EDGE('',*,*,#3669,.F.);
#5005=ORIENTED_EDGE('',*,*,#3670,.T.);
#5006=ORIENTED_EDGE('',*,*,#3669,.T.);
#5007=ORIENTED_EDGE('',*,*,#3618,.F.);
#5008=ORIENTED_EDGE('',*,*,#3671,.F.);
#5009=ORIENTED_EDGE('',*,*,#3672,.T.);
#5010=ORIENTED_EDGE('',*,*,#3671,.T.);
#5011=ORIENTED_EDGE('',*,*,#3617,.F.);
#5012=ORIENTED_EDGE('',*,*,#3662,.F.);
#5013=ORIENTED_EDGE('',*,*,#3673,.T.);
#5014=ORIENTED_EDGE('',*,*,#3674,.T.);
#5015=ORIENTED_EDGE('',*,*,#3628,.F.);
#5016=ORIENTED_EDGE('',*,*,#3675,.F.);
#5017=ORIENTED_EDGE('',*,*,#3676,.T.);
#5018=ORIENTED_EDGE('',*,*,#3675,.T.);
#5019=ORIENTED_EDGE('',*,*,#3627,.F.);
#5020=ORIENTED_EDGE('',*,*,#3677,.F.);
#5021=ORIENTED_EDGE('',*,*,#3678,.T.);
#5022=ORIENTED_EDGE('',*,*,#3677,.T.);
#5023=ORIENTED_EDGE('',*,*,#3626,.F.);
#5024=ORIENTED_EDGE('',*,*,#3679,.F.);
#5025=ORIENTED_EDGE('',*,*,#3680,.T.);
#5026=ORIENTED_EDGE('',*,*,#3679,.T.);
#5027=ORIENTED_EDGE('',*,*,#3625,.F.);
#5028=ORIENTED_EDGE('',*,*,#3681,.F.);
#5029=ORIENTED_EDGE('',*,*,#3682,.T.);
#5030=ORIENTED_EDGE('',*,*,#3681,.T.);
#5031=ORIENTED_EDGE('',*,*,#3624,.F.);
#5032=ORIENTED_EDGE('',*,*,#3683,.F.);
#5033=ORIENTED_EDGE('',*,*,#3684,.T.);
#5034=ORIENTED_EDGE('',*,*,#3683,.T.);
#5035=ORIENTED_EDGE('',*,*,#3623,.F.);
#5036=ORIENTED_EDGE('',*,*,#3674,.F.);
#5037=ORIENTED_EDGE('',*,*,#3586,.F.);
#5038=ORIENTED_EDGE('',*,*,#3685,.F.);
#5039=ORIENTED_EDGE('',*,*,#3595,.F.);
#5040=ORIENTED_EDGE('',*,*,#3599,.F.);
#5041=ORIENTED_EDGE('',*,*,#3600,.F.);
#5042=ORIENTED_EDGE('',*,*,#3593,.F.);
#5043=ORIENTED_EDGE('',*,*,#3585,.F.);
#5044=ORIENTED_EDGE('',*,*,#3592,.T.);
#5045=ORIENTED_EDGE('',*,*,#3596,.F.);
#5046=ORIENTED_EDGE('',*,*,#3685,.T.);
#5047=ORIENTED_EDGE('',*,*,#3572,.T.);
#5048=ORIENTED_EDGE('',*,*,#3575,.T.);
#5049=ORIENTED_EDGE('',*,*,#3578,.T.);
#5050=ORIENTED_EDGE('',*,*,#3581,.T.);
#5051=ORIENTED_EDGE('',*,*,#3684,.F.);
#5052=ORIENTED_EDGE('',*,*,#3673,.F.);
#5053=ORIENTED_EDGE('',*,*,#3676,.F.);
#5054=ORIENTED_EDGE('',*,*,#3678,.F.);
#5055=ORIENTED_EDGE('',*,*,#3680,.F.);
#5056=ORIENTED_EDGE('',*,*,#3682,.F.);
#5057=ORIENTED_EDGE('',*,*,#3672,.F.);
#5058=ORIENTED_EDGE('',*,*,#3661,.F.);
#5059=ORIENTED_EDGE('',*,*,#3664,.F.);
#5060=ORIENTED_EDGE('',*,*,#3666,.F.);
#5061=ORIENTED_EDGE('',*,*,#3668,.F.);
#5062=ORIENTED_EDGE('',*,*,#3670,.F.);
#5063=ORIENTED_EDGE('',*,*,#3660,.F.);
#5064=ORIENTED_EDGE('',*,*,#3658,.F.);
#5065=ORIENTED_EDGE('',*,*,#3647,.F.);
#5066=ORIENTED_EDGE('',*,*,#3650,.F.);
#5067=ORIENTED_EDGE('',*,*,#3652,.F.);
#5068=ORIENTED_EDGE('',*,*,#3654,.F.);
#5069=ORIENTED_EDGE('',*,*,#3656,.F.);
#5070=ORIENTED_EDGE('',*,*,#3646,.F.);
#5071=ORIENTED_EDGE('',*,*,#3644,.F.);
#5072=ORIENTED_EDGE('',*,*,#3633,.F.);
#5073=ORIENTED_EDGE('',*,*,#3636,.F.);
#5074=ORIENTED_EDGE('',*,*,#3638,.F.);
#5075=ORIENTED_EDGE('',*,*,#3640,.F.);
#5076=ORIENTED_EDGE('',*,*,#3642,.F.);
#5077=ORIENTED_EDGE('',*,*,#3632,.F.);
#5078=ORIENTED_EDGE('',*,*,#3630,.F.);
#5079=ORIENTED_EDGE('',*,*,#3686,.F.);
#5080=ORIENTED_EDGE('',*,*,#3687,.T.);
#5081=ORIENTED_EDGE('',*,*,#3688,.T.);
#5082=ORIENTED_EDGE('',*,*,#3687,.F.);
#5083=ORIENTED_EDGE('',*,*,#3689,.F.);
#5084=ORIENTED_EDGE('',*,*,#3690,.T.);
#5085=ORIENTED_EDGE('',*,*,#3691,.T.);
#5086=ORIENTED_EDGE('',*,*,#3690,.F.);
#5087=ORIENTED_EDGE('',*,*,#3692,.F.);
#5088=ORIENTED_EDGE('',*,*,#3693,.T.);
#5089=ORIENTED_EDGE('',*,*,#3694,.T.);
#5090=ORIENTED_EDGE('',*,*,#3693,.F.);
#5091=ORIENTED_EDGE('',*,*,#3695,.F.);
#5092=ORIENTED_EDGE('',*,*,#3696,.T.);
#5093=ORIENTED_EDGE('',*,*,#3697,.T.);
#5094=ORIENTED_EDGE('',*,*,#3696,.F.);
#5095=ORIENTED_EDGE('',*,*,#3698,.F.);
#5096=ORIENTED_EDGE('',*,*,#3699,.T.);
#5097=ORIENTED_EDGE('',*,*,#3700,.F.);
#5098=ORIENTED_EDGE('',*,*,#3701,.F.);
#5099=ORIENTED_EDGE('',*,*,#3702,.F.);
#5100=ORIENTED_EDGE('',*,*,#3701,.T.);
#5101=ORIENTED_EDGE('',*,*,#3703,.F.);
#5102=ORIENTED_EDGE('',*,*,#3704,.F.);
#5103=ORIENTED_EDGE('',*,*,#3705,.F.);
#5104=ORIENTED_EDGE('',*,*,#3704,.T.);
#5105=ORIENTED_EDGE('',*,*,#3706,.F.);
#5106=ORIENTED_EDGE('',*,*,#3707,.F.);
#5107=ORIENTED_EDGE('',*,*,#3708,.F.);
#5108=ORIENTED_EDGE('',*,*,#3707,.T.);
#5109=ORIENTED_EDGE('',*,*,#3709,.F.);
#5110=ORIENTED_EDGE('',*,*,#3699,.F.);
#5111=ORIENTED_EDGE('',*,*,#3709,.T.);
#5112=ORIENTED_EDGE('',*,*,#3706,.T.);
#5113=ORIENTED_EDGE('',*,*,#3703,.T.);
#5114=ORIENTED_EDGE('',*,*,#3700,.T.);
#5115=ORIENTED_EDGE('',*,*,#3695,.T.);
#5116=ORIENTED_EDGE('',*,*,#3692,.T.);
#5117=ORIENTED_EDGE('',*,*,#3689,.T.);
#5118=ORIENTED_EDGE('',*,*,#3686,.T.);
#5119=ORIENTED_EDGE('',*,*,#3708,.T.);
#5120=ORIENTED_EDGE('',*,*,#3698,.T.);
#5121=ORIENTED_EDGE('',*,*,#3702,.T.);
#5122=ORIENTED_EDGE('',*,*,#3705,.T.);
#5123=ORIENTED_EDGE('',*,*,#3697,.F.);
#5124=ORIENTED_EDGE('',*,*,#3694,.F.);
#5125=ORIENTED_EDGE('',*,*,#3691,.F.);
#5126=ORIENTED_EDGE('',*,*,#3688,.F.);
#5127=ORIENTED_EDGE('',*,*,#3710,.F.);
#5128=ORIENTED_EDGE('',*,*,#3711,.F.);
#5129=ORIENTED_EDGE('',*,*,#3712,.F.);
#5130=ORIENTED_EDGE('',*,*,#3713,.F.);
#5131=ORIENTED_EDGE('',*,*,#3711,.T.);
#5132=ORIENTED_EDGE('',*,*,#3714,.T.);
#5133=ORIENTED_EDGE('',*,*,#3715,.T.);
#5134=ORIENTED_EDGE('',*,*,#3716,.T.);
#5135=ORIENTED_EDGE('',*,*,#3717,.T.);
#5136=ORIENTED_EDGE('',*,*,#3712,.T.);
#5137=ORIENTED_EDGE('',*,*,#3717,.F.);
#5138=ORIENTED_EDGE('',*,*,#3718,.T.);
#5139=ORIENTED_EDGE('',*,*,#3719,.F.);
#5140=ORIENTED_EDGE('',*,*,#3720,.F.);
#5141=ORIENTED_EDGE('',*,*,#3721,.T.);
#5142=ORIENTED_EDGE('',*,*,#3722,.F.);
#5143=ORIENTED_EDGE('',*,*,#3723,.T.);
#5144=ORIENTED_EDGE('',*,*,#3724,.F.);
#5145=ORIENTED_EDGE('',*,*,#3725,.F.);
#5146=ORIENTED_EDGE('',*,*,#3726,.F.);
#5147=ORIENTED_EDGE('',*,*,#3727,.F.);
#5148=ORIENTED_EDGE('',*,*,#3728,.F.);
#5149=ORIENTED_EDGE('',*,*,#3726,.T.);
#5150=ORIENTED_EDGE('',*,*,#3729,.T.);
#5151=ORIENTED_EDGE('',*,*,#3730,.T.);
#5152=ORIENTED_EDGE('',*,*,#3731,.T.);
#5153=ORIENTED_EDGE('',*,*,#3732,.T.);
#5154=ORIENTED_EDGE('',*,*,#3727,.T.);
#5155=ORIENTED_EDGE('',*,*,#3732,.F.);
#5156=ORIENTED_EDGE('',*,*,#3733,.F.);
#5157=ORIENTED_EDGE('',*,*,#3734,.T.);
#5158=ORIENTED_EDGE('',*,*,#3735,.T.);
#5159=ORIENTED_EDGE('',*,*,#3736,.F.);
#5160=ORIENTED_EDGE('',*,*,#3737,.T.);
#5161=ORIENTED_EDGE('',*,*,#3738,.F.);
#5162=ORIENTED_EDGE('',*,*,#3739,.F.);
#5163=ORIENTED_EDGE('',*,*,#3737,.F.);
#5164=ORIENTED_EDGE('',*,*,#3740,.F.);
#5165=ORIENTED_EDGE('',*,*,#3741,.F.);
#5166=ORIENTED_EDGE('',*,*,#3742,.F.);
#5167=ORIENTED_EDGE('',*,*,#3740,.T.);
#5168=ORIENTED_EDGE('',*,*,#3736,.T.);
#5169=ORIENTED_EDGE('',*,*,#3743,.T.);
#5170=ORIENTED_EDGE('',*,*,#3744,.T.);
#5171=ORIENTED_EDGE('',*,*,#3745,.T.);
#5172=ORIENTED_EDGE('',*,*,#3723,.F.);
#5173=ORIENTED_EDGE('',*,*,#3746,.F.);
#5174=ORIENTED_EDGE('',*,*,#3747,.F.);
#5175=ORIENTED_EDGE('',*,*,#3748,.F.);
#5176=ORIENTED_EDGE('',*,*,#3746,.T.);
#5177=ORIENTED_EDGE('',*,*,#3722,.T.);
#5178=ORIENTED_EDGE('',*,*,#3749,.T.);
#5179=ORIENTED_EDGE('',*,*,#3750,.T.);
#5180=ORIENTED_EDGE('',*,*,#3751,.T.);
#5181=ORIENTED_EDGE('',*,*,#3739,.T.);
#5182=ORIENTED_EDGE('',*,*,#3752,.T.);
#5183=ORIENTED_EDGE('',*,*,#3753,.T.);
#5184=ORIENTED_EDGE('',*,*,#3754,.T.);
#5185=ORIENTED_EDGE('',*,*,#3755,.T.);
#5186=ORIENTED_EDGE('',*,*,#3752,.F.);
#5187=ORIENTED_EDGE('',*,*,#3756,.T.);
#5188=ORIENTED_EDGE('',*,*,#3720,.T.);
#5189=ORIENTED_EDGE('',*,*,#3757,.T.);
#5190=ORIENTED_EDGE('',*,*,#3758,.T.);
#5191=ORIENTED_EDGE('',*,*,#3757,.F.);
#5192=ORIENTED_EDGE('',*,*,#3719,.T.);
#5193=ORIENTED_EDGE('',*,*,#3725,.T.);
#5194=ORIENTED_EDGE('',*,*,#3759,.T.);
#5195=ORIENTED_EDGE('',*,*,#3741,.T.);
#5196=ORIENTED_EDGE('',*,*,#3745,.F.);
#5197=ORIENTED_EDGE('',*,*,#3760,.T.);
#5198=ORIENTED_EDGE('',*,*,#3753,.F.);
#5199=ORIENTED_EDGE('',*,*,#3755,.F.);
#5200=ORIENTED_EDGE('',*,*,#3761,.T.);
#5201=ORIENTED_EDGE('',*,*,#3729,.F.);
#5202=ORIENTED_EDGE('',*,*,#3713,.T.);
#5203=ORIENTED_EDGE('',*,*,#3724,.T.);
#5204=ORIENTED_EDGE('',*,*,#3748,.T.);
#5205=ORIENTED_EDGE('',*,*,#3762,.F.);
#5206=ORIENTED_EDGE('',*,*,#3756,.F.);
#5207=ORIENTED_EDGE('',*,*,#3718,.F.);
#5208=ORIENTED_EDGE('',*,*,#3716,.F.);
#5209=ORIENTED_EDGE('',*,*,#3763,.F.);
#5210=ORIENTED_EDGE('',*,*,#3764,.F.);
#5211=ORIENTED_EDGE('',*,*,#3765,.F.);
#5212=ORIENTED_EDGE('',*,*,#3749,.F.);
#5213=ORIENTED_EDGE('',*,*,#3721,.F.);
#5214=ORIENTED_EDGE('',*,*,#3731,.F.);
#5215=ORIENTED_EDGE('',*,*,#3766,.T.);
#5216=ORIENTED_EDGE('',*,*,#3767,.T.);
#5217=ORIENTED_EDGE('',*,*,#3763,.T.);
#5218=ORIENTED_EDGE('',*,*,#3715,.F.);
#5219=ORIENTED_EDGE('',*,*,#3768,.T.);
#5220=ORIENTED_EDGE('',*,*,#3769,.F.);
#5221=ORIENTED_EDGE('',*,*,#3733,.T.);
#5222=ORIENTED_EDGE('',*,*,#3754,.F.);
#5223=ORIENTED_EDGE('',*,*,#3760,.F.);
#5224=ORIENTED_EDGE('',*,*,#3744,.F.);
#5225=ORIENTED_EDGE('',*,*,#3770,.F.);
#5226=ORIENTED_EDGE('',*,*,#3771,.F.);
#5227=ORIENTED_EDGE('',*,*,#3766,.F.);
#5228=ORIENTED_EDGE('',*,*,#3730,.F.);
#5229=ORIENTED_EDGE('',*,*,#3761,.F.);
#5230=ORIENTED_EDGE('',*,*,#3764,.T.);
#5231=ORIENTED_EDGE('',*,*,#3767,.F.);
#5232=ORIENTED_EDGE('',*,*,#3771,.T.);
#5233=ORIENTED_EDGE('',*,*,#3772,.T.);
#5234=ORIENTED_EDGE('',*,*,#3728,.T.);
#5235=ORIENTED_EDGE('',*,*,#3738,.T.);
#5236=ORIENTED_EDGE('',*,*,#3742,.T.);
#5237=ORIENTED_EDGE('',*,*,#3759,.F.);
#5238=ORIENTED_EDGE('',*,*,#3769,.T.);
#5239=ORIENTED_EDGE('',*,*,#3773,.T.);
#5240=ORIENTED_EDGE('',*,*,#3774,.T.);
#5241=ORIENTED_EDGE('',*,*,#3734,.F.);
#5242=ORIENTED_EDGE('',*,*,#3710,.T.);
#5243=ORIENTED_EDGE('',*,*,#3762,.T.);
#5244=ORIENTED_EDGE('',*,*,#3747,.T.);
#5245=ORIENTED_EDGE('',*,*,#3751,.F.);
#5246=ORIENTED_EDGE('',*,*,#3775,.T.);
#5247=ORIENTED_EDGE('',*,*,#3773,.F.);
#5248=ORIENTED_EDGE('',*,*,#3768,.F.);
#5249=ORIENTED_EDGE('',*,*,#3714,.F.);
#5250=ORIENTED_EDGE('',*,*,#3758,.F.);
#5251=ORIENTED_EDGE('',*,*,#3750,.F.);
#5252=ORIENTED_EDGE('',*,*,#3765,.T.);
#5253=ORIENTED_EDGE('',*,*,#3772,.F.);
#5254=ORIENTED_EDGE('',*,*,#3770,.T.);
#5255=ORIENTED_EDGE('',*,*,#3743,.F.);
#5256=ORIENTED_EDGE('',*,*,#3735,.F.);
#5257=ORIENTED_EDGE('',*,*,#3774,.F.);
#5258=ORIENTED_EDGE('',*,*,#3775,.F.);
#5259=ORIENTED_EDGE('',*,*,#3776,.F.);
#5260=ORIENTED_EDGE('',*,*,#3777,.F.);
#5261=ORIENTED_EDGE('',*,*,#3778,.F.);
#5262=ORIENTED_EDGE('',*,*,#3779,.F.);
#5263=ORIENTED_EDGE('',*,*,#3777,.T.);
#5264=ORIENTED_EDGE('',*,*,#3780,.T.);
#5265=ORIENTED_EDGE('',*,*,#3781,.T.);
#5266=ORIENTED_EDGE('',*,*,#3782,.T.);
#5267=ORIENTED_EDGE('',*,*,#3783,.T.);
#5268=ORIENTED_EDGE('',*,*,#3778,.T.);
#5269=ORIENTED_EDGE('',*,*,#3783,.F.);
#5270=ORIENTED_EDGE('',*,*,#3784,.T.);
#5271=ORIENTED_EDGE('',*,*,#3785,.F.);
#5272=ORIENTED_EDGE('',*,*,#3786,.F.);
#5273=ORIENTED_EDGE('',*,*,#3787,.T.);
#5274=ORIENTED_EDGE('',*,*,#3788,.F.);
#5275=ORIENTED_EDGE('',*,*,#3789,.T.);
#5276=ORIENTED_EDGE('',*,*,#3790,.F.);
#5277=ORIENTED_EDGE('',*,*,#3791,.F.);
#5278=ORIENTED_EDGE('',*,*,#3792,.F.);
#5279=ORIENTED_EDGE('',*,*,#3793,.F.);
#5280=ORIENTED_EDGE('',*,*,#3794,.F.);
#5281=ORIENTED_EDGE('',*,*,#3792,.T.);
#5282=ORIENTED_EDGE('',*,*,#3795,.T.);
#5283=ORIENTED_EDGE('',*,*,#3796,.T.);
#5284=ORIENTED_EDGE('',*,*,#3797,.T.);
#5285=ORIENTED_EDGE('',*,*,#3798,.T.);
#5286=ORIENTED_EDGE('',*,*,#3793,.T.);
#5287=ORIENTED_EDGE('',*,*,#3798,.F.);
#5288=ORIENTED_EDGE('',*,*,#3799,.F.);
#5289=ORIENTED_EDGE('',*,*,#3800,.T.);
#5290=ORIENTED_EDGE('',*,*,#3801,.T.);
#5291=ORIENTED_EDGE('',*,*,#3802,.F.);
#5292=ORIENTED_EDGE('',*,*,#3803,.T.);
#5293=ORIENTED_EDGE('',*,*,#3804,.F.);
#5294=ORIENTED_EDGE('',*,*,#3805,.F.);
#5295=ORIENTED_EDGE('',*,*,#3803,.F.);
#5296=ORIENTED_EDGE('',*,*,#3806,.F.);
#5297=ORIENTED_EDGE('',*,*,#3807,.F.);
#5298=ORIENTED_EDGE('',*,*,#3808,.F.);
#5299=ORIENTED_EDGE('',*,*,#3806,.T.);
#5300=ORIENTED_EDGE('',*,*,#3802,.T.);
#5301=ORIENTED_EDGE('',*,*,#3809,.T.);
#5302=ORIENTED_EDGE('',*,*,#3810,.T.);
#5303=ORIENTED_EDGE('',*,*,#3811,.T.);
#5304=ORIENTED_EDGE('',*,*,#3789,.F.);
#5305=ORIENTED_EDGE('',*,*,#3812,.F.);
#5306=ORIENTED_EDGE('',*,*,#3813,.F.);
#5307=ORIENTED_EDGE('',*,*,#3814,.F.);
#5308=ORIENTED_EDGE('',*,*,#3812,.T.);
#5309=ORIENTED_EDGE('',*,*,#3788,.T.);
#5310=ORIENTED_EDGE('',*,*,#3815,.T.);
#5311=ORIENTED_EDGE('',*,*,#3816,.T.);
#5312=ORIENTED_EDGE('',*,*,#3817,.T.);
#5313=ORIENTED_EDGE('',*,*,#3805,.T.);
#5314=ORIENTED_EDGE('',*,*,#3818,.T.);
#5315=ORIENTED_EDGE('',*,*,#3819,.T.);
#5316=ORIENTED_EDGE('',*,*,#3820,.T.);
#5317=ORIENTED_EDGE('',*,*,#3821,.T.);
#5318=ORIENTED_EDGE('',*,*,#3818,.F.);
#5319=ORIENTED_EDGE('',*,*,#3822,.T.);
#5320=ORIENTED_EDGE('',*,*,#3786,.T.);
#5321=ORIENTED_EDGE('',*,*,#3823,.T.);
#5322=ORIENTED_EDGE('',*,*,#3824,.T.);
#5323=ORIENTED_EDGE('',*,*,#3823,.F.);
#5324=ORIENTED_EDGE('',*,*,#3785,.T.);
#5325=ORIENTED_EDGE('',*,*,#3791,.T.);
#5326=ORIENTED_EDGE('',*,*,#3825,.T.);
#5327=ORIENTED_EDGE('',*,*,#3807,.T.);
#5328=ORIENTED_EDGE('',*,*,#3811,.F.);
#5329=ORIENTED_EDGE('',*,*,#3826,.T.);
#5330=ORIENTED_EDGE('',*,*,#3819,.F.);
#5331=ORIENTED_EDGE('',*,*,#3821,.F.);
#5332=ORIENTED_EDGE('',*,*,#3827,.T.);
#5333=ORIENTED_EDGE('',*,*,#3795,.F.);
#5334=ORIENTED_EDGE('',*,*,#3779,.T.);
#5335=ORIENTED_EDGE('',*,*,#3790,.T.);
#5336=ORIENTED_EDGE('',*,*,#3814,.T.);
#5337=ORIENTED_EDGE('',*,*,#3828,.F.);
#5338=ORIENTED_EDGE('',*,*,#3822,.F.);
#5339=ORIENTED_EDGE('',*,*,#3784,.F.);
#5340=ORIENTED_EDGE('',*,*,#3782,.F.);
#5341=ORIENTED_EDGE('',*,*,#3829,.F.);
#5342=ORIENTED_EDGE('',*,*,#3830,.F.);
#5343=ORIENTED_EDGE('',*,*,#3831,.F.);
#5344=ORIENTED_EDGE('',*,*,#3815,.F.);
#5345=ORIENTED_EDGE('',*,*,#3787,.F.);
#5346=ORIENTED_EDGE('',*,*,#3797,.F.);
#5347=ORIENTED_EDGE('',*,*,#3832,.T.);
#5348=ORIENTED_EDGE('',*,*,#3833,.T.);
#5349=ORIENTED_EDGE('',*,*,#3829,.T.);
#5350=ORIENTED_EDGE('',*,*,#3781,.F.);
#5351=ORIENTED_EDGE('',*,*,#3834,.T.);
#5352=ORIENTED_EDGE('',*,*,#3835,.F.);
#5353=ORIENTED_EDGE('',*,*,#3799,.T.);
#5354=ORIENTED_EDGE('',*,*,#3820,.F.);
#5355=ORIENTED_EDGE('',*,*,#3826,.F.);
#5356=ORIENTED_EDGE('',*,*,#3810,.F.);
#5357=ORIENTED_EDGE('',*,*,#3836,.F.);
#5358=ORIENTED_EDGE('',*,*,#3837,.F.);
#5359=ORIENTED_EDGE('',*,*,#3832,.F.);
#5360=ORIENTED_EDGE('',*,*,#3796,.F.);
#5361=ORIENTED_EDGE('',*,*,#3827,.F.);
#5362=ORIENTED_EDGE('',*,*,#3830,.T.);
#5363=ORIENTED_EDGE('',*,*,#3833,.F.);
#5364=ORIENTED_EDGE('',*,*,#3837,.T.);
#5365=ORIENTED_EDGE('',*,*,#3838,.T.);
#5366=ORIENTED_EDGE('',*,*,#3794,.T.);
#5367=ORIENTED_EDGE('',*,*,#3804,.T.);
#5368=ORIENTED_EDGE('',*,*,#3808,.T.);
#5369=ORIENTED_EDGE('',*,*,#3825,.F.);
#5370=ORIENTED_EDGE('',*,*,#3835,.T.);
#5371=ORIENTED_EDGE('',*,*,#3839,.T.);
#5372=ORIENTED_EDGE('',*,*,#3840,.T.);
#5373=ORIENTED_EDGE('',*,*,#3800,.F.);
#5374=ORIENTED_EDGE('',*,*,#3776,.T.);
#5375=ORIENTED_EDGE('',*,*,#3828,.T.);
#5376=ORIENTED_EDGE('',*,*,#3813,.T.);
#5377=ORIENTED_EDGE('',*,*,#3817,.F.);
#5378=ORIENTED_EDGE('',*,*,#3841,.T.);
#5379=ORIENTED_EDGE('',*,*,#3839,.F.);
#5380=ORIENTED_EDGE('',*,*,#3834,.F.);
#5381=ORIENTED_EDGE('',*,*,#3780,.F.);
#5382=ORIENTED_EDGE('',*,*,#3824,.F.);
#5383=ORIENTED_EDGE('',*,*,#3816,.F.);
#5384=ORIENTED_EDGE('',*,*,#3831,.T.);
#5385=ORIENTED_EDGE('',*,*,#3838,.F.);
#5386=ORIENTED_EDGE('',*,*,#3836,.T.);
#5387=ORIENTED_EDGE('',*,*,#3809,.F.);
#5388=ORIENTED_EDGE('',*,*,#3801,.F.);
#5389=ORIENTED_EDGE('',*,*,#3840,.F.);
#5390=ORIENTED_EDGE('',*,*,#3841,.F.);
#5391=ORIENTED_EDGE('',*,*,#3842,.T.);
#5392=ORIENTED_EDGE('',*,*,#3843,.T.);
#5393=ORIENTED_EDGE('',*,*,#3844,.T.);
#5394=ORIENTED_EDGE('',*,*,#3845,.T.);
#5395=ORIENTED_EDGE('',*,*,#3845,.F.);
#5396=ORIENTED_EDGE('',*,*,#3846,.F.);
#5397=ORIENTED_EDGE('',*,*,#3847,.F.);
#5398=ORIENTED_EDGE('',*,*,#3848,.F.);
#5399=ORIENTED_EDGE('',*,*,#3849,.F.);
#5400=ORIENTED_EDGE('',*,*,#3844,.F.);
#5401=ORIENTED_EDGE('',*,*,#3850,.T.);
#5402=ORIENTED_EDGE('',*,*,#3851,.F.);
#5403=ORIENTED_EDGE('',*,*,#3852,.T.);
#5404=ORIENTED_EDGE('',*,*,#3853,.F.);
#5405=ORIENTED_EDGE('',*,*,#3854,.T.);
#5406=ORIENTED_EDGE('',*,*,#3855,.T.);
#5407=ORIENTED_EDGE('',*,*,#3856,.F.);
#5408=ORIENTED_EDGE('',*,*,#3846,.T.);
#5409=ORIENTED_EDGE('',*,*,#3857,.T.);
#5410=ORIENTED_EDGE('',*,*,#3858,.T.);
#5411=ORIENTED_EDGE('',*,*,#3859,.T.);
#5412=ORIENTED_EDGE('',*,*,#3860,.T.);
#5413=ORIENTED_EDGE('',*,*,#3860,.F.);
#5414=ORIENTED_EDGE('',*,*,#3861,.F.);
#5415=ORIENTED_EDGE('',*,*,#3862,.F.);
#5416=ORIENTED_EDGE('',*,*,#3863,.F.);
#5417=ORIENTED_EDGE('',*,*,#3864,.F.);
#5418=ORIENTED_EDGE('',*,*,#3859,.F.);
#5419=ORIENTED_EDGE('',*,*,#3865,.T.);
#5420=ORIENTED_EDGE('',*,*,#3866,.F.);
#5421=ORIENTED_EDGE('',*,*,#3867,.T.);
#5422=ORIENTED_EDGE('',*,*,#3868,.F.);
#5423=ORIENTED_EDGE('',*,*,#3869,.F.);
#5424=ORIENTED_EDGE('',*,*,#3870,.T.);
#5425=ORIENTED_EDGE('',*,*,#3861,.T.);
#5426=ORIENTED_EDGE('',*,*,#3871,.T.);
#5427=ORIENTED_EDGE('',*,*,#3866,.T.);
#5428=ORIENTED_EDGE('',*,*,#3872,.T.);
#5429=ORIENTED_EDGE('',*,*,#3873,.T.);
#5430=ORIENTED_EDGE('',*,*,#3874,.T.);
#5431=ORIENTED_EDGE('',*,*,#3874,.F.);
#5432=ORIENTED_EDGE('',*,*,#3875,.F.);
#5433=ORIENTED_EDGE('',*,*,#3876,.F.);
#5434=ORIENTED_EDGE('',*,*,#3877,.F.);
#5435=ORIENTED_EDGE('',*,*,#3867,.F.);
#5436=ORIENTED_EDGE('',*,*,#3851,.T.);
#5437=ORIENTED_EDGE('',*,*,#3878,.T.);
#5438=ORIENTED_EDGE('',*,*,#3879,.T.);
#5439=ORIENTED_EDGE('',*,*,#3880,.T.);
#5440=ORIENTED_EDGE('',*,*,#3880,.F.);
#5441=ORIENTED_EDGE('',*,*,#3881,.F.);
#5442=ORIENTED_EDGE('',*,*,#3882,.F.);
#5443=ORIENTED_EDGE('',*,*,#3883,.F.);
#5444=ORIENTED_EDGE('',*,*,#3852,.F.);
#5445=ORIENTED_EDGE('',*,*,#3871,.F.);
#5446=ORIENTED_EDGE('',*,*,#3884,.T.);
#5447=ORIENTED_EDGE('',*,*,#3885,.F.);
#5448=ORIENTED_EDGE('',*,*,#3886,.F.);
#5449=ORIENTED_EDGE('',*,*,#3887,.F.);
#5450=ORIENTED_EDGE('',*,*,#3884,.F.);
#5451=ORIENTED_EDGE('',*,*,#3888,.F.);
#5452=ORIENTED_EDGE('',*,*,#3855,.F.);
#5453=ORIENTED_EDGE('',*,*,#3889,.T.);
#5454=ORIENTED_EDGE('',*,*,#3890,.F.);
#5455=ORIENTED_EDGE('',*,*,#3889,.F.);
#5456=ORIENTED_EDGE('',*,*,#3854,.F.);
#5457=ORIENTED_EDGE('',*,*,#3857,.F.);
#5458=ORIENTED_EDGE('',*,*,#3864,.T.);
#5459=ORIENTED_EDGE('',*,*,#3891,.F.);
#5460=ORIENTED_EDGE('',*,*,#3885,.T.);
#5461=ORIENTED_EDGE('',*,*,#3887,.T.);
#5462=ORIENTED_EDGE('',*,*,#3892,.F.);
#5463=ORIENTED_EDGE('',*,*,#3875,.T.);
#5464=ORIENTED_EDGE('',*,*,#3873,.F.);
#5465=ORIENTED_EDGE('',*,*,#3893,.F.);
#5466=ORIENTED_EDGE('',*,*,#3843,.F.);
#5467=ORIENTED_EDGE('',*,*,#3894,.T.);
#5468=ORIENTED_EDGE('',*,*,#3878,.F.);
#5469=ORIENTED_EDGE('',*,*,#3850,.F.);
#5470=ORIENTED_EDGE('',*,*,#3888,.T.);
#5471=ORIENTED_EDGE('',*,*,#3853,.T.);
#5472=ORIENTED_EDGE('',*,*,#3883,.T.);
#5473=ORIENTED_EDGE('',*,*,#3895,.T.);
#5474=ORIENTED_EDGE('',*,*,#3896,.T.);
#5475=ORIENTED_EDGE('',*,*,#3897,.T.);
#5476=ORIENTED_EDGE('',*,*,#3847,.T.);
#5477=ORIENTED_EDGE('',*,*,#3856,.T.);
#5478=ORIENTED_EDGE('',*,*,#3862,.T.);
#5479=ORIENTED_EDGE('',*,*,#3870,.F.);
#5480=ORIENTED_EDGE('',*,*,#3898,.T.);
#5481=ORIENTED_EDGE('',*,*,#3899,.F.);
#5482=ORIENTED_EDGE('',*,*,#3848,.T.);
#5483=ORIENTED_EDGE('',*,*,#3897,.F.);
#5484=ORIENTED_EDGE('',*,*,#3900,.F.);
#5485=ORIENTED_EDGE('',*,*,#3901,.F.);
#5486=ORIENTED_EDGE('',*,*,#3886,.T.);
#5487=ORIENTED_EDGE('',*,*,#3891,.T.);
#5488=ORIENTED_EDGE('',*,*,#3863,.T.);
#5489=ORIENTED_EDGE('',*,*,#3901,.T.);
#5490=ORIENTED_EDGE('',*,*,#3902,.T.);
#5491=ORIENTED_EDGE('',*,*,#3903,.T.);
#5492=ORIENTED_EDGE('',*,*,#3876,.T.);
#5493=ORIENTED_EDGE('',*,*,#3892,.T.);
#5494=ORIENTED_EDGE('',*,*,#3896,.F.);
#5495=ORIENTED_EDGE('',*,*,#3904,.F.);
#5496=ORIENTED_EDGE('',*,*,#3902,.F.);
#5497=ORIENTED_EDGE('',*,*,#3900,.T.);
#5498=ORIENTED_EDGE('',*,*,#3858,.F.);
#5499=ORIENTED_EDGE('',*,*,#3893,.T.);
#5500=ORIENTED_EDGE('',*,*,#3872,.F.);
#5501=ORIENTED_EDGE('',*,*,#3865,.F.);
#5502=ORIENTED_EDGE('',*,*,#3898,.F.);
#5503=ORIENTED_EDGE('',*,*,#3869,.T.);
#5504=ORIENTED_EDGE('',*,*,#3905,.F.);
#5505=ORIENTED_EDGE('',*,*,#3906,.F.);
#5506=ORIENTED_EDGE('',*,*,#3842,.F.);
#5507=ORIENTED_EDGE('',*,*,#3849,.T.);
#5508=ORIENTED_EDGE('',*,*,#3899,.T.);
#5509=ORIENTED_EDGE('',*,*,#3906,.T.);
#5510=ORIENTED_EDGE('',*,*,#3907,.F.);
#5511=ORIENTED_EDGE('',*,*,#3881,.T.);
#5512=ORIENTED_EDGE('',*,*,#3879,.F.);
#5513=ORIENTED_EDGE('',*,*,#3894,.F.);
#5514=ORIENTED_EDGE('',*,*,#3890,.T.);
#5515=ORIENTED_EDGE('',*,*,#3882,.T.);
#5516=ORIENTED_EDGE('',*,*,#3907,.T.);
#5517=ORIENTED_EDGE('',*,*,#3905,.T.);
#5518=ORIENTED_EDGE('',*,*,#3868,.T.);
#5519=ORIENTED_EDGE('',*,*,#3877,.T.);
#5520=ORIENTED_EDGE('',*,*,#3903,.F.);
#5521=ORIENTED_EDGE('',*,*,#3904,.T.);
#5522=ORIENTED_EDGE('',*,*,#3895,.F.);
#5523=ORIENTED_EDGE('',*,*,#3908,.F.);
#5524=ORIENTED_EDGE('',*,*,#3909,.T.);
#5525=ORIENTED_EDGE('',*,*,#3908,.T.);
#5526=ORIENTED_EDGE('',*,*,#3910,.T.);
#5527=ORIENTED_EDGE('',*,*,#3909,.F.);
#5528=ORIENTED_EDGE('',*,*,#3910,.F.);
#5529=ORIENTED_EDGE('',*,*,#3911,.F.);
#5530=ORIENTED_EDGE('',*,*,#3912,.T.);
#5531=ORIENTED_EDGE('',*,*,#3911,.T.);
#5532=ORIENTED_EDGE('',*,*,#3913,.T.);
#5533=ORIENTED_EDGE('',*,*,#3912,.F.);
#5534=ORIENTED_EDGE('',*,*,#3913,.F.);
#5535=ORIENTED_EDGE('',*,*,#3914,.F.);
#5536=ORIENTED_EDGE('',*,*,#3915,.T.);
#5537=ORIENTED_EDGE('',*,*,#3914,.T.);
#5538=ORIENTED_EDGE('',*,*,#3916,.T.);
#5539=ORIENTED_EDGE('',*,*,#3915,.F.);
#5540=ORIENTED_EDGE('',*,*,#3916,.F.);
#5541=ORIENTED_EDGE('',*,*,#3917,.F.);
#5542=ORIENTED_EDGE('',*,*,#3918,.T.);
#5543=ORIENTED_EDGE('',*,*,#3917,.T.);
#5544=ORIENTED_EDGE('',*,*,#3919,.T.);
#5545=ORIENTED_EDGE('',*,*,#3918,.F.);
#5546=ORIENTED_EDGE('',*,*,#3919,.F.);
#5547=ORIENTED_EDGE('',*,*,#3920,.T.);
#5548=ORIENTED_EDGE('',*,*,#3921,.T.);
#5549=ORIENTED_EDGE('',*,*,#3922,.T.);
#5550=ORIENTED_EDGE('',*,*,#3923,.T.);
#5551=ORIENTED_EDGE('',*,*,#3924,.T.);
#5552=ORIENTED_EDGE('',*,*,#3925,.T.);
#5553=ORIENTED_EDGE('',*,*,#3926,.T.);
#5554=ORIENTED_EDGE('',*,*,#3927,.T.);
#5555=ORIENTED_EDGE('',*,*,#3928,.T.);
#5556=ORIENTED_EDGE('',*,*,#3929,.T.);
#5557=ORIENTED_EDGE('',*,*,#3930,.T.);
#5558=ORIENTED_EDGE('',*,*,#3931,.T.);
#5559=ORIENTED_EDGE('',*,*,#3932,.T.);
#5560=ORIENTED_EDGE('',*,*,#3933,.T.);
#5561=ORIENTED_EDGE('',*,*,#3934,.T.);
#5562=ORIENTED_EDGE('',*,*,#3935,.T.);
#5563=ORIENTED_EDGE('',*,*,#3936,.F.);
#5564=ORIENTED_EDGE('',*,*,#3937,.F.);
#5565=ORIENTED_EDGE('',*,*,#3938,.F.);
#5566=ORIENTED_EDGE('',*,*,#3939,.F.);
#5567=ORIENTED_EDGE('',*,*,#3940,.F.);
#5568=ORIENTED_EDGE('',*,*,#3941,.F.);
#5569=ORIENTED_EDGE('',*,*,#3942,.F.);
#5570=ORIENTED_EDGE('',*,*,#3943,.F.);
#5571=ORIENTED_EDGE('',*,*,#3944,.F.);
#5572=ORIENTED_EDGE('',*,*,#3945,.F.);
#5573=ORIENTED_EDGE('',*,*,#3946,.F.);
#5574=ORIENTED_EDGE('',*,*,#3947,.F.);
#5575=ORIENTED_EDGE('',*,*,#3948,.F.);
#5576=ORIENTED_EDGE('',*,*,#3949,.F.);
#5577=ORIENTED_EDGE('',*,*,#3950,.F.);
#5578=ORIENTED_EDGE('',*,*,#3951,.F.);
#5579=ORIENTED_EDGE('',*,*,#3952,.T.);
#5580=ORIENTED_EDGE('',*,*,#3953,.T.);
#5581=ORIENTED_EDGE('',*,*,#3954,.T.);
#5582=ORIENTED_EDGE('',*,*,#3955,.T.);
#5583=ORIENTED_EDGE('',*,*,#3956,.T.);
#5584=ORIENTED_EDGE('',*,*,#3957,.T.);
#5585=ORIENTED_EDGE('',*,*,#3958,.T.);
#5586=ORIENTED_EDGE('',*,*,#3959,.T.);
#5587=ORIENTED_EDGE('',*,*,#3960,.T.);
#5588=ORIENTED_EDGE('',*,*,#3961,.T.);
#5589=ORIENTED_EDGE('',*,*,#3962,.T.);
#5590=ORIENTED_EDGE('',*,*,#3963,.F.);
#5591=ORIENTED_EDGE('',*,*,#3964,.F.);
#5592=ORIENTED_EDGE('',*,*,#3965,.F.);
#5593=ORIENTED_EDGE('',*,*,#3966,.F.);
#5594=ORIENTED_EDGE('',*,*,#3967,.F.);
#5595=ORIENTED_EDGE('',*,*,#3968,.F.);
#5596=ORIENTED_EDGE('',*,*,#3969,.F.);
#5597=ORIENTED_EDGE('',*,*,#3970,.F.);
#5598=ORIENTED_EDGE('',*,*,#3971,.F.);
#5599=ORIENTED_EDGE('',*,*,#3972,.F.);
#5600=ORIENTED_EDGE('',*,*,#3973,.F.);
#5601=ORIENTED_EDGE('',*,*,#3974,.F.);
#5602=ORIENTED_EDGE('',*,*,#3975,.T.);
#5603=ORIENTED_EDGE('',*,*,#3976,.T.);
#5604=ORIENTED_EDGE('',*,*,#3968,.T.);
#5605=ORIENTED_EDGE('',*,*,#3977,.F.);
#5606=ORIENTED_EDGE('',*,*,#3978,.T.);
#5607=ORIENTED_EDGE('',*,*,#3979,.T.);
#5608=ORIENTED_EDGE('',*,*,#3969,.T.);
#5609=ORIENTED_EDGE('',*,*,#3976,.F.);
#5610=ORIENTED_EDGE('',*,*,#3980,.T.);
#5611=ORIENTED_EDGE('',*,*,#3981,.T.);
#5612=ORIENTED_EDGE('',*,*,#3970,.T.);
#5613=ORIENTED_EDGE('',*,*,#3979,.F.);
#5614=ORIENTED_EDGE('',*,*,#3982,.T.);
#5615=ORIENTED_EDGE('',*,*,#3983,.T.);
#5616=ORIENTED_EDGE('',*,*,#3971,.T.);
#5617=ORIENTED_EDGE('',*,*,#3981,.F.);
#5618=ORIENTED_EDGE('',*,*,#3984,.T.);
#5619=ORIENTED_EDGE('',*,*,#3985,.T.);
#5620=ORIENTED_EDGE('',*,*,#3972,.T.);
#5621=ORIENTED_EDGE('',*,*,#3983,.F.);
#5622=ORIENTED_EDGE('',*,*,#3986,.T.);
#5623=ORIENTED_EDGE('',*,*,#3987,.T.);
#5624=ORIENTED_EDGE('',*,*,#3973,.T.);
#5625=ORIENTED_EDGE('',*,*,#3985,.F.);
#5626=ORIENTED_EDGE('',*,*,#3988,.T.);
#5627=ORIENTED_EDGE('',*,*,#3989,.T.);
#5628=ORIENTED_EDGE('',*,*,#3974,.T.);
#5629=ORIENTED_EDGE('',*,*,#3987,.F.);
#5630=ORIENTED_EDGE('',*,*,#3990,.F.);
#5631=ORIENTED_EDGE('',*,*,#3977,.T.);
#5632=ORIENTED_EDGE('',*,*,#3967,.T.);
#5633=ORIENTED_EDGE('',*,*,#3989,.F.);
#5634=ORIENTED_EDGE('',*,*,#3966,.T.);
#5635=ORIENTED_EDGE('',*,*,#3991,.T.);
#5636=ORIENTED_EDGE('',*,*,#3992,.F.);
#5637=ORIENTED_EDGE('',*,*,#3991,.F.);
#5638=ORIENTED_EDGE('',*,*,#3965,.T.);
#5639=ORIENTED_EDGE('',*,*,#3993,.T.);
#5640=ORIENTED_EDGE('',*,*,#3994,.F.);
#5641=ORIENTED_EDGE('',*,*,#3993,.F.);
#5642=ORIENTED_EDGE('',*,*,#3964,.T.);
#5643=ORIENTED_EDGE('',*,*,#3995,.T.);
#5644=ORIENTED_EDGE('',*,*,#3996,.F.);
#5645=ORIENTED_EDGE('',*,*,#3995,.F.);
#5646=ORIENTED_EDGE('',*,*,#3963,.T.);
#5647=ORIENTED_EDGE('',*,*,#3997,.T.);
#5648=ORIENTED_EDGE('',*,*,#3998,.F.);
#5649=ORIENTED_EDGE('',*,*,#3997,.F.);
#5650=ORIENTED_EDGE('',*,*,#3999,.T.);
#5651=ORIENTED_EDGE('',*,*,#4000,.T.);
#5652=ORIENTED_EDGE('',*,*,#3938,.T.);
#5653=ORIENTED_EDGE('',*,*,#4001,.F.);
#5654=ORIENTED_EDGE('',*,*,#4002,.T.);
#5655=ORIENTED_EDGE('',*,*,#4003,.T.);
#5656=ORIENTED_EDGE('',*,*,#3939,.T.);
#5657=ORIENTED_EDGE('',*,*,#4000,.F.);
#5658=ORIENTED_EDGE('',*,*,#4004,.F.);
#5659=ORIENTED_EDGE('',*,*,#4005,.T.);
#5660=ORIENTED_EDGE('',*,*,#3940,.T.);
#5661=ORIENTED_EDGE('',*,*,#4003,.F.);
#5662=ORIENTED_EDGE('',*,*,#4006,.F.);
#5663=ORIENTED_EDGE('',*,*,#4007,.T.);
#5664=ORIENTED_EDGE('',*,*,#3941,.T.);
#5665=ORIENTED_EDGE('',*,*,#4005,.F.);
#5666=ORIENTED_EDGE('',*,*,#4008,.T.);
#5667=ORIENTED_EDGE('',*,*,#4009,.T.);
#5668=ORIENTED_EDGE('',*,*,#3942,.T.);
#5669=ORIENTED_EDGE('',*,*,#4007,.F.);
#5670=ORIENTED_EDGE('',*,*,#4010,.F.);
#5671=ORIENTED_EDGE('',*,*,#4011,.T.);
#5672=ORIENTED_EDGE('',*,*,#3943,.T.);
#5673=ORIENTED_EDGE('',*,*,#4009,.F.);
#5674=ORIENTED_EDGE('',*,*,#4012,.T.);
#5675=ORIENTED_EDGE('',*,*,#4013,.T.);
#5676=ORIENTED_EDGE('',*,*,#3944,.T.);
#5677=ORIENTED_EDGE('',*,*,#4011,.F.);
#5678=ORIENTED_EDGE('',*,*,#4014,.T.);
#5679=ORIENTED_EDGE('',*,*,#4015,.T.);
#5680=ORIENTED_EDGE('',*,*,#3945,.T.);
#5681=ORIENTED_EDGE('',*,*,#4013,.F.);
#5682=ORIENTED_EDGE('',*,*,#4016,.F.);
#5683=ORIENTED_EDGE('',*,*,#4017,.T.);
#5684=ORIENTED_EDGE('',*,*,#3946,.T.);
#5685=ORIENTED_EDGE('',*,*,#4015,.F.);
#5686=ORIENTED_EDGE('',*,*,#4018,.T.);
#5687=ORIENTED_EDGE('',*,*,#4019,.T.);
#5688=ORIENTED_EDGE('',*,*,#3947,.T.);
#5689=ORIENTED_EDGE('',*,*,#4017,.F.);
#5690=ORIENTED_EDGE('',*,*,#4020,.T.);
#5691=ORIENTED_EDGE('',*,*,#4021,.T.);
#5692=ORIENTED_EDGE('',*,*,#3948,.T.);
#5693=ORIENTED_EDGE('',*,*,#4019,.F.);
#5694=ORIENTED_EDGE('',*,*,#4022,.T.);
#5695=ORIENTED_EDGE('',*,*,#4023,.T.);
#5696=ORIENTED_EDGE('',*,*,#3949,.T.);
#5697=ORIENTED_EDGE('',*,*,#4021,.F.);
#5698=ORIENTED_EDGE('',*,*,#4024,.F.);
#5699=ORIENTED_EDGE('',*,*,#4025,.T.);
#5700=ORIENTED_EDGE('',*,*,#3950,.T.);
#5701=ORIENTED_EDGE('',*,*,#4023,.F.);
#5702=ORIENTED_EDGE('',*,*,#4026,.T.);
#5703=ORIENTED_EDGE('',*,*,#4027,.T.);
#5704=ORIENTED_EDGE('',*,*,#3951,.T.);
#5705=ORIENTED_EDGE('',*,*,#4025,.F.);
#5706=ORIENTED_EDGE('',*,*,#4028,.F.);
#5707=ORIENTED_EDGE('',*,*,#4029,.T.);
#5708=ORIENTED_EDGE('',*,*,#3936,.T.);
#5709=ORIENTED_EDGE('',*,*,#4030,.F.);
#5710=ORIENTED_EDGE('',*,*,#4031,.T.);
#5711=ORIENTED_EDGE('',*,*,#4001,.T.);
#5712=ORIENTED_EDGE('',*,*,#3937,.T.);
#5713=ORIENTED_EDGE('',*,*,#4029,.F.);
#5714=ORIENTED_EDGE('',*,*,#4032,.F.);
#5715=ORIENTED_EDGE('',*,*,#4033,.T.);
#5716=ORIENTED_EDGE('',*,*,#3959,.F.);
#5717=ORIENTED_EDGE('',*,*,#4034,.F.);
#5718=ORIENTED_EDGE('',*,*,#4035,.F.);
#5719=ORIENTED_EDGE('',*,*,#4034,.T.);
#5720=ORIENTED_EDGE('',*,*,#3958,.F.);
#5721=ORIENTED_EDGE('',*,*,#4036,.F.);
#5722=ORIENTED_EDGE('',*,*,#4037,.F.);
#5723=ORIENTED_EDGE('',*,*,#4036,.T.);
#5724=ORIENTED_EDGE('',*,*,#3957,.F.);
#5725=ORIENTED_EDGE('',*,*,#4038,.F.);
#5726=ORIENTED_EDGE('',*,*,#4039,.F.);
#5727=ORIENTED_EDGE('',*,*,#4038,.T.);
#5728=ORIENTED_EDGE('',*,*,#3956,.F.);
#5729=ORIENTED_EDGE('',*,*,#4040,.F.);
#5730=ORIENTED_EDGE('',*,*,#4041,.F.);
#5731=ORIENTED_EDGE('',*,*,#4040,.T.);
#5732=ORIENTED_EDGE('',*,*,#3955,.F.);
#5733=ORIENTED_EDGE('',*,*,#4042,.F.);
#5734=ORIENTED_EDGE('',*,*,#4043,.F.);
#5735=ORIENTED_EDGE('',*,*,#4042,.T.);
#5736=ORIENTED_EDGE('',*,*,#3954,.F.);
#5737=ORIENTED_EDGE('',*,*,#4044,.F.);
#5738=ORIENTED_EDGE('',*,*,#4045,.F.);
#5739=ORIENTED_EDGE('',*,*,#4044,.T.);
#5740=ORIENTED_EDGE('',*,*,#3953,.F.);
#5741=ORIENTED_EDGE('',*,*,#4046,.F.);
#5742=ORIENTED_EDGE('',*,*,#4047,.T.);
#5743=ORIENTED_EDGE('',*,*,#4046,.T.);
#5744=ORIENTED_EDGE('',*,*,#3952,.F.);
#5745=ORIENTED_EDGE('',*,*,#4033,.F.);
#5746=ORIENTED_EDGE('',*,*,#3960,.F.);
#5747=ORIENTED_EDGE('',*,*,#4048,.T.);
#5748=ORIENTED_EDGE('',*,*,#4049,.T.);
#5749=ORIENTED_EDGE('',*,*,#4048,.F.);
#5750=ORIENTED_EDGE('',*,*,#3961,.F.);
#5751=ORIENTED_EDGE('',*,*,#4050,.T.);
#5752=ORIENTED_EDGE('',*,*,#4051,.T.);
#5753=ORIENTED_EDGE('',*,*,#4050,.F.);
#5754=ORIENTED_EDGE('',*,*,#3962,.F.);
#5755=ORIENTED_EDGE('',*,*,#4052,.T.);
#5756=ORIENTED_EDGE('',*,*,#4053,.T.);
#5757=ORIENTED_EDGE('',*,*,#4052,.F.);
#5758=ORIENTED_EDGE('',*,*,#4054,.F.);
#5759=ORIENTED_EDGE('',*,*,#4055,.T.);
#5760=ORIENTED_EDGE('',*,*,#3933,.F.);
#5761=ORIENTED_EDGE('',*,*,#4056,.F.);
#5762=ORIENTED_EDGE('',*,*,#4057,.F.);
#5763=ORIENTED_EDGE('',*,*,#4056,.T.);
#5764=ORIENTED_EDGE('',*,*,#3932,.F.);
#5765=ORIENTED_EDGE('',*,*,#4058,.F.);
#5766=ORIENTED_EDGE('',*,*,#4059,.T.);
#5767=ORIENTED_EDGE('',*,*,#4058,.T.);
#5768=ORIENTED_EDGE('',*,*,#3931,.F.);
#5769=ORIENTED_EDGE('',*,*,#4060,.F.);
#5770=ORIENTED_EDGE('',*,*,#4061,.T.);
#5771=ORIENTED_EDGE('',*,*,#4060,.T.);
#5772=ORIENTED_EDGE('',*,*,#3930,.F.);
#5773=ORIENTED_EDGE('',*,*,#4062,.F.);
#5774=ORIENTED_EDGE('',*,*,#4063,.F.);
#5775=ORIENTED_EDGE('',*,*,#4062,.T.);
#5776=ORIENTED_EDGE('',*,*,#3929,.F.);
#5777=ORIENTED_EDGE('',*,*,#4064,.F.);
#5778=ORIENTED_EDGE('',*,*,#4065,.T.);
#5779=ORIENTED_EDGE('',*,*,#4064,.T.);
#5780=ORIENTED_EDGE('',*,*,#3928,.F.);
#5781=ORIENTED_EDGE('',*,*,#4066,.F.);
#5782=ORIENTED_EDGE('',*,*,#4067,.F.);
#5783=ORIENTED_EDGE('',*,*,#4066,.T.);
#5784=ORIENTED_EDGE('',*,*,#3927,.F.);
#5785=ORIENTED_EDGE('',*,*,#4068,.F.);
#5786=ORIENTED_EDGE('',*,*,#4069,.F.);
#5787=ORIENTED_EDGE('',*,*,#4068,.T.);
#5788=ORIENTED_EDGE('',*,*,#3926,.F.);
#5789=ORIENTED_EDGE('',*,*,#4070,.F.);
#5790=ORIENTED_EDGE('',*,*,#4071,.T.);
#5791=ORIENTED_EDGE('',*,*,#4070,.T.);
#5792=ORIENTED_EDGE('',*,*,#3925,.F.);
#5793=ORIENTED_EDGE('',*,*,#4072,.F.);
#5794=ORIENTED_EDGE('',*,*,#4073,.F.);
#5795=ORIENTED_EDGE('',*,*,#4072,.T.);
#5796=ORIENTED_EDGE('',*,*,#3924,.F.);
#5797=ORIENTED_EDGE('',*,*,#4074,.F.);
#5798=ORIENTED_EDGE('',*,*,#4075,.F.);
#5799=ORIENTED_EDGE('',*,*,#4074,.T.);
#5800=ORIENTED_EDGE('',*,*,#3923,.F.);
#5801=ORIENTED_EDGE('',*,*,#4076,.F.);
#5802=ORIENTED_EDGE('',*,*,#4077,.F.);
#5803=ORIENTED_EDGE('',*,*,#4076,.T.);
#5804=ORIENTED_EDGE('',*,*,#3922,.F.);
#5805=ORIENTED_EDGE('',*,*,#4078,.F.);
#5806=ORIENTED_EDGE('',*,*,#4079,.T.);
#5807=ORIENTED_EDGE('',*,*,#4078,.T.);
#5808=ORIENTED_EDGE('',*,*,#3921,.F.);
#5809=ORIENTED_EDGE('',*,*,#4080,.F.);
#5810=ORIENTED_EDGE('',*,*,#4081,.F.);
#5811=ORIENTED_EDGE('',*,*,#4080,.T.);
#5812=ORIENTED_EDGE('',*,*,#3920,.F.);
#5813=ORIENTED_EDGE('',*,*,#4027,.F.);
#5814=ORIENTED_EDGE('',*,*,#4082,.T.);
#5815=ORIENTED_EDGE('',*,*,#4030,.T.);
#5816=ORIENTED_EDGE('',*,*,#3935,.F.);
#5817=ORIENTED_EDGE('',*,*,#4083,.F.);
#5818=ORIENTED_EDGE('',*,*,#4084,.F.);
#5819=ORIENTED_EDGE('',*,*,#4083,.T.);
#5820=ORIENTED_EDGE('',*,*,#3934,.F.);
#5821=ORIENTED_EDGE('',*,*,#4055,.F.);
#5822=ORIENTED_EDGE('',*,*,#4026,.F.);
#5823=ORIENTED_EDGE('',*,*,#4024,.T.);
#5824=ORIENTED_EDGE('',*,*,#4022,.F.);
#5825=ORIENTED_EDGE('',*,*,#4020,.F.);
#5826=ORIENTED_EDGE('',*,*,#4018,.F.);
#5827=ORIENTED_EDGE('',*,*,#4016,.T.);
#5828=ORIENTED_EDGE('',*,*,#4014,.F.);
#5829=ORIENTED_EDGE('',*,*,#4012,.F.);
#5830=ORIENTED_EDGE('',*,*,#4010,.T.);
#5831=ORIENTED_EDGE('',*,*,#4008,.F.);
#5832=ORIENTED_EDGE('',*,*,#4006,.T.);
#5833=ORIENTED_EDGE('',*,*,#4004,.T.);
#5834=ORIENTED_EDGE('',*,*,#4002,.F.);
#5835=ORIENTED_EDGE('',*,*,#3999,.F.);
#5836=ORIENTED_EDGE('',*,*,#4031,.F.);
#5837=ORIENTED_EDGE('',*,*,#4028,.T.);
#5838=ORIENTED_EDGE('',*,*,#4082,.F.);
#5839=ORIENTED_EDGE('',*,*,#4084,.T.);
#5840=ORIENTED_EDGE('',*,*,#4054,.T.);
#5841=ORIENTED_EDGE('',*,*,#4057,.T.);
#5842=ORIENTED_EDGE('',*,*,#4059,.F.);
#5843=ORIENTED_EDGE('',*,*,#4061,.F.);
#5844=ORIENTED_EDGE('',*,*,#4063,.T.);
#5845=ORIENTED_EDGE('',*,*,#4065,.F.);
#5846=ORIENTED_EDGE('',*,*,#4067,.T.);
#5847=ORIENTED_EDGE('',*,*,#4069,.T.);
#5848=ORIENTED_EDGE('',*,*,#4071,.F.);
#5849=ORIENTED_EDGE('',*,*,#4073,.T.);
#5850=ORIENTED_EDGE('',*,*,#4075,.T.);
#5851=ORIENTED_EDGE('',*,*,#4077,.T.);
#5852=ORIENTED_EDGE('',*,*,#4079,.F.);
#5853=ORIENTED_EDGE('',*,*,#4081,.T.);
#5854=ORIENTED_EDGE('',*,*,#3990,.T.);
#5855=ORIENTED_EDGE('',*,*,#3988,.F.);
#5856=ORIENTED_EDGE('',*,*,#3986,.F.);
#5857=ORIENTED_EDGE('',*,*,#3984,.F.);
#5858=ORIENTED_EDGE('',*,*,#3982,.F.);
#5859=ORIENTED_EDGE('',*,*,#3980,.F.);
#5860=ORIENTED_EDGE('',*,*,#3978,.F.);
#5861=ORIENTED_EDGE('',*,*,#3975,.F.);
#5862=ORIENTED_EDGE('',*,*,#3992,.T.);
#5863=ORIENTED_EDGE('',*,*,#3994,.T.);
#5864=ORIENTED_EDGE('',*,*,#3996,.T.);
#5865=ORIENTED_EDGE('',*,*,#3998,.T.);
#5866=ORIENTED_EDGE('',*,*,#4053,.F.);
#5867=ORIENTED_EDGE('',*,*,#4051,.F.);
#5868=ORIENTED_EDGE('',*,*,#4049,.F.);
#5869=ORIENTED_EDGE('',*,*,#4047,.F.);
#5870=ORIENTED_EDGE('',*,*,#4032,.T.);
#5871=ORIENTED_EDGE('',*,*,#4035,.T.);
#5872=ORIENTED_EDGE('',*,*,#4037,.T.);
#5873=ORIENTED_EDGE('',*,*,#4039,.T.);
#5874=ORIENTED_EDGE('',*,*,#4041,.T.);
#5875=ORIENTED_EDGE('',*,*,#4043,.T.);
#5876=ORIENTED_EDGE('',*,*,#4045,.T.);
#5877=PLANE('',#6465);
#5878=PLANE('',#6466);
#5879=PLANE('',#6467);
#5880=PLANE('',#6468);
#5881=PLANE('',#6469);
#5882=PLANE('',#6470);
#5883=PLANE('',#6471);
#5884=PLANE('',#6472);
#5885=PLANE('',#6473);
#5886=PLANE('',#6474);
#5887=PLANE('',#6475);
#5888=PLANE('',#6479);
#5889=PLANE('',#6483);
#5890=PLANE('',#6487);
#5891=PLANE('',#6491);
#5892=PLANE('',#6495);
#5893=PLANE('',#6499);
#5894=PLANE('',#6503);
#5895=PLANE('',#6507);
#5896=PLANE('',#6511);
#5897=PLANE('',#6515);
#5898=PLANE('',#6519);
#5899=PLANE('',#6523);
#5900=PLANE('',#6527);
#5901=PLANE('',#6531);
#5902=PLANE('',#6535);
#5903=PLANE('',#6536);
#5904=PLANE('',#6537);
#5905=PLANE('',#6538);
#5906=PLANE('',#6539);
#5907=PLANE('',#6543);
#5908=PLANE('',#6547);
#5909=PLANE('',#6551);
#5910=PLANE('',#6555);
#5911=PLANE('',#6556);
#5912=PLANE('',#6557);
#5913=PLANE('',#6561);
#5914=PLANE('',#6562);
#5915=PLANE('',#6563);
#5916=PLANE('',#6564);
#5917=PLANE('',#6577);
#5918=PLANE('',#6584);
#5919=PLANE('',#6591);
#5920=PLANE('',#6598);
#5921=PLANE('',#6602);
#5922=PLANE('',#6605);
#5923=PLANE('',#6607);
#5924=PLANE('',#6617);
#5925=PLANE('',#6627);
#5926=PLANE('',#6634);
#5927=PLANE('',#6641);
#5928=PLANE('',#6645);
#5929=PLANE('',#6648);
#5930=PLANE('',#6649);
#5931=PLANE('',#6656);
#5932=PLANE('',#6662);
#5933=PLANE('',#6666);
#5934=PLANE('',#6687);
#5935=PLANE('',#6690);
#5936=PLANE('',#6693);
#5937=PLANE('',#6696);
#5938=PLANE('',#6699);
#5939=PLANE('',#6702);
#5940=PLANE('',#6709);
#5941=PLANE('',#6712);
#5942=PLANE('',#6715);
#5943=PLANE('',#6718);
#5944=PLANE('',#6721);
#5945=PLANE('',#6722);
#5946=PLANE('',#6725);
#5947=PLANE('',#6742);
#5948=PLANE('',#6752);
#5949=PLANE('',#6773);
#5950=PLANE('',#6776);
#5951=PLANE('',#6779);
#5952=PLANE('',#6784);
#5953=PLANE('',#6787);
#5954=PLANE('',#6790);
#5955=PLANE('',#6795);
#5956=PLANE('',#6798);
#5957=PLANE('',#6801);
#5958=PLANE('',#6804);
#5959=PLANE('',#6807);
#5960=PLANE('',#6810);
#5961=PLANE('',#6813);
#5962=PLANE('',#6814);
#5963=PLANE('',#6827);
#5964=PLANE('',#6828);
#5965=PLANE('',#6829);
#5966=PLANE('',#6830);
#5967=PLANE('',#6831);
#5968=PLANE('',#6832);
#5969=PLANE('',#6837);
#5970=PLANE('',#6839);
#5971=PLANE('',#6846);
#5972=PLANE('',#6848);
#5973=PLANE('',#6853);
#5974=PLANE('',#6857);
#5975=PLANE('',#6864);
#5976=PLANE('',#6865);
#5977=PLANE('',#6869);
#5978=PLANE('',#6877);
#5979=PLANE('',#6880);
#5980=PLANE('',#6881);
#5981=PLANE('',#6886);
#5982=PLANE('',#6888);
#5983=PLANE('',#6895);
#5984=PLANE('',#6897);
#5985=PLANE('',#6902);
#5986=PLANE('',#6906);
#5987=PLANE('',#6913);
#5988=PLANE('',#6914);
#5989=PLANE('',#6918);
#5990=PLANE('',#6926);
#5991=PLANE('',#6929);
#5992=PLANE('',#6930);
#5993=PLANE('',#6935);
#5994=PLANE('',#6937);
#5995=PLANE('',#6944);
#5996=PLANE('',#6946);
#5997=PLANE('',#6951);
#5998=PLANE('',#6955);
#5999=PLANE('',#6962);
#6000=PLANE('',#6963);
#6001=PLANE('',#6967);
#6002=PLANE('',#6975);
#6003=PLANE('',#6978);
#6004=PLANE('',#6979);
#6005=PLANE('',#6981);
#6006=PLANE('',#6983);
#6007=PLANE('',#6986);
#6008=PLANE('',#6988);
#6009=PLANE('',#6991);
#6010=PLANE('',#6993);
#6011=PLANE('',#6996);
#6012=PLANE('',#6998);
#6013=PLANE('',#7002);
#6014=PLANE('',#7034);
#6015=PLANE('',#7037);
#6016=PLANE('',#7040);
#6017=PLANE('',#7043);
#6018=PLANE('',#7052);
#6019=PLANE('',#7055);
#6020=PLANE('',#7058);
#6021=PLANE('',#7061);
#6022=PLANE('',#7066);
#6023=PLANE('',#7069);
#6024=PLANE('',#7072);
#6025=PLANE('',#7073);
#6026=PLANE('',#7074);
#6027=PLANE('',#7077);
#6028=PLANE('',#7080);
#6029=PLANE('',#7083);
#6030=PLANE('',#7086);
#6031=PLANE('',#7093);
#6032=PLANE('',#7096);
#6033=PLANE('',#7099);
#6034=PLANE('',#7102);
#6035=PLANE('',#7107);
#6036=PLANE('',#7110);
#6037=PLANE('',#7113);
#6038=PLANE('',#7114);
#6039=PLANE('',#7115);
#6040=PLANE('',#7116);
#6041=ADVANCED_FACE('',(#739),#5877,.T.);
#6042=ADVANCED_FACE('',(#740),#5878,.T.);
#6043=ADVANCED_FACE('',(#741),#5879,.T.);
#6044=ADVANCED_FACE('',(#742),#5880,.T.);
#6045=ADVANCED_FACE('',(#743),#5881,.T.);
#6046=ADVANCED_FACE('',(#744),#5882,.F.);
#6047=ADVANCED_FACE('',(#745),#5883,.T.);
#6048=ADVANCED_FACE('',(#746),#5884,.T.);
#6049=ADVANCED_FACE('',(#747),#5885,.T.);
#6050=ADVANCED_FACE('',(#748),#5886,.T.);
#6051=ADVANCED_FACE('',(#749),#5887,.T.);
#6052=ADVANCED_FACE('',(#750),#541,.F.);
#6053=ADVANCED_FACE('',(#751),#5888,.T.);
#6054=ADVANCED_FACE('',(#752),#542,.F.);
#6055=ADVANCED_FACE('',(#753),#5889,.T.);
#6056=ADVANCED_FACE('',(#754),#543,.F.);
#6057=ADVANCED_FACE('',(#755),#5890,.T.);
#6058=ADVANCED_FACE('',(#756),#544,.F.);
#6059=ADVANCED_FACE('',(#757),#5891,.T.);
#6060=ADVANCED_FACE('',(#758),#545,.F.);
#6061=ADVANCED_FACE('',(#759),#5892,.T.);
#6062=ADVANCED_FACE('',(#760),#546,.F.);
#6063=ADVANCED_FACE('',(#761),#5893,.T.);
#6064=ADVANCED_FACE('',(#762),#547,.F.);
#6065=ADVANCED_FACE('',(#763),#5894,.T.);
#6066=ADVANCED_FACE('',(#764),#548,.F.);
#6067=ADVANCED_FACE('',(#765),#5895,.T.);
#6068=ADVANCED_FACE('',(#766),#549,.F.);
#6069=ADVANCED_FACE('',(#767),#5896,.T.);
#6070=ADVANCED_FACE('',(#768),#550,.F.);
#6071=ADVANCED_FACE('',(#769),#5897,.T.);
#6072=ADVANCED_FACE('',(#770),#551,.F.);
#6073=ADVANCED_FACE('',(#771),#5898,.T.);
#6074=ADVANCED_FACE('',(#772),#552,.F.);
#6075=ADVANCED_FACE('',(#773),#5899,.T.);
#6076=ADVANCED_FACE('',(#774),#553,.F.);
#6077=ADVANCED_FACE('',(#775),#5900,.T.);
#6078=ADVANCED_FACE('',(#776),#554,.F.);
#6079=ADVANCED_FACE('',(#777),#5901,.T.);
#6080=ADVANCED_FACE('',(#778),#555,.F.);
#6081=ADVANCED_FACE('',(#779),#5902,.T.);
#6082=ADVANCED_FACE('',(#780),#5903,.T.);
#6083=ADVANCED_FACE('',(#781),#5904,.T.);
#6084=ADVANCED_FACE('',(#782),#5905,.T.);
#6085=ADVANCED_FACE('',(#783),#5906,.T.);
#6086=ADVANCED_FACE('',(#784),#556,.F.);
#6087=ADVANCED_FACE('',(#785),#5907,.T.);
#6088=ADVANCED_FACE('',(#786),#557,.F.);
#6089=ADVANCED_FACE('',(#787),#5908,.T.);
#6090=ADVANCED_FACE('',(#788),#558,.F.);
#6091=ADVANCED_FACE('',(#789),#5909,.T.);
#6092=ADVANCED_FACE('',(#790),#559,.F.);
#6093=ADVANCED_FACE('',(#791),#5910,.T.);
#6094=ADVANCED_FACE('',(#792),#5911,.T.);
#6095=ADVANCED_FACE('',(#793),#5912,.T.);
#6096=ADVANCED_FACE('',(#794),#560,.F.);
#6097=ADVANCED_FACE('',(#795),#5913,.T.);
#6098=ADVANCED_FACE('',(#796),#5914,.T.);
#6099=ADVANCED_FACE('',(#797,#137,#138,#139,#140,#141,#142,#143,#144),#5915,
 .F.);
#6100=ADVANCED_FACE('',(#798),#5916,.T.);
#6101=ADVANCED_FACE('',(#799),#5917,.F.);
#6102=ADVANCED_FACE('',(#800),#561,.T.);
#6103=ADVANCED_FACE('',(#801),#562,.F.);
#6104=ADVANCED_FACE('',(#802),#563,.T.);
#6105=ADVANCED_FACE('',(#803),#5918,.F.);
#6106=ADVANCED_FACE('',(#804),#564,.T.);
#6107=ADVANCED_FACE('',(#805),#565,.T.);
#6108=ADVANCED_FACE('',(#806),#566,.F.);
#6109=ADVANCED_FACE('',(#807),#5919,.F.);
#6110=ADVANCED_FACE('',(#808),#5920,.T.);
#6111=ADVANCED_FACE('',(#809),#567,.T.);
#6112=ADVANCED_FACE('',(#810),#568,.F.);
#6113=ADVANCED_FACE('',(#811),#569,.T.);
#6114=ADVANCED_FACE('',(#812),#5921,.T.);
#6115=ADVANCED_FACE('',(#813),#570,.T.);
#6116=ADVANCED_FACE('',(#814),#571,.T.);
#6117=ADVANCED_FACE('',(#815),#5922,.T.);
#6118=ADVANCED_FACE('',(#816),#572,.F.);
#6119=ADVANCED_FACE('',(#817),#5923,.F.);
#6120=ADVANCED_FACE('',(#818),#573,.T.);
#6121=ADVANCED_FACE('',(#819),#574,.F.);
#6122=ADVANCED_FACE('',(#820),#575,.T.);
#6123=ADVANCED_FACE('',(#821),#5924,.F.);
#6124=ADVANCED_FACE('',(#822),#576,.T.);
#6125=ADVANCED_FACE('',(#823),#577,.T.);
#6126=ADVANCED_FACE('',(#824),#578,.F.);
#6127=ADVANCED_FACE('',(#825),#5925,.F.);
#6128=ADVANCED_FACE('',(#826),#5926,.T.);
#6129=ADVANCED_FACE('',(#827),#5927,.T.);
#6130=ADVANCED_FACE('',(#828),#579,.T.);
#6131=ADVANCED_FACE('',(#829),#580,.F.);
#6132=ADVANCED_FACE('',(#830),#581,.T.);
#6133=ADVANCED_FACE('',(#831),#5928,.T.);
#6134=ADVANCED_FACE('',(#832),#582,.T.);
#6135=ADVANCED_FACE('',(#833),#583,.T.);
#6136=ADVANCED_FACE('',(#834,#145,#146,#147,#148,#149,#150,#151,#152,#153,
#154),#5929,.T.);
#6137=ADVANCED_FACE('',(#835),#5930,.T.);
#6138=ADVANCED_FACE('',(#836),#584,.F.);
#6139=ADVANCED_FACE('',(#837),#585,.T.);
#6140=ADVANCED_FACE('',(#838),#5931,.T.);
#6141=ADVANCED_FACE('',(#839),#586,.T.);
#6142=ADVANCED_FACE('',(#840),#5932,.T.);
#6143=ADVANCED_FACE('',(#841),#587,.T.);
#6144=ADVANCED_FACE('',(#842,#155,#156,#157,#158,#159,#160,#161,#162),#5933,
 .T.);
#6145=ADVANCED_FACE('',(#843),#588,.T.);
#6146=ADVANCED_FACE('',(#844),#589,.F.);
#6147=ADVANCED_FACE('',(#845),#590,.F.);
#6148=ADVANCED_FACE('',(#846),#5934,.T.);
#6149=ADVANCED_FACE('',(#847),#591,.F.);
#6150=ADVANCED_FACE('',(#848),#5935,.T.);
#6151=ADVANCED_FACE('',(#849),#592,.F.);
#6152=ADVANCED_FACE('',(#850),#5936,.T.);
#6153=ADVANCED_FACE('',(#851),#593,.F.);
#6154=ADVANCED_FACE('',(#852),#5937,.T.);
#6155=ADVANCED_FACE('',(#853),#594,.F.);
#6156=ADVANCED_FACE('',(#854),#5938,.T.);
#6157=ADVANCED_FACE('',(#855),#595,.F.);
#6158=ADVANCED_FACE('',(#856),#5939,.T.);
#6159=ADVANCED_FACE('',(#857),#596,.F.);
#6160=ADVANCED_FACE('',(#858),#597,.F.);
#6161=ADVANCED_FACE('',(#859),#598,.F.);
#6162=ADVANCED_FACE('',(#860),#5940,.T.);
#6163=ADVANCED_FACE('',(#861),#599,.F.);
#6164=ADVANCED_FACE('',(#862),#5941,.T.);
#6165=ADVANCED_FACE('',(#863),#600,.F.);
#6166=ADVANCED_FACE('',(#864),#5942,.T.);
#6167=ADVANCED_FACE('',(#865),#601,.F.);
#6168=ADVANCED_FACE('',(#866),#5943,.T.);
#6169=ADVANCED_FACE('',(#867),#602,.F.);
#6170=ADVANCED_FACE('',(#868),#5944,.T.);
#6171=ADVANCED_FACE('',(#869),#5945,.T.);
#6172=ADVANCED_FACE('',(#870),#603,.F.);
#6173=ADVANCED_FACE('',(#871,#163,#164,#165,#166,#167,#168,#169,#170),#5946,
 .F.);
#6174=ADVANCED_FACE('',(#872),#604,.F.);
#6175=ADVANCED_FACE('',(#873),#605,.F.);
#6176=ADVANCED_FACE('',(#874),#606,.F.);
#6177=ADVANCED_FACE('',(#875),#607,.F.);
#6178=ADVANCED_FACE('',(#876),#608,.T.);
#6179=ADVANCED_FACE('',(#877),#5947,.T.);
#6180=ADVANCED_FACE('',(#878),#609,.T.);
#6181=ADVANCED_FACE('',(#879),#610,.T.);
#6182=ADVANCED_FACE('',(#880),#611,.T.);
#6183=ADVANCED_FACE('',(#881,#171,#172,#173,#174,#175,#176,#177,#178,#179,
#180,#181,#182),#5948,.T.);
#6184=ADVANCED_FACE('',(#882),#612,.F.);
#6185=ADVANCED_FACE('',(#883),#613,.F.);
#6186=ADVANCED_FACE('',(#884),#5949,.T.);
#6187=ADVANCED_FACE('',(#885),#614,.F.);
#6188=ADVANCED_FACE('',(#886),#5950,.T.);
#6189=ADVANCED_FACE('',(#887),#615,.F.);
#6190=ADVANCED_FACE('',(#888),#5951,.T.);
#6191=ADVANCED_FACE('',(#889),#616,.F.);
#6192=ADVANCED_FACE('',(#890),#617,.F.);
#6193=ADVANCED_FACE('',(#891),#5952,.T.);
#6194=ADVANCED_FACE('',(#892),#618,.F.);
#6195=ADVANCED_FACE('',(#893),#5953,.T.);
#6196=ADVANCED_FACE('',(#894),#619,.F.);
#6197=ADVANCED_FACE('',(#895),#5954,.T.);
#6198=ADVANCED_FACE('',(#896),#620,.F.);
#6199=ADVANCED_FACE('',(#897),#621,.F.);
#6200=ADVANCED_FACE('',(#898),#5955,.T.);
#6201=ADVANCED_FACE('',(#899),#622,.F.);
#6202=ADVANCED_FACE('',(#900),#5956,.T.);
#6203=ADVANCED_FACE('',(#901),#623,.F.);
#6204=ADVANCED_FACE('',(#902),#5957,.T.);
#6205=ADVANCED_FACE('',(#903),#624,.F.);
#6206=ADVANCED_FACE('',(#904),#5958,.T.);
#6207=ADVANCED_FACE('',(#905),#625,.F.);
#6208=ADVANCED_FACE('',(#906),#5959,.T.);
#6209=ADVANCED_FACE('',(#907),#626,.F.);
#6210=ADVANCED_FACE('',(#908),#5960,.T.);
#6211=ADVANCED_FACE('',(#909),#627,.F.);
#6212=ADVANCED_FACE('',(#910),#5961,.T.);
#6213=ADVANCED_FACE('',(#911,#183,#184,#185,#186,#187,#188,#189,#190,#191,
#192,#193,#194),#5962,.F.);
#6214=ADVANCED_FACE('',(#912),#628,.F.);
#6215=ADVANCED_FACE('',(#913),#629,.F.);
#6216=ADVANCED_FACE('',(#914),#630,.F.);
#6217=ADVANCED_FACE('',(#915),#631,.F.);
#6218=ADVANCED_FACE('',(#916),#5963,.T.);
#6219=ADVANCED_FACE('',(#917),#5964,.T.);
#6220=ADVANCED_FACE('',(#918),#5965,.T.);
#6221=ADVANCED_FACE('',(#919),#5966,.T.);
#6222=ADVANCED_FACE('',(#920,#195,#196,#197,#198),#5967,.T.);
#6223=ADVANCED_FACE('',(#921,#199,#200,#201,#202),#5968,.F.);
#6224=ADVANCED_FACE('',(#922),#632,.T.);
#6225=ADVANCED_FACE('',(#923),#5969,.T.);
#6226=ADVANCED_FACE('',(#924),#5970,.F.);
#6227=ADVANCED_FACE('',(#925),#633,.T.);
#6228=ADVANCED_FACE('',(#926),#5971,.T.);
#6229=ADVANCED_FACE('',(#927,#203),#5972,.F.);
#6230=ADVANCED_FACE('',(#928),#634,.T.);
#6231=ADVANCED_FACE('',(#929),#5973,.T.);
#6232=ADVANCED_FACE('',(#930),#635,.T.);
#6233=ADVANCED_FACE('',(#931),#5974,.T.);
#6234=ADVANCED_FACE('',(#932),#636,.F.);
#6235=ADVANCED_FACE('',(#933),#637,.F.);
#6236=ADVANCED_FACE('',(#934),#5975,.F.);
#6237=ADVANCED_FACE('',(#935),#5976,.F.);
#6238=ADVANCED_FACE('',(#936),#638,.T.);
#6239=ADVANCED_FACE('',(#937),#5977,.F.);
#6240=ADVANCED_FACE('',(#938),#639,.T.);
#6241=ADVANCED_FACE('',(#939),#640,.F.);
#6242=ADVANCED_FACE('',(#940),#5978,.F.);
#6243=ADVANCED_FACE('',(#941),#641,.T.);
#6244=ADVANCED_FACE('',(#942,#204),#5979,.F.);
#6245=ADVANCED_FACE('',(#943),#5980,.T.);
#6246=ADVANCED_FACE('',(#944),#642,.T.);
#6247=ADVANCED_FACE('',(#945),#5981,.T.);
#6248=ADVANCED_FACE('',(#946),#5982,.F.);
#6249=ADVANCED_FACE('',(#947),#643,.T.);
#6250=ADVANCED_FACE('',(#948),#5983,.T.);
#6251=ADVANCED_FACE('',(#949,#205),#5984,.F.);
#6252=ADVANCED_FACE('',(#950),#644,.T.);
#6253=ADVANCED_FACE('',(#951),#5985,.T.);
#6254=ADVANCED_FACE('',(#952),#645,.T.);
#6255=ADVANCED_FACE('',(#953),#5986,.T.);
#6256=ADVANCED_FACE('',(#954),#646,.F.);
#6257=ADVANCED_FACE('',(#955),#647,.F.);
#6258=ADVANCED_FACE('',(#956),#5987,.F.);
#6259=ADVANCED_FACE('',(#957),#5988,.F.);
#6260=ADVANCED_FACE('',(#958),#648,.T.);
#6261=ADVANCED_FACE('',(#959),#5989,.F.);
#6262=ADVANCED_FACE('',(#960),#649,.T.);
#6263=ADVANCED_FACE('',(#961),#650,.F.);
#6264=ADVANCED_FACE('',(#962),#5990,.F.);
#6265=ADVANCED_FACE('',(#963),#651,.T.);
#6266=ADVANCED_FACE('',(#964,#206),#5991,.F.);
#6267=ADVANCED_FACE('',(#965),#5992,.T.);
#6268=ADVANCED_FACE('',(#966),#652,.T.);
#6269=ADVANCED_FACE('',(#967),#5993,.F.);
#6270=ADVANCED_FACE('',(#968),#5994,.T.);
#6271=ADVANCED_FACE('',(#969),#653,.T.);
#6272=ADVANCED_FACE('',(#970),#5995,.F.);
#6273=ADVANCED_FACE('',(#971,#207),#5996,.T.);
#6274=ADVANCED_FACE('',(#972),#654,.T.);
#6275=ADVANCED_FACE('',(#973),#5997,.F.);
#6276=ADVANCED_FACE('',(#974),#655,.T.);
#6277=ADVANCED_FACE('',(#975),#5998,.F.);
#6278=ADVANCED_FACE('',(#976),#656,.F.);
#6279=ADVANCED_FACE('',(#977),#657,.F.);
#6280=ADVANCED_FACE('',(#978),#5999,.T.);
#6281=ADVANCED_FACE('',(#979),#6000,.T.);
#6282=ADVANCED_FACE('',(#980),#658,.T.);
#6283=ADVANCED_FACE('',(#981),#6001,.T.);
#6284=ADVANCED_FACE('',(#982),#659,.T.);
#6285=ADVANCED_FACE('',(#983),#660,.F.);
#6286=ADVANCED_FACE('',(#984),#6002,.T.);
#6287=ADVANCED_FACE('',(#985),#661,.T.);
#6288=ADVANCED_FACE('',(#986,#208),#6003,.T.);
#6289=ADVANCED_FACE('',(#987),#6004,.F.);
#6290=ADVANCED_FACE('',(#988),#6005,.F.);
#6291=ADVANCED_FACE('',(#989),#6006,.T.);
#6292=ADVANCED_FACE('',(#990),#662,.T.);
#6293=ADVANCED_FACE('',(#991),#6007,.F.);
#6294=ADVANCED_FACE('',(#992),#6008,.T.);
#6295=ADVANCED_FACE('',(#993),#663,.T.);
#6296=ADVANCED_FACE('',(#994),#6009,.F.);
#6297=ADVANCED_FACE('',(#995),#6010,.T.);
#6298=ADVANCED_FACE('',(#996),#664,.T.);
#6299=ADVANCED_FACE('',(#997),#6011,.F.);
#6300=ADVANCED_FACE('',(#998),#6012,.T.);
#6301=ADVANCED_FACE('',(#999),#665,.T.);
#6302=ADVANCED_FACE('',(#1000,#209,#210,#211,#212,#213,#214,#215,#216,#217),
#6013,.T.);
#6303=ADVANCED_FACE('',(#1001),#666,.F.);
#6304=ADVANCED_FACE('',(#1002),#6014,.F.);
#6305=ADVANCED_FACE('',(#1003),#667,.F.);
#6306=ADVANCED_FACE('',(#1004),#6015,.F.);
#6307=ADVANCED_FACE('',(#1005),#668,.F.);
#6308=ADVANCED_FACE('',(#1006),#6016,.F.);
#6309=ADVANCED_FACE('',(#1007),#669,.F.);
#6310=ADVANCED_FACE('',(#1008),#6017,.F.);
#6311=ADVANCED_FACE('',(#1009),#670,.F.);
#6312=ADVANCED_FACE('',(#1010),#671,.F.);
#6313=ADVANCED_FACE('',(#1011),#672,.F.);
#6314=ADVANCED_FACE('',(#1012),#673,.F.);
#6315=ADVANCED_FACE('',(#1013),#6018,.F.);
#6316=ADVANCED_FACE('',(#1014),#674,.F.);
#6317=ADVANCED_FACE('',(#1015),#6019,.F.);
#6318=ADVANCED_FACE('',(#1016),#675,.T.);
#6319=ADVANCED_FACE('',(#1017),#6020,.F.);
#6320=ADVANCED_FACE('',(#1018),#676,.T.);
#6321=ADVANCED_FACE('',(#1019),#6021,.F.);
#6322=ADVANCED_FACE('',(#1020),#677,.F.);
#6323=ADVANCED_FACE('',(#1021),#678,.T.);
#6324=ADVANCED_FACE('',(#1022),#6022,.F.);
#6325=ADVANCED_FACE('',(#1023),#679,.F.);
#6326=ADVANCED_FACE('',(#1024),#6023,.F.);
#6327=ADVANCED_FACE('',(#1025),#680,.T.);
#6328=ADVANCED_FACE('',(#1026),#6024,.F.);
#6329=ADVANCED_FACE('',(#1027),#6025,.F.);
#6330=ADVANCED_FACE('',(#1028),#6026,.F.);
#6331=ADVANCED_FACE('',(#1029),#681,.F.);
#6332=ADVANCED_FACE('',(#1030),#6027,.T.);
#6333=ADVANCED_FACE('',(#1031),#682,.F.);
#6334=ADVANCED_FACE('',(#1032),#6028,.T.);
#6335=ADVANCED_FACE('',(#1033),#683,.F.);
#6336=ADVANCED_FACE('',(#1034),#6029,.T.);
#6337=ADVANCED_FACE('',(#1035),#684,.F.);
#6338=ADVANCED_FACE('',(#1036),#6030,.T.);
#6339=ADVANCED_FACE('',(#1037),#685,.F.);
#6340=ADVANCED_FACE('',(#1038),#686,.F.);
#6341=ADVANCED_FACE('',(#1039),#687,.F.);
#6342=ADVANCED_FACE('',(#1040),#6031,.T.);
#6343=ADVANCED_FACE('',(#1041),#688,.F.);
#6344=ADVANCED_FACE('',(#1042),#6032,.T.);
#6345=ADVANCED_FACE('',(#1043),#689,.T.);
#6346=ADVANCED_FACE('',(#1044),#6033,.T.);
#6347=ADVANCED_FACE('',(#1045),#690,.T.);
#6348=ADVANCED_FACE('',(#1046),#6034,.T.);
#6349=ADVANCED_FACE('',(#1047),#691,.F.);
#6350=ADVANCED_FACE('',(#1048),#692,.T.);
#6351=ADVANCED_FACE('',(#1049),#6035,.T.);
#6352=ADVANCED_FACE('',(#1050),#693,.F.);
#6353=ADVANCED_FACE('',(#1051),#6036,.T.);
#6354=ADVANCED_FACE('',(#1052),#694,.T.);
#6355=ADVANCED_FACE('',(#1053),#6037,.T.);
#6356=ADVANCED_FACE('',(#1054),#6038,.T.);
#6357=ADVANCED_FACE('',(#1055),#6039,.T.);
#6358=ADVANCED_FACE('',(#1056,#218,#219,#220,#221,#222,#223,#224,#225,#226),
#6040,.F.);
#6359=CLOSED_SHELL('',(#6041,#6042,#6043,#6044,#6045,#6046));
#6360=CLOSED_SHELL('',(#6047,#6048,#6049,#6050,#6051,#6052,#6053,#6054,
#6055,#6056,#6057,#6058,#6059,#6060,#6061,#6062,#6063,#6064,#6065,#6066,
#6067,#6068,#6069,#6070,#6071,#6072,#6073,#6074,#6075,#6076,#6077,#6078,
#6079,#6080,#6081,#6082,#6083,#6084,#6085,#6086,#6087,#6088,#6089,#6090,
#6091,#6092,#6093,#6094,#6095,#6096,#6097,#6098,#6099,#6100,#6101,#6102,
#6103,#6104,#6105,#6106,#6107,#6108,#6109,#6110,#6111,#6112,#6113,#6114,
#6115,#6116,#6117,#6118,#6119,#6120,#6121,#6122,#6123,#6124,#6125,#6126,
#6127,#6128,#6129,#6130,#6131,#6132,#6133,#6134,#6135,#6136,#6137,#6138));
#6361=CLOSED_SHELL('',(#6139,#6140,#6141,#6142,#6143,#6144,#6145,#6146,
#6147,#6148,#6149,#6150,#6151,#6152,#6153,#6154,#6155,#6156,#6157,#6158,
#6159,#6160,#6161,#6162,#6163,#6164,#6165,#6166,#6167,#6168,#6169,#6170,
#6171,#6172,#6173));
#6362=CLOSED_SHELL('',(#6174,#6175,#6176,#6177,#6178,#6179,#6180,#6181,
#6182,#6183,#6184,#6185,#6186,#6187,#6188,#6189,#6190,#6191,#6192,#6193,
#6194,#6195,#6196,#6197,#6198,#6199,#6200,#6201,#6202,#6203,#6204,#6205,
#6206,#6207,#6208,#6209,#6210,#6211,#6212,#6213));
#6363=CLOSED_SHELL('',(#6214,#6215,#6216,#6217,#6218,#6219,#6220,#6221,
#6222,#6223));
#6364=CLOSED_SHELL('',(#6224,#6225,#6226,#6227,#6228,#6229,#6230,#6231,
#6232,#6233,#6234,#6235,#6236,#6237,#6238,#6239,#6240,#6241,#6242,#6243,
#6244,#6245));
#6365=CLOSED_SHELL('',(#6246,#6247,#6248,#6249,#6250,#6251,#6252,#6253,
#6254,#6255,#6256,#6257,#6258,#6259,#6260,#6261,#6262,#6263,#6264,#6265,
#6266,#6267));
#6366=CLOSED_SHELL('',(#6268,#6269,#6270,#6271,#6272,#6273,#6274,#6275,
#6276,#6277,#6278,#6279,#6280,#6281,#6282,#6283,#6284,#6285,#6286,#6287,
#6288,#6289));
#6367=CLOSED_SHELL('',(#6290,#6291,#6292));
#6368=CLOSED_SHELL('',(#6293,#6294,#6295));
#6369=CLOSED_SHELL('',(#6296,#6297,#6298));
#6370=CLOSED_SHELL('',(#6299,#6300,#6301));
#6371=CLOSED_SHELL('',(#6302,#6303,#6304,#6305,#6306,#6307,#6308,#6309,
#6310,#6311,#6312,#6313,#6314,#6315,#6316,#6317,#6318,#6319,#6320,#6321,
#6322,#6323,#6324,#6325,#6326,#6327,#6328,#6329,#6330,#6331,#6332,#6333,
#6334,#6335,#6336,#6337,#6338,#6339,#6340,#6341,#6342,#6343,#6344,#6345,
#6346,#6347,#6348,#6349,#6350,#6351,#6352,#6353,#6354,#6355,#6356,#6357,
#6358));
#6372=DERIVED_UNIT_ELEMENT(#6388,1.);
#6373=DERIVED_UNIT_ELEMENT(#11028,-3.);
#6374=DERIVED_UNIT_ELEMENT(#6388,1.);
#6375=DERIVED_UNIT_ELEMENT(#11028,-3.);
#6376=DERIVED_UNIT_ELEMENT(#6388,1.);
#6377=DERIVED_UNIT_ELEMENT(#11028,-3.);
#6378=DERIVED_UNIT_ELEMENT(#6388,1.);
#6379=DERIVED_UNIT_ELEMENT(#11028,-3.);
#6380=DERIVED_UNIT_ELEMENT(#6388,1.);
#6381=DERIVED_UNIT_ELEMENT(#11028,-3.);
#6382=DERIVED_UNIT_ELEMENT(#6388,1.);
#6383=DERIVED_UNIT_ELEMENT(#11028,-3.);
#6384=DERIVED_UNIT_ELEMENT(#6388,1.);
#6385=DERIVED_UNIT_ELEMENT(#11028,-3.);
#6386=DERIVED_UNIT_ELEMENT(#6388,1.);
#6387=DERIVED_UNIT_ELEMENT(#11028,-3.);
#6388=(
MASS_UNIT()
NAMED_UNIT(*)
SI_UNIT(.KILO.,.GRAM.)
);
#6389=DERIVED_UNIT((#6372,#6373));
#6390=DERIVED_UNIT((#6374,#6375));
#6391=DERIVED_UNIT((#6376,#6377));
#6392=DERIVED_UNIT((#6378,#6379));
#6393=DERIVED_UNIT((#6380,#6381));
#6394=DERIVED_UNIT((#6382,#6383));
#6395=DERIVED_UNIT((#6384,#6385));
#6396=DERIVED_UNIT((#6386,#6387));
#6397=MEASURE_REPRESENTATION_ITEM('density measure',
POSITIVE_RATIO_MEASURE(952.),#6389);
#6398=MEASURE_REPRESENTATION_ITEM('density measure',
POSITIVE_RATIO_MEASURE(7850.),#6390);
#6399=MEASURE_REPRESENTATION_ITEM('density measure',
POSITIVE_RATIO_MEASURE(7850.),#6391);
#6400=MEASURE_REPRESENTATION_ITEM('density measure',
POSITIVE_RATIO_MEASURE(7850.),#6392);
#6401=MEASURE_REPRESENTATION_ITEM('density measure',
POSITIVE_RATIO_MEASURE(7850.),#6393);
#6402=MEASURE_REPRESENTATION_ITEM('density measure',
POSITIVE_RATIO_MEASURE(1060.),#6394);
#6403=MEASURE_REPRESENTATION_ITEM('density measure',
POSITIVE_RATIO_MEASURE(7850.),#6395);
#6404=MEASURE_REPRESENTATION_ITEM('density measure',
POSITIVE_RATIO_MEASURE(7850.),#6396);
#6405=PROPERTY_DEFINITION_REPRESENTATION(#6445,#6421);
#6406=PROPERTY_DEFINITION_REPRESENTATION(#6446,#6422);
#6407=PROPERTY_DEFINITION_REPRESENTATION(#6447,#6423);
#6408=PROPERTY_DEFINITION_REPRESENTATION(#6448,#6424);
#6409=PROPERTY_DEFINITION_REPRESENTATION(#6449,#6425);
#6410=PROPERTY_DEFINITION_REPRESENTATION(#6450,#6426);
#6411=PROPERTY_DEFINITION_REPRESENTATION(#6451,#6427);
#6412=PROPERTY_DEFINITION_REPRESENTATION(#6452,#6428);
#6413=PROPERTY_DEFINITION_REPRESENTATION(#6453,#6429);
#6414=PROPERTY_DEFINITION_REPRESENTATION(#6454,#6430);
#6415=PROPERTY_DEFINITION_REPRESENTATION(#6455,#6431);
#6416=PROPERTY_DEFINITION_REPRESENTATION(#6456,#6432);
#6417=PROPERTY_DEFINITION_REPRESENTATION(#6457,#6433);
#6418=PROPERTY_DEFINITION_REPRESENTATION(#6458,#6434);
#6419=PROPERTY_DEFINITION_REPRESENTATION(#6459,#6435);
#6420=PROPERTY_DEFINITION_REPRESENTATION(#6460,#6436);
#6421=REPRESENTATION('material name',(#6437),#11018);
#6422=REPRESENTATION('density',(#6397),#11018);
#6423=REPRESENTATION('material name',(#6438),#11019);
#6424=REPRESENTATION('density',(#6398),#11019);
#6425=REPRESENTATION('material name',(#6439),#11020);
#6426=REPRESENTATION('density',(#6399),#11020);
#6427=REPRESENTATION('material name',(#6440),#11021);
#6428=REPRESENTATION('density',(#6400),#11021);
#6429=REPRESENTATION('material name',(#6441),#11022);
#6430=REPRESENTATION('density',(#6401),#11022);
#6431=REPRESENTATION('material name',(#6442),#11023);
#6432=REPRESENTATION('density',(#6402),#11023);
#6433=REPRESENTATION('material name',(#6443),#11024);
#6434=REPRESENTATION('density',(#6403),#11024);
#6435=REPRESENTATION('material name',(#6444),#11025);
#6436=REPRESENTATION('density',(#6404),#11025);
#6437=DESCRIPTIVE_REPRESENTATION_ITEM('Plastic, Opaque Black',
'Plastic, Opaque Black');
#6438=DESCRIPTIVE_REPRESENTATION_ITEM('Steel','Steel');
#6439=DESCRIPTIVE_REPRESENTATION_ITEM('Steel','Steel');
#6440=DESCRIPTIVE_REPRESENTATION_ITEM('Steel','Steel');
#6441=DESCRIPTIVE_REPRESENTATION_ITEM('Steel','Steel');
#6442=DESCRIPTIVE_REPRESENTATION_ITEM('ABS Plastic','ABS Plastic');
#6443=DESCRIPTIVE_REPRESENTATION_ITEM('Steel','Steel');
#6444=DESCRIPTIVE_REPRESENTATION_ITEM('Steel','Steel');
#6445=PROPERTY_DEFINITION('material property','material name',#11095);
#6446=PROPERTY_DEFINITION('material property','density of part',#11095);
#6447=PROPERTY_DEFINITION('material property','material name',#11096);
#6448=PROPERTY_DEFINITION('material property','density of part',#11096);
#6449=PROPERTY_DEFINITION('material property','material name',#11097);
#6450=PROPERTY_DEFINITION('material property','density of part',#11097);
#6451=PROPERTY_DEFINITION('material property','material name',#11098);
#6452=PROPERTY_DEFINITION('material property','density of part',#11098);
#6453=PROPERTY_DEFINITION('material property','material name',#11099);
#6454=PROPERTY_DEFINITION('material property','density of part',#11099);
#6455=PROPERTY_DEFINITION('material property','material name',#11100);
#6456=PROPERTY_DEFINITION('material property','density of part',#11100);
#6457=PROPERTY_DEFINITION('material property','material name',#11101);
#6458=PROPERTY_DEFINITION('material property','density of part',#11101);
#6459=PROPERTY_DEFINITION('material property','material name',#11102);
#6460=PROPERTY_DEFINITION('material property','density of part',#11102);
#6461=AXIS2_PLACEMENT_3D('',#9071,#7143,#7144);
#6462=AXIS2_PLACEMENT_3D('',#9072,#7145,#7146);
#6463=AXIS2_PLACEMENT_3D('',#9073,#7147,#7148);
#6464=AXIS2_PLACEMENT_3D('',#9074,#7149,#7150);
#6465=AXIS2_PLACEMENT_3D('',#9075,#7151,#7152);
#6466=AXIS2_PLACEMENT_3D('',#9084,#7157,#7158);
#6467=AXIS2_PLACEMENT_3D('',#9090,#7162,#7163);
#6468=AXIS2_PLACEMENT_3D('',#9096,#7167,#7168);
#6469=AXIS2_PLACEMENT_3D('',#9099,#7171,#7172);
#6470=AXIS2_PLACEMENT_3D('',#9100,#7173,#7174);
#6471=AXIS2_PLACEMENT_3D('',#9101,#7175,#7176);
#6472=AXIS2_PLACEMENT_3D('',#9110,#7181,#7182);
#6473=AXIS2_PLACEMENT_3D('',#9116,#7186,#7187);
#6474=AXIS2_PLACEMENT_3D('',#9122,#7191,#7192);
#6475=AXIS2_PLACEMENT_3D('',#9125,#7195,#7196);
#6476=AXIS2_PLACEMENT_3D('',#9134,#7201,#7202);
#6477=AXIS2_PLACEMENT_3D('',#9136,#7203,#7204);
#6478=AXIS2_PLACEMENT_3D('',#9138,#7205,#7206);
#6479=AXIS2_PLACEMENT_3D('',#9140,#7208,#7209);
#6480=AXIS2_PLACEMENT_3D('',#9146,#7213,#7214);
#6481=AXIS2_PLACEMENT_3D('',#9148,#7215,#7216);
#6482=AXIS2_PLACEMENT_3D('',#9150,#7217,#7218);
#6483=AXIS2_PLACEMENT_3D('',#9152,#7220,#7221);
#6484=AXIS2_PLACEMENT_3D('',#9158,#7225,#7226);
#6485=AXIS2_PLACEMENT_3D('',#9159,#7227,#7228);
#6486=AXIS2_PLACEMENT_3D('',#9160,#7229,#7230);
#6487=AXIS2_PLACEMENT_3D('',#9161,#7231,#7232);
#6488=AXIS2_PLACEMENT_3D('',#9170,#7237,#7238);
#6489=AXIS2_PLACEMENT_3D('',#9172,#7239,#7240);
#6490=AXIS2_PLACEMENT_3D('',#9174,#7241,#7242);
#6491=AXIS2_PLACEMENT_3D('',#9176,#7244,#7245);
#6492=AXIS2_PLACEMENT_3D('',#9182,#7249,#7250);
#6493=AXIS2_PLACEMENT_3D('',#9184,#7251,#7252);
#6494=AXIS2_PLACEMENT_3D('',#9186,#7253,#7254);
#6495=AXIS2_PLACEMENT_3D('',#9188,#7256,#7257);
#6496=AXIS2_PLACEMENT_3D('',#9194,#7261,#7262);
#6497=AXIS2_PLACEMENT_3D('',#9195,#7263,#7264);
#6498=AXIS2_PLACEMENT_3D('',#9196,#7265,#7266);
#6499=AXIS2_PLACEMENT_3D('',#9197,#7267,#7268);
#6500=AXIS2_PLACEMENT_3D('',#9206,#7273,#7274);
#6501=AXIS2_PLACEMENT_3D('',#9208,#7275,#7276);
#6502=AXIS2_PLACEMENT_3D('',#9210,#7277,#7278);
#6503=AXIS2_PLACEMENT_3D('',#9212,#7280,#7281);
#6504=AXIS2_PLACEMENT_3D('',#9218,#7285,#7286);
#6505=AXIS2_PLACEMENT_3D('',#9220,#7287,#7288);
#6506=AXIS2_PLACEMENT_3D('',#9222,#7289,#7290);
#6507=AXIS2_PLACEMENT_3D('',#9224,#7292,#7293);
#6508=AXIS2_PLACEMENT_3D('',#9230,#7297,#7298);
#6509=AXIS2_PLACEMENT_3D('',#9231,#7299,#7300);
#6510=AXIS2_PLACEMENT_3D('',#9232,#7301,#7302);
#6511=AXIS2_PLACEMENT_3D('',#9233,#7303,#7304);
#6512=AXIS2_PLACEMENT_3D('',#9242,#7309,#7310);
#6513=AXIS2_PLACEMENT_3D('',#9244,#7311,#7312);
#6514=AXIS2_PLACEMENT_3D('',#9246,#7313,#7314);
#6515=AXIS2_PLACEMENT_3D('',#9248,#7316,#7317);
#6516=AXIS2_PLACEMENT_3D('',#9254,#7321,#7322);
#6517=AXIS2_PLACEMENT_3D('',#9256,#7323,#7324);
#6518=AXIS2_PLACEMENT_3D('',#9258,#7325,#7326);
#6519=AXIS2_PLACEMENT_3D('',#9260,#7328,#7329);
#6520=AXIS2_PLACEMENT_3D('',#9266,#7333,#7334);
#6521=AXIS2_PLACEMENT_3D('',#9267,#7335,#7336);
#6522=AXIS2_PLACEMENT_3D('',#9268,#7337,#7338);
#6523=AXIS2_PLACEMENT_3D('',#9269,#7339,#7340);
#6524=AXIS2_PLACEMENT_3D('',#9278,#7345,#7346);
#6525=AXIS2_PLACEMENT_3D('',#9280,#7347,#7348);
#6526=AXIS2_PLACEMENT_3D('',#9282,#7349,#7350);
#6527=AXIS2_PLACEMENT_3D('',#9284,#7352,#7353);
#6528=AXIS2_PLACEMENT_3D('',#9290,#7357,#7358);
#6529=AXIS2_PLACEMENT_3D('',#9292,#7359,#7360);
#6530=AXIS2_PLACEMENT_3D('',#9294,#7361,#7362);
#6531=AXIS2_PLACEMENT_3D('',#9296,#7364,#7365);
#6532=AXIS2_PLACEMENT_3D('',#9302,#7369,#7370);
#6533=AXIS2_PLACEMENT_3D('',#9303,#7371,#7372);
#6534=AXIS2_PLACEMENT_3D('',#9304,#7373,#7374);
#6535=AXIS2_PLACEMENT_3D('',#9305,#7375,#7376);
#6536=AXIS2_PLACEMENT_3D('',#9314,#7381,#7382);
#6537=AXIS2_PLACEMENT_3D('',#9320,#7386,#7387);
#6538=AXIS2_PLACEMENT_3D('',#9326,#7391,#7392);
#6539=AXIS2_PLACEMENT_3D('',#9329,#7395,#7396);
#6540=AXIS2_PLACEMENT_3D('',#9338,#7401,#7402);
#6541=AXIS2_PLACEMENT_3D('',#9340,#7403,#7404);
#6542=AXIS2_PLACEMENT_3D('',#9342,#7405,#7406);
#6543=AXIS2_PLACEMENT_3D('',#9344,#7408,#7409);
#6544=AXIS2_PLACEMENT_3D('',#9350,#7413,#7414);
#6545=AXIS2_PLACEMENT_3D('',#9352,#7415,#7416);
#6546=AXIS2_PLACEMENT_3D('',#9354,#7417,#7418);
#6547=AXIS2_PLACEMENT_3D('',#9356,#7420,#7421);
#6548=AXIS2_PLACEMENT_3D('',#9362,#7425,#7426);
#6549=AXIS2_PLACEMENT_3D('',#9363,#7427,#7428);
#6550=AXIS2_PLACEMENT_3D('',#9364,#7429,#7430);
#6551=AXIS2_PLACEMENT_3D('',#9365,#7431,#7432);
#6552=AXIS2_PLACEMENT_3D('',#9374,#7437,#7438);
#6553=AXIS2_PLACEMENT_3D('',#9376,#7439,#7440);
#6554=AXIS2_PLACEMENT_3D('',#9378,#7441,#7442);
#6555=AXIS2_PLACEMENT_3D('',#9380,#7444,#7445);
#6556=AXIS2_PLACEMENT_3D('',#9386,#7449,#7450);
#6557=AXIS2_PLACEMENT_3D('',#9395,#7455,#7456);
#6558=AXIS2_PLACEMENT_3D('',#9404,#7461,#7462);
#6559=AXIS2_PLACEMENT_3D('',#9406,#7463,#7464);
#6560=AXIS2_PLACEMENT_3D('',#9408,#7465,#7466);
#6561=AXIS2_PLACEMENT_3D('',#9410,#7468,#7469);
#6562=AXIS2_PLACEMENT_3D('',#9416,#7473,#7474);
#6563=AXIS2_PLACEMENT_3D('',#9425,#7479,#7480);
#6564=AXIS2_PLACEMENT_3D('',#9430,#7485,#7486);
#6565=AXIS2_PLACEMENT_3D('',#9433,#7488,#7489);
#6566=AXIS2_PLACEMENT_3D('',#9437,#7491,#7492);
#6567=AXIS2_PLACEMENT_3D('',#9439,#7493,#7494);
#6568=AXIS2_PLACEMENT_3D('',#9441,#7495,#7496);
#6569=AXIS2_PLACEMENT_3D('',#9445,#7498,#7499);
#6570=AXIS2_PLACEMENT_3D('',#9447,#7500,#7501);
#6571=AXIS2_PLACEMENT_3D('',#9451,#7503,#7504);
#6572=AXIS2_PLACEMENT_3D('',#9453,#7505,#7506);
#6573=AXIS2_PLACEMENT_3D('',#9457,#7508,#7509);
#6574=AXIS2_PLACEMENT_3D('',#9459,#7510,#7511);
#6575=AXIS2_PLACEMENT_3D('',#9461,#7512,#7513);
#6576=AXIS2_PLACEMENT_3D('',#9464,#7515,#7516);
#6577=AXIS2_PLACEMENT_3D('',#9465,#7517,#7518);
#6578=AXIS2_PLACEMENT_3D('',#9471,#7522,#7523);
#6579=AXIS2_PLACEMENT_3D('',#9473,#7524,#7525);
#6580=AXIS2_PLACEMENT_3D('',#9475,#7527,#7528);
#6581=AXIS2_PLACEMENT_3D('',#9477,#7529,#7530);
#6582=AXIS2_PLACEMENT_3D('',#9479,#7532,#7533);
#6583=AXIS2_PLACEMENT_3D('',#9481,#7534,#7535);
#6584=AXIS2_PLACEMENT_3D('',#9483,#7537,#7538);
#6585=AXIS2_PLACEMENT_3D('',#9487,#7541,#7542);
#6586=AXIS2_PLACEMENT_3D('',#9489,#7543,#7544);
#6587=AXIS2_PLACEMENT_3D('',#9491,#7546,#7547);
#6588=AXIS2_PLACEMENT_3D('',#9494,#7549,#7550);
#6589=AXIS2_PLACEMENT_3D('',#9495,#7551,#7552);
#6590=AXIS2_PLACEMENT_3D('',#9497,#7553,#7554);
#6591=AXIS2_PLACEMENT_3D('',#9499,#7556,#7557);
#6592=AXIS2_PLACEMENT_3D('',#9502,#7558,#7559);
#6593=AXIS2_PLACEMENT_3D('',#9504,#7560,#7561);
#6594=AXIS2_PLACEMENT_3D('',#9509,#7564,#7565);
#6595=AXIS2_PLACEMENT_3D('',#9513,#7567,#7568);
#6596=AXIS2_PLACEMENT_3D('',#9515,#7569,#7570);
#6597=AXIS2_PLACEMENT_3D('',#9517,#7571,#7572);
#6598=AXIS2_PLACEMENT_3D('',#9519,#7574,#7575);
#6599=AXIS2_PLACEMENT_3D('',#9522,#7578,#7579);
#6600=AXIS2_PLACEMENT_3D('',#9524,#7581,#7582);
#6601=AXIS2_PLACEMENT_3D('',#9526,#7584,#7585);
#6602=AXIS2_PLACEMENT_3D('',#9528,#7587,#7588);
#6603=AXIS2_PLACEMENT_3D('',#9530,#7590,#7591);
#6604=AXIS2_PLACEMENT_3D('',#9532,#7593,#7594);
#6605=AXIS2_PLACEMENT_3D('',#9534,#7596,#7597);
#6606=AXIS2_PLACEMENT_3D('',#9536,#7599,#7600);
#6607=AXIS2_PLACEMENT_3D('',#9537,#7601,#7602);
#6608=AXIS2_PLACEMENT_3D('',#9546,#7607,#7608);
#6609=AXIS2_PLACEMENT_3D('',#9548,#7609,#7610);
#6610=AXIS2_PLACEMENT_3D('',#9550,#7611,#7612);
#6611=AXIS2_PLACEMENT_3D('',#9552,#7614,#7615);
#6612=AXIS2_PLACEMENT_3D('',#9554,#7616,#7617);
#6613=AXIS2_PLACEMENT_3D('',#9556,#7618,#7619);
#6614=AXIS2_PLACEMENT_3D('',#9558,#7621,#7622);
#6615=AXIS2_PLACEMENT_3D('',#9560,#7623,#7624);
#6616=AXIS2_PLACEMENT_3D('',#9562,#7625,#7626);
#6617=AXIS2_PLACEMENT_3D('',#9564,#7628,#7629);
#6618=AXIS2_PLACEMENT_3D('',#9570,#7633,#7634);
#6619=AXIS2_PLACEMENT_3D('',#9572,#7635,#7636);
#6620=AXIS2_PLACEMENT_3D('',#9574,#7637,#7638);
#6621=AXIS2_PLACEMENT_3D('',#9576,#7640,#7641);
#6622=AXIS2_PLACEMENT_3D('',#9578,#7642,#7643);
#6623=AXIS2_PLACEMENT_3D('',#9580,#7645,#7646);
#6624=AXIS2_PLACEMENT_3D('',#9581,#7647,#7648);
#6625=AXIS2_PLACEMENT_3D('',#9583,#7649,#7650);
#6626=AXIS2_PLACEMENT_3D('',#9585,#7651,#7652);
#6627=AXIS2_PLACEMENT_3D('',#9587,#7654,#7655);
#6628=AXIS2_PLACEMENT_3D('',#9590,#7657,#7658);
#6629=AXIS2_PLACEMENT_3D('',#9594,#7660,#7661);
#6630=AXIS2_PLACEMENT_3D('',#9596,#7662,#7663);
#6631=AXIS2_PLACEMENT_3D('',#9598,#7664,#7665);
#6632=AXIS2_PLACEMENT_3D('',#9602,#7667,#7668);
#6633=AXIS2_PLACEMENT_3D('',#9604,#7669,#7670);
#6634=AXIS2_PLACEMENT_3D('',#9606,#7672,#7673);
#6635=AXIS2_PLACEMENT_3D('',#9609,#7674,#7675);
#6636=AXIS2_PLACEMENT_3D('',#9613,#7677,#7678);
#6637=AXIS2_PLACEMENT_3D('',#9615,#7679,#7680);
#6638=AXIS2_PLACEMENT_3D('',#9617,#7681,#7682);
#6639=AXIS2_PLACEMENT_3D('',#9621,#7684,#7685);
#6640=AXIS2_PLACEMENT_3D('',#9625,#7688,#7689);
#6641=AXIS2_PLACEMENT_3D('',#9626,#7690,#7691);
#6642=AXIS2_PLACEMENT_3D('',#9629,#7694,#7695);
#6643=AXIS2_PLACEMENT_3D('',#9631,#7697,#7698);
#6644=AXIS2_PLACEMENT_3D('',#9633,#7700,#7701);
#6645=AXIS2_PLACEMENT_3D('',#9635,#7703,#7704);
#6646=AXIS2_PLACEMENT_3D('',#9637,#7706,#7707);
#6647=AXIS2_PLACEMENT_3D('',#9639,#7709,#7710);
#6648=AXIS2_PLACEMENT_3D('',#9641,#7712,#7713);
#6649=AXIS2_PLACEMENT_3D('',#9642,#7714,#7715);
#6650=AXIS2_PLACEMENT_3D('',#9644,#7717,#7718);
#6651=AXIS2_PLACEMENT_3D('',#9645,#7719,#7720);
#6652=AXIS2_PLACEMENT_3D('',#9646,#7721,#7722);
#6653=AXIS2_PLACEMENT_3D('',#9647,#7723,#7724);
#6654=AXIS2_PLACEMENT_3D('',#9650,#7725,#7726);
#6655=AXIS2_PLACEMENT_3D('',#9654,#7728,#7729);
#6656=AXIS2_PLACEMENT_3D('',#9656,#7731,#7732);
#6657=AXIS2_PLACEMENT_3D('',#9660,#7734,#7735);
#6658=AXIS2_PLACEMENT_3D('',#9662,#7736,#7737);
#6659=AXIS2_PLACEMENT_3D('',#9665,#7739,#7740);
#6660=AXIS2_PLACEMENT_3D('',#9666,#7741,#7742);
#6661=AXIS2_PLACEMENT_3D('',#9670,#7744,#7745);
#6662=AXIS2_PLACEMENT_3D('',#9672,#7747,#7748);
#6663=AXIS2_PLACEMENT_3D('',#9674,#7749,#7750);
#6664=AXIS2_PLACEMENT_3D('',#9677,#7752,#7753);
#6665=AXIS2_PLACEMENT_3D('',#9679,#7755,#7756);
#6666=AXIS2_PLACEMENT_3D('',#9681,#7758,#7759);
#6667=AXIS2_PLACEMENT_3D('',#9685,#7761,#7762);
#6668=AXIS2_PLACEMENT_3D('',#9691,#7765,#7766);
#6669=AXIS2_PLACEMENT_3D('',#9695,#7768,#7769);
#6670=AXIS2_PLACEMENT_3D('',#9699,#7771,#7772);
#6671=AXIS2_PLACEMENT_3D('',#9703,#7774,#7775);
#6672=AXIS2_PLACEMENT_3D('',#9706,#7777,#7778);
#6673=AXIS2_PLACEMENT_3D('',#9708,#7779,#7780);
#6674=AXIS2_PLACEMENT_3D('',#9711,#7781,#7782);
#6675=AXIS2_PLACEMENT_3D('',#9715,#7784,#7785);
#6676=AXIS2_PLACEMENT_3D('',#9719,#7787,#7788);
#6677=AXIS2_PLACEMENT_3D('',#9723,#7790,#7791);
#6678=AXIS2_PLACEMENT_3D('',#9727,#7793,#7794);
#6679=AXIS2_PLACEMENT_3D('',#9731,#7796,#7797);
#6680=AXIS2_PLACEMENT_3D('',#9734,#7799,#7800);
#6681=AXIS2_PLACEMENT_3D('',#9736,#7801,#7802);
#6682=AXIS2_PLACEMENT_3D('',#9737,#7803,#7804);
#6683=AXIS2_PLACEMENT_3D('',#9738,#7805,#7806);
#6684=AXIS2_PLACEMENT_3D('',#9741,#7808,#7809);
#6685=AXIS2_PLACEMENT_3D('',#9742,#7810,#7811);
#6686=AXIS2_PLACEMENT_3D('',#9745,#7813,#7814);
#6687=AXIS2_PLACEMENT_3D('',#9746,#7815,#7816);
#6688=AXIS2_PLACEMENT_3D('',#9752,#7820,#7821);
#6689=AXIS2_PLACEMENT_3D('',#9754,#7822,#7823);
#6690=AXIS2_PLACEMENT_3D('',#9756,#7825,#7826);
#6691=AXIS2_PLACEMENT_3D('',#9760,#7829,#7830);
#6692=AXIS2_PLACEMENT_3D('',#9762,#7831,#7832);
#6693=AXIS2_PLACEMENT_3D('',#9764,#7834,#7835);
#6694=AXIS2_PLACEMENT_3D('',#9768,#7838,#7839);
#6695=AXIS2_PLACEMENT_3D('',#9769,#7840,#7841);
#6696=AXIS2_PLACEMENT_3D('',#9770,#7842,#7843);
#6697=AXIS2_PLACEMENT_3D('',#9776,#7847,#7848);
#6698=AXIS2_PLACEMENT_3D('',#9778,#7849,#7850);
#6699=AXIS2_PLACEMENT_3D('',#9780,#7852,#7853);
#6700=AXIS2_PLACEMENT_3D('',#9784,#7856,#7857);
#6701=AXIS2_PLACEMENT_3D('',#9786,#7858,#7859);
#6702=AXIS2_PLACEMENT_3D('',#9788,#7861,#7862);
#6703=AXIS2_PLACEMENT_3D('',#9792,#7865,#7866);
#6704=AXIS2_PLACEMENT_3D('',#9793,#7867,#7868);
#6705=AXIS2_PLACEMENT_3D('',#9794,#7869,#7870);
#6706=AXIS2_PLACEMENT_3D('',#9797,#7872,#7873);
#6707=AXIS2_PLACEMENT_3D('',#9798,#7874,#7875);
#6708=AXIS2_PLACEMENT_3D('',#9801,#7877,#7878);
#6709=AXIS2_PLACEMENT_3D('',#9802,#7879,#7880);
#6710=AXIS2_PLACEMENT_3D('',#9808,#7884,#7885);
#6711=AXIS2_PLACEMENT_3D('',#9810,#7886,#7887);
#6712=AXIS2_PLACEMENT_3D('',#9812,#7889,#7890);
#6713=AXIS2_PLACEMENT_3D('',#9816,#7893,#7894);
#6714=AXIS2_PLACEMENT_3D('',#9818,#7895,#7896);
#6715=AXIS2_PLACEMENT_3D('',#9820,#7898,#7899);
#6716=AXIS2_PLACEMENT_3D('',#9824,#7902,#7903);
#6717=AXIS2_PLACEMENT_3D('',#9825,#7904,#7905);
#6718=AXIS2_PLACEMENT_3D('',#9826,#7906,#7907);
#6719=AXIS2_PLACEMENT_3D('',#9832,#7911,#7912);
#6720=AXIS2_PLACEMENT_3D('',#9834,#7913,#7914);
#6721=AXIS2_PLACEMENT_3D('',#9836,#7916,#7917);
#6722=AXIS2_PLACEMENT_3D('',#9840,#7920,#7921);
#6723=AXIS2_PLACEMENT_3D('',#9844,#7924,#7925);
#6724=AXIS2_PLACEMENT_3D('',#9845,#7926,#7927);
#6725=AXIS2_PLACEMENT_3D('',#9846,#7928,#7929);
#6726=AXIS2_PLACEMENT_3D('',#9847,#7930,#7931);
#6727=AXIS2_PLACEMENT_3D('',#9848,#7932,#7933);
#6728=AXIS2_PLACEMENT_3D('',#9850,#7934,#7935);
#6729=AXIS2_PLACEMENT_3D('',#9853,#7937,#7938);
#6730=AXIS2_PLACEMENT_3D('',#9854,#7939,#7940);
#6731=AXIS2_PLACEMENT_3D('',#9856,#7941,#7942);
#6732=AXIS2_PLACEMENT_3D('',#9859,#7944,#7945);
#6733=AXIS2_PLACEMENT_3D('',#9860,#7946,#7947);
#6734=AXIS2_PLACEMENT_3D('',#9862,#7948,#7949);
#6735=AXIS2_PLACEMENT_3D('',#9865,#7951,#7952);
#6736=AXIS2_PLACEMENT_3D('',#9866,#7953,#7954);
#6737=AXIS2_PLACEMENT_3D('',#9868,#7955,#7956);
#6738=AXIS2_PLACEMENT_3D('',#9871,#7958,#7959);
#6739=AXIS2_PLACEMENT_3D('',#9872,#7960,#7961);
#6740=AXIS2_PLACEMENT_3D('',#9875,#7962,#7963);
#6741=AXIS2_PLACEMENT_3D('',#9879,#7965,#7966);
#6742=AXIS2_PLACEMENT_3D('',#9881,#7968,#7969);
#6743=AXIS2_PLACEMENT_3D('',#9883,#7970,#7971);
#6744=AXIS2_PLACEMENT_3D('',#9887,#7973,#7974);
#6745=AXIS2_PLACEMENT_3D('',#9889,#7975,#7976);
#6746=AXIS2_PLACEMENT_3D('',#9891,#7978,#7979);
#6747=AXIS2_PLACEMENT_3D('',#9893,#7980,#7981);
#6748=AXIS2_PLACEMENT_3D('',#9895,#7983,#7984);
#6749=AXIS2_PLACEMENT_3D('',#9898,#7985,#7986);
#6750=AXIS2_PLACEMENT_3D('',#9901,#7989,#7990);
#6751=AXIS2_PLACEMENT_3D('',#9904,#7992,#7993);
#6752=AXIS2_PLACEMENT_3D('',#9905,#7994,#7995);
#6753=AXIS2_PLACEMENT_3D('',#9908,#7997,#7998);
#6754=AXIS2_PLACEMENT_3D('',#9910,#7999,#8000);
#6755=AXIS2_PLACEMENT_3D('',#9913,#8001,#8002);
#6756=AXIS2_PLACEMENT_3D('',#9917,#8004,#8005);
#6757=AXIS2_PLACEMENT_3D('',#9921,#8007,#8008);
#6758=AXIS2_PLACEMENT_3D('',#9924,#8010,#8011);
#6759=AXIS2_PLACEMENT_3D('',#9927,#8012,#8013);
#6760=AXIS2_PLACEMENT_3D('',#9931,#8015,#8016);
#6761=AXIS2_PLACEMENT_3D('',#9935,#8018,#8019);
#6762=AXIS2_PLACEMENT_3D('',#9938,#8021,#8022);
#6763=AXIS2_PLACEMENT_3D('',#9941,#8023,#8024);
#6764=AXIS2_PLACEMENT_3D('',#9945,#8026,#8027);
#6765=AXIS2_PLACEMENT_3D('',#9949,#8029,#8030);
#6766=AXIS2_PLACEMENT_3D('',#9953,#8032,#8033);
#6767=AXIS2_PLACEMENT_3D('',#9957,#8035,#8036);
#6768=AXIS2_PLACEMENT_3D('',#9961,#8038,#8039);
#6769=AXIS2_PLACEMENT_3D('',#9963,#8041,#8042);
#6770=AXIS2_PLACEMENT_3D('',#9966,#8044,#8045);
#6771=AXIS2_PLACEMENT_3D('',#9967,#8046,#8047);
#6772=AXIS2_PLACEMENT_3D('',#9970,#8049,#8050);
#6773=AXIS2_PLACEMENT_3D('',#9971,#8051,#8052);
#6774=AXIS2_PLACEMENT_3D('',#9977,#8056,#8057);
#6775=AXIS2_PLACEMENT_3D('',#9979,#8058,#8059);
#6776=AXIS2_PLACEMENT_3D('',#9981,#8061,#8062);
#6777=AXIS2_PLACEMENT_3D('',#9985,#8065,#8066);
#6778=AXIS2_PLACEMENT_3D('',#9987,#8067,#8068);
#6779=AXIS2_PLACEMENT_3D('',#9989,#8070,#8071);
#6780=AXIS2_PLACEMENT_3D('',#9993,#8074,#8075);
#6781=AXIS2_PLACEMENT_3D('',#9994,#8076,#8077);
#6782=AXIS2_PLACEMENT_3D('',#9995,#8078,#8079);
#6783=AXIS2_PLACEMENT_3D('',#9998,#8081,#8082);
#6784=AXIS2_PLACEMENT_3D('',#9999,#8083,#8084);
#6785=AXIS2_PLACEMENT_3D('',#10005,#8088,#8089);
#6786=AXIS2_PLACEMENT_3D('',#10007,#8090,#8091);
#6787=AXIS2_PLACEMENT_3D('',#10009,#8093,#8094);
#6788=AXIS2_PLACEMENT_3D('',#10013,#8097,#8098);
#6789=AXIS2_PLACEMENT_3D('',#10015,#8099,#8100);
#6790=AXIS2_PLACEMENT_3D('',#10017,#8102,#8103);
#6791=AXIS2_PLACEMENT_3D('',#10021,#8106,#8107);
#6792=AXIS2_PLACEMENT_3D('',#10022,#8108,#8109);
#6793=AXIS2_PLACEMENT_3D('',#10023,#8110,#8111);
#6794=AXIS2_PLACEMENT_3D('',#10026,#8113,#8114);
#6795=AXIS2_PLACEMENT_3D('',#10027,#8115,#8116);
#6796=AXIS2_PLACEMENT_3D('',#10033,#8120,#8121);
#6797=AXIS2_PLACEMENT_3D('',#10035,#8122,#8123);
#6798=AXIS2_PLACEMENT_3D('',#10037,#8125,#8126);
#6799=AXIS2_PLACEMENT_3D('',#10041,#8129,#8130);
#6800=AXIS2_PLACEMENT_3D('',#10043,#8131,#8132);
#6801=AXIS2_PLACEMENT_3D('',#10045,#8134,#8135);
#6802=AXIS2_PLACEMENT_3D('',#10049,#8138,#8139);
#6803=AXIS2_PLACEMENT_3D('',#10050,#8140,#8141);
#6804=AXIS2_PLACEMENT_3D('',#10051,#8142,#8143);
#6805=AXIS2_PLACEMENT_3D('',#10057,#8147,#8148);
#6806=AXIS2_PLACEMENT_3D('',#10059,#8149,#8150);
#6807=AXIS2_PLACEMENT_3D('',#10061,#8152,#8153);
#6808=AXIS2_PLACEMENT_3D('',#10065,#8156,#8157);
#6809=AXIS2_PLACEMENT_3D('',#10067,#8158,#8159);
#6810=AXIS2_PLACEMENT_3D('',#10069,#8161,#8162);
#6811=AXIS2_PLACEMENT_3D('',#10073,#8165,#8166);
#6812=AXIS2_PLACEMENT_3D('',#10074,#8167,#8168);
#6813=AXIS2_PLACEMENT_3D('',#10075,#8169,#8170);
#6814=AXIS2_PLACEMENT_3D('',#10077,#8172,#8173);
#6815=AXIS2_PLACEMENT_3D('',#10078,#8174,#8175);
#6816=AXIS2_PLACEMENT_3D('',#10080,#8176,#8177);
#6817=AXIS2_PLACEMENT_3D('',#10083,#8179,#8180);
#6818=AXIS2_PLACEMENT_3D('',#10084,#8181,#8182);
#6819=AXIS2_PLACEMENT_3D('',#10086,#8183,#8184);
#6820=AXIS2_PLACEMENT_3D('',#10089,#8186,#8187);
#6821=AXIS2_PLACEMENT_3D('',#10090,#8188,#8189);
#6822=AXIS2_PLACEMENT_3D('',#10092,#8190,#8191);
#6823=AXIS2_PLACEMENT_3D('',#10095,#8193,#8194);
#6824=AXIS2_PLACEMENT_3D('',#10096,#8195,#8196);
#6825=AXIS2_PLACEMENT_3D('',#10098,#8197,#8198);
#6826=AXIS2_PLACEMENT_3D('',#10101,#8200,#8201);
#6827=AXIS2_PLACEMENT_3D('',#10102,#8202,#8203);
#6828=AXIS2_PLACEMENT_3D('',#10111,#8208,#8209);
#6829=AXIS2_PLACEMENT_3D('',#10117,#8213,#8214);
#6830=AXIS2_PLACEMENT_3D('',#10123,#8218,#8219);
#6831=AXIS2_PLACEMENT_3D('',#10126,#8222,#8223);
#6832=AXIS2_PLACEMENT_3D('',#10127,#8224,#8225);
#6833=AXIS2_PLACEMENT_3D('',#10128,#8226,#8227);
#6834=AXIS2_PLACEMENT_3D('',#10129,#8228,#8229);
#6835=AXIS2_PLACEMENT_3D('',#10132,#8230,#8231);
#6836=AXIS2_PLACEMENT_3D('',#10136,#8233,#8234);
#6837=AXIS2_PLACEMENT_3D('',#10138,#8236,#8237);
#6838=AXIS2_PLACEMENT_3D('',#10144,#8240,#8241);
#6839=AXIS2_PLACEMENT_3D('',#10146,#8243,#8244);
#6840=AXIS2_PLACEMENT_3D('',#10150,#8246,#8247);
#6841=AXIS2_PLACEMENT_3D('',#10152,#8248,#8249);
#6842=AXIS2_PLACEMENT_3D('',#10158,#8252,#8253);
#6843=AXIS2_PLACEMENT_3D('',#10160,#8255,#8256);
#6844=AXIS2_PLACEMENT_3D('',#10163,#8257,#8258);
#6845=AXIS2_PLACEMENT_3D('',#10167,#8260,#8261);
#6846=AXIS2_PLACEMENT_3D('',#10169,#8263,#8264);
#6847=AXIS2_PLACEMENT_3D('',#10173,#8266,#8267);
#6848=AXIS2_PLACEMENT_3D('',#10177,#8270,#8271);
#6849=AXIS2_PLACEMENT_3D('',#10187,#8276,#8277);
#6850=AXIS2_PLACEMENT_3D('',#10190,#8279,#8280);
#6851=AXIS2_PLACEMENT_3D('',#10191,#8281,#8282);
#6852=AXIS2_PLACEMENT_3D('',#10195,#8284,#8285);
#6853=AXIS2_PLACEMENT_3D('',#10197,#8287,#8288);
#6854=AXIS2_PLACEMENT_3D('',#10201,#8290,#8291);
#6855=AXIS2_PLACEMENT_3D('',#10203,#8293,#8294);
#6856=AXIS2_PLACEMENT_3D('',#10207,#8296,#8297);
#6857=AXIS2_PLACEMENT_3D('',#10209,#8299,#8300);
#6858=AXIS2_PLACEMENT_3D('',#10211,#8301,#8302);
#6859=AXIS2_PLACEMENT_3D('',#10215,#8305,#8306);
#6860=AXIS2_PLACEMENT_3D('',#10219,#8308,#8309);
#6861=AXIS2_PLACEMENT_3D('',#10236,#8310,#8311);
#6862=AXIS2_PLACEMENT_3D('',#10237,#8312,#8313);
#6863=AXIS2_PLACEMENT_3D('',#10255,#8315,#8316);
#6864=AXIS2_PLACEMENT_3D('',#10256,#8317,#8318);
#6865=AXIS2_PLACEMENT_3D('',#10260,#8322,#8323);
#6866=AXIS2_PLACEMENT_3D('',#10262,#8325,#8326);
#6867=AXIS2_PLACEMENT_3D('',#10264,#8327,#8328);
#6868=AXIS2_PLACEMENT_3D('',#10267,#8330,#8331);
#6869=AXIS2_PLACEMENT_3D('',#10268,#8332,#8333);
#6870=AXIS2_PLACEMENT_3D('',#10270,#8334,#8335);
#6871=AXIS2_PLACEMENT_3D('',#10271,#8336,#8337);
#6872=AXIS2_PLACEMENT_3D('',#10274,#8339,#8340);
#6873=AXIS2_PLACEMENT_3D('',#10275,#8341,#8342);
#6874=AXIS2_PLACEMENT_3D('',#10277,#8343,#8344);
#6875=AXIS2_PLACEMENT_3D('',#10279,#8346,#8347);
#6876=AXIS2_PLACEMENT_3D('',#10280,#8348,#8349);
#6877=AXIS2_PLACEMENT_3D('',#10281,#8350,#8351);
#6878=AXIS2_PLACEMENT_3D('',#10282,#8352,#8353);
#6879=AXIS2_PLACEMENT_3D('',#10285,#8355,#8356);
#6880=AXIS2_PLACEMENT_3D('',#10286,#8357,#8358);
#6881=AXIS2_PLACEMENT_3D('',#10288,#8360,#8361);
#6882=AXIS2_PLACEMENT_3D('',#10289,#8362,#8363);
#6883=AXIS2_PLACEMENT_3D('',#10290,#8364,#8365);
#6884=AXIS2_PLACEMENT_3D('',#10293,#8366,#8367);
#6885=AXIS2_PLACEMENT_3D('',#10297,#8369,#8370);
#6886=AXIS2_PLACEMENT_3D('',#10299,#8372,#8373);
#6887=AXIS2_PLACEMENT_3D('',#10305,#8376,#8377);
#6888=AXIS2_PLACEMENT_3D('',#10307,#8379,#8380);
#6889=AXIS2_PLACEMENT_3D('',#10311,#8382,#8383);
#6890=AXIS2_PLACEMENT_3D('',#10313,#8384,#8385);
#6891=AXIS2_PLACEMENT_3D('',#10319,#8388,#8389);
#6892=AXIS2_PLACEMENT_3D('',#10321,#8391,#8392);
#6893=AXIS2_PLACEMENT_3D('',#10324,#8393,#8394);
#6894=AXIS2_PLACEMENT_3D('',#10328,#8396,#8397);
#6895=AXIS2_PLACEMENT_3D('',#10330,#8399,#8400);
#6896=AXIS2_PLACEMENT_3D('',#10334,#8402,#8403);
#6897=AXIS2_PLACEMENT_3D('',#10338,#8406,#8407);
#6898=AXIS2_PLACEMENT_3D('',#10348,#8412,#8413);
#6899=AXIS2_PLACEMENT_3D('',#10351,#8415,#8416);
#6900=AXIS2_PLACEMENT_3D('',#10352,#8417,#8418);
#6901=AXIS2_PLACEMENT_3D('',#10356,#8420,#8421);
#6902=AXIS2_PLACEMENT_3D('',#10358,#8423,#8424);
#6903=AXIS2_PLACEMENT_3D('',#10362,#8426,#8427);
#6904=AXIS2_PLACEMENT_3D('',#10364,#8429,#8430);
#6905=AXIS2_PLACEMENT_3D('',#10368,#8432,#8433);
#6906=AXIS2_PLACEMENT_3D('',#10370,#8435,#8436);
#6907=AXIS2_PLACEMENT_3D('',#10372,#8437,#8438);
#6908=AXIS2_PLACEMENT_3D('',#10376,#8441,#8442);
#6909=AXIS2_PLACEMENT_3D('',#10380,#8444,#8445);
#6910=AXIS2_PLACEMENT_3D('',#10397,#8446,#8447);
#6911=AXIS2_PLACEMENT_3D('',#10398,#8448,#8449);
#6912=AXIS2_PLACEMENT_3D('',#10416,#8451,#8452);
#6913=AXIS2_PLACEMENT_3D('',#10417,#8453,#8454);
#6914=AXIS2_PLACEMENT_3D('',#10421,#8458,#8459);
#6915=AXIS2_PLACEMENT_3D('',#10423,#8461,#8462);
#6916=AXIS2_PLACEMENT_3D('',#10425,#8463,#8464);
#6917=AXIS2_PLACEMENT_3D('',#10428,#8466,#8467);
#6918=AXIS2_PLACEMENT_3D('',#10429,#8468,#8469);
#6919=AXIS2_PLACEMENT_3D('',#10431,#8470,#8471);
#6920=AXIS2_PLACEMENT_3D('',#10432,#8472,#8473);
#6921=AXIS2_PLACEMENT_3D('',#10435,#8475,#8476);
#6922=AXIS2_PLACEMENT_3D('',#10436,#8477,#8478);
#6923=AXIS2_PLACEMENT_3D('',#10438,#8479,#8480);
#6924=AXIS2_PLACEMENT_3D('',#10440,#8482,#8483);
#6925=AXIS2_PLACEMENT_3D('',#10441,#8484,#8485);
#6926=AXIS2_PLACEMENT_3D('',#10442,#8486,#8487);
#6927=AXIS2_PLACEMENT_3D('',#10443,#8488,#8489);
#6928=AXIS2_PLACEMENT_3D('',#10446,#8491,#8492);
#6929=AXIS2_PLACEMENT_3D('',#10447,#8493,#8494);
#6930=AXIS2_PLACEMENT_3D('',#10449,#8496,#8497);
#6931=AXIS2_PLACEMENT_3D('',#10450,#8498,#8499);
#6932=AXIS2_PLACEMENT_3D('',#10451,#8500,#8501);
#6933=AXIS2_PLACEMENT_3D('',#10454,#8502,#8503);
#6934=AXIS2_PLACEMENT_3D('',#10458,#8505,#8506);
#6935=AXIS2_PLACEMENT_3D('',#10460,#8508,#8509);
#6936=AXIS2_PLACEMENT_3D('',#10464,#8511,#8512);
#6937=AXIS2_PLACEMENT_3D('',#10468,#8515,#8516);
#6938=AXIS2_PLACEMENT_3D('',#10472,#8518,#8519);
#6939=AXIS2_PLACEMENT_3D('',#10478,#8522,#8523);
#6940=AXIS2_PLACEMENT_3D('',#10480,#8524,#8525);
#6941=AXIS2_PLACEMENT_3D('',#10482,#8527,#8528);
#6942=AXIS2_PLACEMENT_3D('',#10485,#8529,#8530);
#6943=AXIS2_PLACEMENT_3D('',#10489,#8532,#8533);
#6944=AXIS2_PLACEMENT_3D('',#10491,#8535,#8536);
#6945=AXIS2_PLACEMENT_3D('',#10497,#8539,#8540);
#6946=AXIS2_PLACEMENT_3D('',#10499,#8542,#8543);
#6947=AXIS2_PLACEMENT_3D('',#10503,#8545,#8546);
#6948=AXIS2_PLACEMENT_3D('',#10512,#8551,#8552);
#6949=AXIS2_PLACEMENT_3D('',#10513,#8553,#8554);
#6950=AXIS2_PLACEMENT_3D('',#10517,#8556,#8557);
#6951=AXIS2_PLACEMENT_3D('',#10519,#8559,#8560);
#6952=AXIS2_PLACEMENT_3D('',#10523,#8562,#8563);
#6953=AXIS2_PLACEMENT_3D('',#10525,#8565,#8566);
#6954=AXIS2_PLACEMENT_3D('',#10529,#8568,#8569);
#6955=AXIS2_PLACEMENT_3D('',#10531,#8571,#8572);
#6956=AXIS2_PLACEMENT_3D('',#10536,#8575,#8576);
#6957=AXIS2_PLACEMENT_3D('',#10537,#8577,#8578);
#6958=AXIS2_PLACEMENT_3D('',#10541,#8580,#8581);
#6959=AXIS2_PLACEMENT_3D('',#10558,#8582,#8583);
#6960=AXIS2_PLACEMENT_3D('',#10559,#8584,#8585);
#6961=AXIS2_PLACEMENT_3D('',#10577,#8587,#8588);
#6962=AXIS2_PLACEMENT_3D('',#10578,#8589,#8590);
#6963=AXIS2_PLACEMENT_3D('',#10582,#8594,#8595);
#6964=AXIS2_PLACEMENT_3D('',#10584,#8597,#8598);
#6965=AXIS2_PLACEMENT_3D('',#10586,#8599,#8600);
#6966=AXIS2_PLACEMENT_3D('',#10589,#8602,#8603);
#6967=AXIS2_PLACEMENT_3D('',#10590,#8604,#8605);
#6968=AXIS2_PLACEMENT_3D('',#10592,#8606,#8607);
#6969=AXIS2_PLACEMENT_3D('',#10595,#8609,#8610);
#6970=AXIS2_PLACEMENT_3D('',#10596,#8611,#8612);
#6971=AXIS2_PLACEMENT_3D('',#10597,#8613,#8614);
#6972=AXIS2_PLACEMENT_3D('',#10600,#8616,#8617);
#6973=AXIS2_PLACEMENT_3D('',#10601,#8618,#8619);
#6974=AXIS2_PLACEMENT_3D('',#10602,#8620,#8621);
#6975=AXIS2_PLACEMENT_3D('',#10603,#8622,#8623);
#6976=AXIS2_PLACEMENT_3D('',#10604,#8624,#8625);
#6977=AXIS2_PLACEMENT_3D('',#10606,#8626,#8627);
#6978=AXIS2_PLACEMENT_3D('',#10608,#8629,#8630);
#6979=AXIS2_PLACEMENT_3D('',#10610,#8632,#8633);
#6980=AXIS2_PLACEMENT_3D('',#10611,#8634,#8635);
#6981=AXIS2_PLACEMENT_3D('',#10612,#8636,#8637);
#6982=AXIS2_PLACEMENT_3D('',#10614,#8638,#8639);
#6983=AXIS2_PLACEMENT_3D('',#10615,#8640,#8641);
#6984=AXIS2_PLACEMENT_3D('',#10617,#8642,#8643);
#6985=AXIS2_PLACEMENT_3D('',#10618,#8644,#8645);
#6986=AXIS2_PLACEMENT_3D('',#10620,#8647,#8648);
#6987=AXIS2_PLACEMENT_3D('',#10622,#8649,#8650);
#6988=AXIS2_PLACEMENT_3D('',#10623,#8651,#8652);
#6989=AXIS2_PLACEMENT_3D('',#10625,#8653,#8654);
#6990=AXIS2_PLACEMENT_3D('',#10626,#8655,#8656);
#6991=AXIS2_PLACEMENT_3D('',#10628,#8658,#8659);
#6992=AXIS2_PLACEMENT_3D('',#10630,#8660,#8661);
#6993=AXIS2_PLACEMENT_3D('',#10631,#8662,#8663);
#6994=AXIS2_PLACEMENT_3D('',#10633,#8664,#8665);
#6995=AXIS2_PLACEMENT_3D('',#10634,#8666,#8667);
#6996=AXIS2_PLACEMENT_3D('',#10636,#8669,#8670);
#6997=AXIS2_PLACEMENT_3D('',#10638,#8671,#8672);
#6998=AXIS2_PLACEMENT_3D('',#10639,#8673,#8674);
#6999=AXIS2_PLACEMENT_3D('',#10641,#8675,#8676);
#7000=AXIS2_PLACEMENT_3D('',#10642,#8677,#8678);
#7001=AXIS2_PLACEMENT_3D('',#10644,#8680,#8681);
#7002=AXIS2_PLACEMENT_3D('',#10645,#8682,#8683);
#7003=AXIS2_PLACEMENT_3D('',#10650,#8685,#8686);
#7004=AXIS2_PLACEMENT_3D('',#10654,#8688,#8689);
#7005=AXIS2_PLACEMENT_3D('',#10658,#8691,#8692);
#7006=AXIS2_PLACEMENT_3D('',#10660,#8693,#8694);
#7007=AXIS2_PLACEMENT_3D('',#10664,#8696,#8697);
#7008=AXIS2_PLACEMENT_3D('',#10668,#8699,#8700);
#7009=AXIS2_PLACEMENT_3D('',#10672,#8702,#8703);
#7010=AXIS2_PLACEMENT_3D('',#10686,#8710,#8711);
#7011=AXIS2_PLACEMENT_3D('',#10690,#8713,#8714);
#7012=AXIS2_PLACEMENT_3D('',#10694,#8716,#8717);
#7013=AXIS2_PLACEMENT_3D('',#10698,#8719,#8720);
#7014=AXIS2_PLACEMENT_3D('',#10700,#8721,#8722);
#7015=AXIS2_PLACEMENT_3D('',#10704,#8724,#8725);
#7016=AXIS2_PLACEMENT_3D('',#10708,#8727,#8728);
#7017=AXIS2_PLACEMENT_3D('',#10714,#8731,#8732);
#7018=AXIS2_PLACEMENT_3D('',#10718,#8734,#8735);
#7019=AXIS2_PLACEMENT_3D('',#10722,#8737,#8738);
#7020=AXIS2_PLACEMENT_3D('',#10725,#8740,#8741);
#7021=AXIS2_PLACEMENT_3D('',#10727,#8742,#8743);
#7022=AXIS2_PLACEMENT_3D('',#10729,#8744,#8745);
#7023=AXIS2_PLACEMENT_3D('',#10731,#8746,#8747);
#7024=AXIS2_PLACEMENT_3D('',#10733,#8748,#8749);
#7025=AXIS2_PLACEMENT_3D('',#10735,#8750,#8751);
#7026=AXIS2_PLACEMENT_3D('',#10737,#8752,#8753);
#7027=AXIS2_PLACEMENT_3D('',#10739,#8754,#8755);
#7028=AXIS2_PLACEMENT_3D('',#10744,#8757,#8758);
#7029=AXIS2_PLACEMENT_3D('',#10748,#8760,#8761);
#7030=AXIS2_PLACEMENT_3D('',#10752,#8763,#8764);
#7031=AXIS2_PLACEMENT_3D('',#10755,#8766,#8767);
#7032=AXIS2_PLACEMENT_3D('',#10756,#8768,#8769);
#7033=AXIS2_PLACEMENT_3D('',#10759,#8770,#8771);
#7034=AXIS2_PLACEMENT_3D('',#10762,#8774,#8775);
#7035=AXIS2_PLACEMENT_3D('',#10766,#8778,#8779);
#7036=AXIS2_PLACEMENT_3D('',#10768,#8780,#8781);
#7037=AXIS2_PLACEMENT_3D('',#10770,#8783,#8784);
#7038=AXIS2_PLACEMENT_3D('',#10774,#8787,#8788);
#7039=AXIS2_PLACEMENT_3D('',#10776,#8789,#8790);
#7040=AXIS2_PLACEMENT_3D('',#10778,#8792,#8793);
#7041=AXIS2_PLACEMENT_3D('',#10782,#8796,#8797);
#7042=AXIS2_PLACEMENT_3D('',#10784,#8798,#8799);
#7043=AXIS2_PLACEMENT_3D('',#10786,#8801,#8802);
#7044=AXIS2_PLACEMENT_3D('',#10788,#8804,#8805);
#7045=AXIS2_PLACEMENT_3D('',#10791,#8807,#8808);
#7046=AXIS2_PLACEMENT_3D('',#10792,#8809,#8810);
#7047=AXIS2_PLACEMENT_3D('',#10795,#8812,#8813);
#7048=AXIS2_PLACEMENT_3D('',#10796,#8814,#8815);
#7049=AXIS2_PLACEMENT_3D('',#10799,#8817,#8818);
#7050=AXIS2_PLACEMENT_3D('',#10800,#8819,#8820);
#7051=AXIS2_PLACEMENT_3D('',#10803,#8822,#8823);
#7052=AXIS2_PLACEMENT_3D('',#10804,#8824,#8825);
#7053=AXIS2_PLACEMENT_3D('',#10810,#8829,#8830);
#7054=AXIS2_PLACEMENT_3D('',#10812,#8831,#8832);
#7055=AXIS2_PLACEMENT_3D('',#10814,#8834,#8835);
#7056=AXIS2_PLACEMENT_3D('',#10818,#8838,#8839);
#7057=AXIS2_PLACEMENT_3D('',#10820,#8840,#8841);
#7058=AXIS2_PLACEMENT_3D('',#10822,#8843,#8844);
#7059=AXIS2_PLACEMENT_3D('',#10826,#8847,#8848);
#7060=AXIS2_PLACEMENT_3D('',#10828,#8849,#8850);
#7061=AXIS2_PLACEMENT_3D('',#10830,#8852,#8853);
#7062=AXIS2_PLACEMENT_3D('',#10834,#8856,#8857);
#7063=AXIS2_PLACEMENT_3D('',#10836,#8858,#8859);
#7064=AXIS2_PLACEMENT_3D('',#10838,#8861,#8862);
#7065=AXIS2_PLACEMENT_3D('',#10840,#8863,#8864);
#7066=AXIS2_PLACEMENT_3D('',#10842,#8866,#8867);
#7067=AXIS2_PLACEMENT_3D('',#10846,#8870,#8871);
#7068=AXIS2_PLACEMENT_3D('',#10848,#8872,#8873);
#7069=AXIS2_PLACEMENT_3D('',#10850,#8875,#8876);
#7070=AXIS2_PLACEMENT_3D('',#10854,#8879,#8880);
#7071=AXIS2_PLACEMENT_3D('',#10856,#8881,#8882);
#7072=AXIS2_PLACEMENT_3D('',#10858,#8884,#8885);
#7073=AXIS2_PLACEMENT_3D('',#10862,#8888,#8889);
#7074=AXIS2_PLACEMENT_3D('',#10868,#8893,#8894);
#7075=AXIS2_PLACEMENT_3D('',#10870,#8896,#8897);
#7076=AXIS2_PLACEMENT_3D('',#10873,#8898,#8899);
#7077=AXIS2_PLACEMENT_3D('',#10876,#8902,#8903);
#7078=AXIS2_PLACEMENT_3D('',#10880,#8906,#8907);
#7079=AXIS2_PLACEMENT_3D('',#10882,#8908,#8909);
#7080=AXIS2_PLACEMENT_3D('',#10884,#8911,#8912);
#7081=AXIS2_PLACEMENT_3D('',#10888,#8915,#8916);
#7082=AXIS2_PLACEMENT_3D('',#10890,#8917,#8918);
#7083=AXIS2_PLACEMENT_3D('',#10892,#8920,#8921);
#7084=AXIS2_PLACEMENT_3D('',#10896,#8924,#8925);
#7085=AXIS2_PLACEMENT_3D('',#10898,#8926,#8927);
#7086=AXIS2_PLACEMENT_3D('',#10900,#8929,#8930);
#7087=AXIS2_PLACEMENT_3D('',#10902,#8932,#8933);
#7088=AXIS2_PLACEMENT_3D('',#10905,#8935,#8936);
#7089=AXIS2_PLACEMENT_3D('',#10906,#8937,#8938);
#7090=AXIS2_PLACEMENT_3D('',#10909,#8940,#8941);
#7091=AXIS2_PLACEMENT_3D('',#10910,#8942,#8943);
#7092=AXIS2_PLACEMENT_3D('',#10913,#8945,#8946);
#7093=AXIS2_PLACEMENT_3D('',#10914,#8947,#8948);
#7094=AXIS2_PLACEMENT_3D('',#10920,#8952,#8953);
#7095=AXIS2_PLACEMENT_3D('',#10922,#8954,#8955);
#7096=AXIS2_PLACEMENT_3D('',#10924,#8957,#8958);
#7097=AXIS2_PLACEMENT_3D('',#10928,#8961,#8962);
#7098=AXIS2_PLACEMENT_3D('',#10930,#8963,#8964);
#7099=AXIS2_PLACEMENT_3D('',#10932,#8966,#8967);
#7100=AXIS2_PLACEMENT_3D('',#10936,#8970,#8971);
#7101=AXIS2_PLACEMENT_3D('',#10938,#8972,#8973);
#7102=AXIS2_PLACEMENT_3D('',#10940,#8975,#8976);
#7103=AXIS2_PLACEMENT_3D('',#10944,#8979,#8980);
#7104=AXIS2_PLACEMENT_3D('',#10946,#8981,#8982);
#7105=AXIS2_PLACEMENT_3D('',#10948,#8984,#8985);
#7106=AXIS2_PLACEMENT_3D('',#10950,#8986,#8987);
#7107=AXIS2_PLACEMENT_3D('',#10952,#8989,#8990);
#7108=AXIS2_PLACEMENT_3D('',#10956,#8993,#8994);
#7109=AXIS2_PLACEMENT_3D('',#10958,#8995,#8996);
#7110=AXIS2_PLACEMENT_3D('',#10960,#8998,#8999);
#7111=AXIS2_PLACEMENT_3D('',#10964,#9002,#9003);
#7112=AXIS2_PLACEMENT_3D('',#10966,#9004,#9005);
#7113=AXIS2_PLACEMENT_3D('',#10968,#9007,#9008);
#7114=AXIS2_PLACEMENT_3D('',#10970,#9010,#9011);
#7115=AXIS2_PLACEMENT_3D('',#10974,#9014,#9015);
#7116=AXIS2_PLACEMENT_3D('',#10976,#9017,#9018);
#7117=AXIS2_PLACEMENT_3D('',#10977,#9019,#9020);
#7118=AXIS2_PLACEMENT_3D('',#10978,#9021,#9022);
#7119=AXIS2_PLACEMENT_3D('',#10979,#9023,#9024);
#7120=AXIS2_PLACEMENT_3D('',#10980,#9025,#9026);
#7121=AXIS2_PLACEMENT_3D('',#10981,#9027,#9028);
#7122=AXIS2_PLACEMENT_3D('',#10982,#9029,#9030);
#7123=AXIS2_PLACEMENT_3D('',#10983,#9031,#9032);
#7124=AXIS2_PLACEMENT_3D('',#10984,#9033,#9034);
#7125=AXIS2_PLACEMENT_3D('',#10985,#9035,#9036);
#7126=AXIS2_PLACEMENT_3D('',#10986,#9037,#9038);
#7127=AXIS2_PLACEMENT_3D('',#10987,#9039,#9040);
#7128=AXIS2_PLACEMENT_3D('',#10988,#9041,#9042);
#7129=AXIS2_PLACEMENT_3D('',#10989,#9043,#9044);
#7130=AXIS2_PLACEMENT_3D('',#10990,#9045,#9046);
#7131=AXIS2_PLACEMENT_3D('',#10991,#9047,#9048);
#7132=AXIS2_PLACEMENT_3D('',#10992,#9049,#9050);
#7133=AXIS2_PLACEMENT_3D('',#10993,#9051,#9052);
#7134=AXIS2_PLACEMENT_3D('',#10994,#9053,#9054);
#7135=AXIS2_PLACEMENT_3D('',#10995,#9055,#9056);
#7136=AXIS2_PLACEMENT_3D('',#10996,#9057,#9058);
#7137=AXIS2_PLACEMENT_3D('',#10997,#9059,#9060);
#7138=AXIS2_PLACEMENT_3D('',#10998,#9061,#9062);
#7139=AXIS2_PLACEMENT_3D('',#10999,#9063,#9064);
#7140=AXIS2_PLACEMENT_3D('',#11000,#9065,#9066);
#7141=AXIS2_PLACEMENT_3D('',#11001,#9067,#9068);
#7142=AXIS2_PLACEMENT_3D('',#11002,#9069,#9070);
#7143=DIRECTION('axis',(0.,0.,1.));
#7144=DIRECTION('refdir',(1.,0.,0.));
#7145=DIRECTION('axis',(0.,0.,1.));
#7146=DIRECTION('refdir',(1.,0.,0.));
#7147=DIRECTION('axis',(0.,0.,1.));
#7148=DIRECTION('refdir',(1.,0.,0.));
#7149=DIRECTION('axis',(0.,0.,1.));
#7150=DIRECTION('refdir',(1.,0.,0.));
#7151=DIRECTION('center_axis',(-1.,0.,0.));
#7152=DIRECTION('ref_axis',(0.,-1.,0.));
#7153=DIRECTION('',(0.,1.,0.));
#7154=DIRECTION('',(0.,0.,1.));
#7155=DIRECTION('',(0.,-1.,0.));
#7156=DIRECTION('',(0.,0.,1.));
#7157=DIRECTION('center_axis',(0.,1.,0.));
#7158=DIRECTION('ref_axis',(-1.,0.,0.));
#7159=DIRECTION('',(1.,0.,0.));
#7160=DIRECTION('',(-1.,0.,0.));
#7161=DIRECTION('',(0.,0.,1.));
#7162=DIRECTION('center_axis',(1.,0.,0.));
#7163=DIRECTION('ref_axis',(0.,1.,0.));
#7164=DIRECTION('',(0.,-1.,0.));
#7165=DIRECTION('',(0.,1.,0.));
#7166=DIRECTION('',(0.,0.,1.));
#7167=DIRECTION('center_axis',(0.,-1.,0.));
#7168=DIRECTION('ref_axis',(1.,0.,0.));
#7169=DIRECTION('',(-1.,0.,0.));
#7170=DIRECTION('',(1.,0.,0.));
#7171=DIRECTION('center_axis',(0.,0.,1.));
#7172=DIRECTION('ref_axis',(1.,0.,0.));
#7173=DIRECTION('center_axis',(0.,0.,1.));
#7174=DIRECTION('ref_axis',(-1.,0.,0.));
#7175=DIRECTION('center_axis',(0.,1.,0.));
#7176=DIRECTION('ref_axis',(1.,0.,0.));
#7177=DIRECTION('',(-1.,0.,0.));
#7178=DIRECTION('',(0.,0.,-1.));
#7179=DIRECTION('',(1.,0.,0.));
#7180=DIRECTION('',(0.,0.,-1.));
#7181=DIRECTION('center_axis',(1.,0.,0.));
#7182=DIRECTION('ref_axis',(0.,-1.,0.));
#7183=DIRECTION('',(0.,1.,0.));
#7184=DIRECTION('',(0.,-1.,0.));
#7185=DIRECTION('',(0.,0.,-1.));
#7186=DIRECTION('center_axis',(0.,-1.,0.));
#7187=DIRECTION('ref_axis',(-1.,0.,0.));
#7188=DIRECTION('',(1.,0.,0.));
#7189=DIRECTION('',(-1.,0.,0.));
#7190=DIRECTION('',(0.,0.,-1.));
#7191=DIRECTION('center_axis',(-1.,0.,0.));
#7192=DIRECTION('ref_axis',(0.,1.,0.));
#7193=DIRECTION('',(0.,-1.,0.));
#7194=DIRECTION('',(0.,1.,0.));
#7195=DIRECTION('center_axis',(3.03551837760348E-16,1.,0.));
#7196=DIRECTION('ref_axis',(1.,-3.03551837760348E-16,0.));
#7197=DIRECTION('',(-1.,3.03551837760348E-16,0.));
#7198=DIRECTION('',(0.,0.,-1.));
#7199=DIRECTION('',(1.,-3.03551837760348E-16,0.));
#7200=DIRECTION('',(0.,0.,-1.));
#7201=DIRECTION('center_axis',(0.,0.,-1.));
#7202=DIRECTION('ref_axis',(-0.477413627417328,0.878678683226257,0.));
#7203=DIRECTION('center_axis',(0.,0.,-1.));
#7204=DIRECTION('ref_axis',(-0.477413627417328,0.878678683226257,0.));
#7205=DIRECTION('center_axis',(0.,0.,1.));
#7206=DIRECTION('ref_axis',(-0.477413627417328,0.878678683226257,0.));
#7207=DIRECTION('',(0.,0.,-1.));
#7208=DIRECTION('center_axis',(0.477413627417323,-0.87867868322626,0.));
#7209=DIRECTION('ref_axis',(-0.87867868322626,-0.477413627417323,0.));
#7210=DIRECTION('',(0.87867868322626,0.477413627417323,0.));
#7211=DIRECTION('',(-0.87867868322626,-0.477413627417323,0.));
#7212=DIRECTION('',(0.,0.,-1.));
#7213=DIRECTION('center_axis',(0.,0.,-1.));
#7214=DIRECTION('ref_axis',(1.,0.,0.));
#7215=DIRECTION('center_axis',(0.,0.,-1.));
#7216=DIRECTION('ref_axis',(1.,0.,0.));
#7217=DIRECTION('center_axis',(0.,0.,1.));
#7218=DIRECTION('ref_axis',(1.,0.,0.));
#7219=DIRECTION('',(0.,0.,-1.));
#7220=DIRECTION('center_axis',(-1.,0.,0.));
#7221=DIRECTION('ref_axis',(0.,1.,0.));
#7222=DIRECTION('',(0.,-1.,0.));
#7223=DIRECTION('',(0.,1.,0.));
#7224=DIRECTION('',(0.,0.,-1.));
#7225=DIRECTION('center_axis',(0.,0.,-1.));
#7226=DIRECTION('ref_axis',(0.,-1.,0.));
#7227=DIRECTION('center_axis',(0.,0.,-1.));
#7228=DIRECTION('ref_axis',(0.,-1.,0.));
#7229=DIRECTION('center_axis',(0.,0.,1.));
#7230=DIRECTION('ref_axis',(0.,-1.,0.));
#7231=DIRECTION('center_axis',(-0.477413627417323,-0.87867868322626,0.));
#7232=DIRECTION('ref_axis',(-0.87867868322626,0.477413627417323,0.));
#7233=DIRECTION('',(0.87867868322626,-0.477413627417323,0.));
#7234=DIRECTION('',(0.,0.,-1.));
#7235=DIRECTION('',(-0.87867868322626,0.477413627417323,0.));
#7236=DIRECTION('',(0.,0.,-1.));
#7237=DIRECTION('center_axis',(0.,0.,-1.));
#7238=DIRECTION('ref_axis',(2.22044604925031E-15,-1.,0.));
#7239=DIRECTION('center_axis',(0.,0.,-1.));
#7240=DIRECTION('ref_axis',(2.22044604925031E-15,-1.,0.));
#7241=DIRECTION('center_axis',(0.,0.,1.));
#7242=DIRECTION('ref_axis',(2.22044604925031E-15,-1.,0.));
#7243=DIRECTION('',(0.,0.,-1.));
#7244=DIRECTION('center_axis',(6.07103675520697E-16,1.,0.));
#7245=DIRECTION('ref_axis',(1.,-6.07103675520697E-16,0.));
#7246=DIRECTION('',(-1.,6.07103675520697E-16,0.));
#7247=DIRECTION('',(1.,-6.07103675520697E-16,0.));
#7248=DIRECTION('',(0.,0.,-1.));
#7249=DIRECTION('center_axis',(0.,0.,-1.));
#7250=DIRECTION('ref_axis',(-1.,0.,0.));
#7251=DIRECTION('center_axis',(0.,0.,-1.));
#7252=DIRECTION('ref_axis',(-1.,0.,0.));
#7253=DIRECTION('center_axis',(0.,0.,1.));
#7254=DIRECTION('ref_axis',(-1.,0.,0.));
#7255=DIRECTION('',(0.,0.,-1.));
#7256=DIRECTION('center_axis',(1.,0.,0.));
#7257=DIRECTION('ref_axis',(0.,-1.,0.));
#7258=DIRECTION('',(0.,1.,0.));
#7259=DIRECTION('',(0.,-1.,0.));
#7260=DIRECTION('',(0.,0.,-1.));
#7261=DIRECTION('center_axis',(0.,0.,-1.));
#7262=DIRECTION('ref_axis',(0.47741362741732,0.878678683226262,0.));
#7263=DIRECTION('center_axis',(0.,0.,-1.));
#7264=DIRECTION('ref_axis',(0.47741362741732,0.878678683226262,0.));
#7265=DIRECTION('center_axis',(0.,0.,1.));
#7266=DIRECTION('ref_axis',(0.47741362741732,0.878678683226262,0.));
#7267=DIRECTION('center_axis',(0.,1.,0.));
#7268=DIRECTION('ref_axis',(1.,0.,0.));
#7269=DIRECTION('',(-1.,0.,0.));
#7270=DIRECTION('',(0.,0.,-1.));
#7271=DIRECTION('',(1.,0.,0.));
#7272=DIRECTION('',(0.,0.,-1.));
#7273=DIRECTION('center_axis',(0.,0.,-1.));
#7274=DIRECTION('ref_axis',(-0.477413627417323,0.87867868322626,0.));
#7275=DIRECTION('center_axis',(0.,0.,-1.));
#7276=DIRECTION('ref_axis',(-0.477413627417323,0.87867868322626,0.));
#7277=DIRECTION('center_axis',(0.,0.,1.));
#7278=DIRECTION('ref_axis',(-0.477413627417323,0.87867868322626,0.));
#7279=DIRECTION('',(0.,0.,-1.));
#7280=DIRECTION('center_axis',(0.47741362741732,-0.878678683226261,0.));
#7281=DIRECTION('ref_axis',(-0.878678683226261,-0.47741362741732,0.));
#7282=DIRECTION('',(0.878678683226261,0.47741362741732,0.));
#7283=DIRECTION('',(-0.878678683226261,-0.47741362741732,0.));
#7284=DIRECTION('',(0.,0.,-1.));
#7285=DIRECTION('center_axis',(0.,0.,-1.));
#7286=DIRECTION('ref_axis',(0.477413627417328,0.878678683226257,0.));
#7287=DIRECTION('center_axis',(0.,0.,-1.));
#7288=DIRECTION('ref_axis',(0.477413627417328,0.878678683226257,0.));
#7289=DIRECTION('center_axis',(0.,0.,1.));
#7290=DIRECTION('ref_axis',(0.477413627417328,0.878678683226257,0.));
#7291=DIRECTION('',(0.,0.,-1.));
#7292=DIRECTION('center_axis',(-0.477413627417322,-0.87867868322626,0.));
#7293=DIRECTION('ref_axis',(-0.87867868322626,0.477413627417322,0.));
#7294=DIRECTION('',(0.87867868322626,-0.477413627417322,0.));
#7295=DIRECTION('',(-0.87867868322626,0.477413627417322,0.));
#7296=DIRECTION('',(0.,0.,-1.));
#7297=DIRECTION('center_axis',(0.,0.,-1.));
#7298=DIRECTION('ref_axis',(0.,-1.,0.));
#7299=DIRECTION('center_axis',(0.,0.,-1.));
#7300=DIRECTION('ref_axis',(0.,-1.,0.));
#7301=DIRECTION('center_axis',(0.,0.,1.));
#7302=DIRECTION('ref_axis',(0.,-1.,0.));
#7303=DIRECTION('center_axis',(-1.,0.,0.));
#7304=DIRECTION('ref_axis',(0.,1.,0.));
#7305=DIRECTION('',(0.,-1.,0.));
#7306=DIRECTION('',(0.,0.,-1.));
#7307=DIRECTION('',(0.,1.,0.));
#7308=DIRECTION('',(0.,0.,-1.));
#7309=DIRECTION('center_axis',(0.,0.,-1.));
#7310=DIRECTION('ref_axis',(-0.477413627417324,-0.878678683226259,0.));
#7311=DIRECTION('center_axis',(0.,0.,-1.));
#7312=DIRECTION('ref_axis',(-0.477413627417324,-0.878678683226259,0.));
#7313=DIRECTION('center_axis',(0.,0.,1.));
#7314=DIRECTION('ref_axis',(-0.477413627417324,-0.878678683226259,0.));
#7315=DIRECTION('',(0.,0.,-1.));
#7316=DIRECTION('center_axis',(0.477413627417322,0.87867868322626,0.));
#7317=DIRECTION('ref_axis',(0.878678683226261,-0.477413627417322,0.));
#7318=DIRECTION('',(-0.878678683226261,0.477413627417322,0.));
#7319=DIRECTION('',(0.878678683226261,-0.477413627417322,0.));
#7320=DIRECTION('',(0.,0.,-1.));
#7321=DIRECTION('center_axis',(0.,0.,-1.));
#7322=DIRECTION('ref_axis',(4.44089209850064E-15,1.,0.));
#7323=DIRECTION('center_axis',(0.,0.,-1.));
#7324=DIRECTION('ref_axis',(4.44089209850064E-15,1.,0.));
#7325=DIRECTION('center_axis',(0.,0.,1.));
#7326=DIRECTION('ref_axis',(4.44089209850064E-15,1.,0.));
#7327=DIRECTION('',(0.,0.,-1.));
#7328=DIRECTION('center_axis',(0.,-1.,0.));
#7329=DIRECTION('ref_axis',(-1.,0.,0.));
#7330=DIRECTION('',(1.,0.,0.));
#7331=DIRECTION('',(-1.,0.,0.));
#7332=DIRECTION('',(0.,0.,-1.));
#7333=DIRECTION('center_axis',(0.,0.,-1.));
#7334=DIRECTION('ref_axis',(1.,0.,0.));
#7335=DIRECTION('center_axis',(0.,0.,-1.));
#7336=DIRECTION('ref_axis',(1.,0.,0.));
#7337=DIRECTION('center_axis',(0.,0.,1.));
#7338=DIRECTION('ref_axis',(1.,0.,0.));
#7339=DIRECTION('center_axis',(-0.47741362741732,0.878678683226261,0.));
#7340=DIRECTION('ref_axis',(0.878678683226261,0.47741362741732,0.));
#7341=DIRECTION('',(-0.878678683226261,-0.47741362741732,0.));
#7342=DIRECTION('',(0.,0.,-1.));
#7343=DIRECTION('',(0.878678683226261,0.47741362741732,0.));
#7344=DIRECTION('',(0.,0.,-1.));
#7345=DIRECTION('center_axis',(0.,0.,-1.));
#7346=DIRECTION('ref_axis',(-0.477413627417316,-0.878678683226264,0.));
#7347=DIRECTION('center_axis',(0.,0.,-1.));
#7348=DIRECTION('ref_axis',(-0.477413627417316,-0.878678683226264,0.));
#7349=DIRECTION('center_axis',(0.,0.,1.));
#7350=DIRECTION('ref_axis',(-0.477413627417316,-0.878678683226264,0.));
#7351=DIRECTION('',(0.,0.,-1.));
#7352=DIRECTION('center_axis',(0.477413627417321,0.87867868322626,0.));
#7353=DIRECTION('ref_axis',(0.878678683226261,-0.477413627417321,0.));
#7354=DIRECTION('',(-0.878678683226261,0.477413627417321,0.));
#7355=DIRECTION('',(0.878678683226261,-0.477413627417321,0.));
#7356=DIRECTION('',(0.,0.,-1.));
#7357=DIRECTION('center_axis',(0.,0.,-1.));
#7358=DIRECTION('ref_axis',(0.,1.,0.));
#7359=DIRECTION('center_axis',(0.,0.,-1.));
#7360=DIRECTION('ref_axis',(0.,1.,0.));
#7361=DIRECTION('center_axis',(0.,0.,1.));
#7362=DIRECTION('ref_axis',(0.,1.,0.));
#7363=DIRECTION('',(0.,0.,-1.));
#7364=DIRECTION('center_axis',(0.,-1.,0.));
#7365=DIRECTION('ref_axis',(-1.,0.,0.));
#7366=DIRECTION('',(1.,0.,0.));
#7367=DIRECTION('',(-1.,0.,0.));
#7368=DIRECTION('',(0.,0.,-1.));
#7369=DIRECTION('center_axis',(0.,0.,-1.));
#7370=DIRECTION('ref_axis',(0.477413627417322,-0.87867868322626,0.));
#7371=DIRECTION('center_axis',(0.,0.,-1.));
#7372=DIRECTION('ref_axis',(0.477413627417322,-0.87867868322626,0.));
#7373=DIRECTION('center_axis',(0.,0.,1.));
#7374=DIRECTION('ref_axis',(0.477413627417322,-0.87867868322626,0.));
#7375=DIRECTION('center_axis',(0.,-1.,0.));
#7376=DIRECTION('ref_axis',(-1.,0.,0.));
#7377=DIRECTION('',(1.,0.,0.));
#7378=DIRECTION('',(0.,0.,-1.));
#7379=DIRECTION('',(-1.,0.,0.));
#7380=DIRECTION('',(0.,0.,-1.));
#7381=DIRECTION('center_axis',(-1.,0.,0.));
#7382=DIRECTION('ref_axis',(0.,1.,0.));
#7383=DIRECTION('',(0.,-1.,0.));
#7384=DIRECTION('',(0.,1.,0.));
#7385=DIRECTION('',(0.,0.,-1.));
#7386=DIRECTION('center_axis',(0.,1.,0.));
#7387=DIRECTION('ref_axis',(1.,0.,0.));
#7388=DIRECTION('',(-1.,0.,0.));
#7389=DIRECTION('',(1.,0.,0.));
#7390=DIRECTION('',(0.,0.,-1.));
#7391=DIRECTION('center_axis',(1.,0.,0.));
#7392=DIRECTION('ref_axis',(0.,-1.,0.));
#7393=DIRECTION('',(0.,1.,0.));
#7394=DIRECTION('',(0.,-1.,0.));
#7395=DIRECTION('center_axis',(-0.477413627417322,0.87867868322626,0.));
#7396=DIRECTION('ref_axis',(0.87867868322626,0.477413627417322,0.));
#7397=DIRECTION('',(-0.87867868322626,-0.477413627417322,0.));
#7398=DIRECTION('',(0.,0.,-1.));
#7399=DIRECTION('',(0.87867868322626,0.477413627417322,0.));
#7400=DIRECTION('',(0.,0.,-1.));
#7401=DIRECTION('center_axis',(0.,0.,-1.));
#7402=DIRECTION('ref_axis',(-1.,-4.44089209850063E-15,0.));
#7403=DIRECTION('center_axis',(0.,0.,-1.));
#7404=DIRECTION('ref_axis',(-1.,-4.44089209850063E-15,0.));
#7405=DIRECTION('center_axis',(0.,0.,1.));
#7406=DIRECTION('ref_axis',(-1.,-4.44089209850063E-15,0.));
#7407=DIRECTION('',(0.,0.,-1.));
#7408=DIRECTION('center_axis',(1.,1.3967161480972E-16,0.));
#7409=DIRECTION('ref_axis',(1.3967161480972E-16,-1.,0.));
#7410=DIRECTION('',(-1.3967161480972E-16,1.,0.));
#7411=DIRECTION('',(1.3967161480972E-16,-1.,0.));
#7412=DIRECTION('',(0.,0.,-1.));
#7413=DIRECTION('center_axis',(0.,0.,-1.));
#7414=DIRECTION('ref_axis',(4.71844785465693E-15,1.,0.));
#7415=DIRECTION('center_axis',(0.,0.,-1.));
#7416=DIRECTION('ref_axis',(4.71844785465693E-15,1.,0.));
#7417=DIRECTION('center_axis',(0.,0.,1.));
#7418=DIRECTION('ref_axis',(4.71844785465693E-15,1.,0.));
#7419=DIRECTION('',(0.,0.,-1.));
#7420=DIRECTION('center_axis',(0.,-1.,0.));
#7421=DIRECTION('ref_axis',(-1.,0.,0.));
#7422=DIRECTION('',(1.,0.,0.));
#7423=DIRECTION('',(-1.,0.,0.));
#7424=DIRECTION('',(0.,0.,-1.));
#7425=DIRECTION('center_axis',(0.,0.,-1.));
#7426=DIRECTION('ref_axis',(0.477413627417319,-0.878678683226262,0.));
#7427=DIRECTION('center_axis',(0.,0.,-1.));
#7428=DIRECTION('ref_axis',(0.477413627417319,-0.878678683226262,0.));
#7429=DIRECTION('center_axis',(0.,0.,1.));
#7430=DIRECTION('ref_axis',(0.477413627417319,-0.878678683226262,0.));
#7431=DIRECTION('center_axis',(0.477413627417322,0.87867868322626,0.));
#7432=DIRECTION('ref_axis',(0.87867868322626,-0.477413627417322,0.));
#7433=DIRECTION('',(0.87867868322626,-0.477413627417322,0.));
#7434=DIRECTION('',(0.,0.,1.));
#7435=DIRECTION('',(0.87867868322626,-0.477413627417322,0.));
#7436=DIRECTION('',(0.,0.,-1.));
#7437=DIRECTION('center_axis',(0.,0.,-1.));
#7438=DIRECTION('ref_axis',(-0.477413627417329,0.878678683226257,0.));
#7439=DIRECTION('center_axis',(0.,0.,1.));
#7440=DIRECTION('ref_axis',(-0.477413627417329,0.878678683226257,0.));
#7441=DIRECTION('center_axis',(0.,0.,1.));
#7442=DIRECTION('ref_axis',(-0.477413627417329,0.878678683226257,0.));
#7443=DIRECTION('',(0.,0.,-1.));
#7444=DIRECTION('center_axis',(0.477413627417322,-0.87867868322626,0.));
#7445=DIRECTION('ref_axis',(-0.87867868322626,-0.477413627417322,0.));
#7446=DIRECTION('',(-0.87867868322626,-0.477413627417322,0.));
#7447=DIRECTION('',(-0.87867868322626,-0.477413627417322,0.));
#7448=DIRECTION('',(0.,0.,-1.));
#7449=DIRECTION('center_axis',(0.,1.,0.));
#7450=DIRECTION('ref_axis',(1.,0.,0.));
#7451=DIRECTION('',(1.,0.,0.));
#7452=DIRECTION('',(0.,0.,1.));
#7453=DIRECTION('',(1.,0.,0.));
#7454=DIRECTION('',(0.,0.,-1.));
#7455=DIRECTION('center_axis',(-0.477413627417322,-0.87867868322626,0.));
#7456=DIRECTION('ref_axis',(-0.87867868322626,0.477413627417322,0.));
#7457=DIRECTION('',(0.87867868322626,-0.477413627417322,0.));
#7458=DIRECTION('',(0.,0.,1.));
#7459=DIRECTION('',(-0.87867868322626,0.477413627417322,0.));
#7460=DIRECTION('',(0.,0.,-1.));
#7461=DIRECTION('center_axis',(0.,0.,-1.));
#7462=DIRECTION('ref_axis',(0.477413627417323,-0.87867868322626,0.));
#7463=DIRECTION('center_axis',(0.,0.,1.));
#7464=DIRECTION('ref_axis',(0.477413627417323,-0.87867868322626,0.));
#7465=DIRECTION('center_axis',(0.,0.,1.));
#7466=DIRECTION('ref_axis',(0.477413627417323,-0.87867868322626,0.));
#7467=DIRECTION('',(0.,0.,-1.));
#7468=DIRECTION('center_axis',(-0.477413627417322,0.87867868322626,0.));
#7469=DIRECTION('ref_axis',(0.87867868322626,0.477413627417322,0.));
#7470=DIRECTION('',(-0.87867868322626,-0.477413627417322,0.));
#7471=DIRECTION('',(0.87867868322626,0.477413627417322,0.));
#7472=DIRECTION('',(0.,0.,-1.));
#7473=DIRECTION('center_axis',(0.,-1.,0.));
#7474=DIRECTION('ref_axis',(-1.,0.,0.));
#7475=DIRECTION('',(-1.,0.,0.));
#7476=DIRECTION('',(0.,0.,1.));
#7477=DIRECTION('',(-1.,0.,0.));
#7478=DIRECTION('',(0.,0.,-1.));
#7479=DIRECTION('center_axis',(0.,0.,1.));
#7480=DIRECTION('ref_axis',(-1.,0.,0.));
#7481=DIRECTION('',(3.64805660623963E-206,-1.,0.));
#7482=DIRECTION('',(3.64805660623963E-206,-1.,0.));
#7483=DIRECTION('',(-3.64805660623963E-206,1.,0.));
#7484=DIRECTION('',(-3.64805660623963E-206,1.,0.));
#7485=DIRECTION('center_axis',(-1.,-3.64805660623963E-206,0.));
#7486=DIRECTION('ref_axis',(3.64805660623963E-206,-1.,0.));
#7487=DIRECTION('',(3.64805660623963E-206,-1.,0.));
#7488=DIRECTION('center_axis',(-1.,3.64805660623963E-206,0.));
#7489=DIRECTION('ref_axis',(0.,0.996635023349599,0.0819672509783275));
#7490=DIRECTION('',(-3.64805660623963E-206,-1.,0.));
#7491=DIRECTION('center_axis',(-1.,3.64805660623963E-206,0.));
#7492=DIRECTION('ref_axis',(0.,-0.937559056960861,-0.347826127124835));
#7493=DIRECTION('center_axis',(1.,-3.64805660623963E-206,0.));
#7494=DIRECTION('ref_axis',(0.,0.937559056960861,0.347826127124834));
#7495=DIRECTION('center_axis',(-1.,3.64805660623963E-206,0.));
#7496=DIRECTION('ref_axis',(0.,-4.4408920985006E-15,1.));
#7497=DIRECTION('',(3.64805660623963E-206,1.,0.));
#7498=DIRECTION('center_axis',(-1.,3.64805660623963E-206,0.));
#7499=DIRECTION('ref_axis',(0.,-0.996021888313596,-0.0891089108912123));
#7500=DIRECTION('center_axis',(1.,-3.64805660623963E-206,0.));
#7501=DIRECTION('ref_axis',(0.,0.996021888313596,0.0891089108912131));
#7502=DIRECTION('',(-3.64805660623963E-206,-1.,0.));
#7503=DIRECTION('center_axis',(-1.,-3.64805660623963E-206,0.));
#7504=DIRECTION('ref_axis',(0.,-0.996021888313596,0.0891089108912131));
#7505=DIRECTION('center_axis',(1.,3.64805660623963E-206,0.));
#7506=DIRECTION('ref_axis',(0.,0.996021888313596,-0.0891089108912123));
#7507=DIRECTION('',(3.64805660623963E-206,-1.,0.));
#7508=DIRECTION('center_axis',(1.,3.64805660623963E-206,0.));
#7509=DIRECTION('ref_axis',(0.,4.4408920985006E-15,1.));
#7510=DIRECTION('center_axis',(-1.,-3.64805660623963E-206,0.));
#7511=DIRECTION('ref_axis',(0.,-0.937559056960861,0.347826127124834));
#7512=DIRECTION('center_axis',(1.,3.64805660623963E-206,0.));
#7513=DIRECTION('ref_axis',(0.,0.937559056960861,-0.347826127124835));
#7514=DIRECTION('',(-3.64805660623963E-206,1.,0.));
#7515=DIRECTION('center_axis',(1.,3.64805660623963E-206,0.));
#7516=DIRECTION('ref_axis',(0.,-0.996635023349599,0.0819672509783275));
#7517=DIRECTION('center_axis',(0.,0.,1.));
#7518=DIRECTION('ref_axis',(0.,-1.,0.));
#7519=DIRECTION('',(1.,0.,0.));
#7520=DIRECTION('',(0.,-1.,0.));
#7521=DIRECTION('',(1.,0.,0.));
#7522=DIRECTION('center_axis',(-1.,0.,0.));
#7523=DIRECTION('ref_axis',(0.,-0.937559056960861,-0.347826127124835));
#7524=DIRECTION('center_axis',(-1.,0.,0.));
#7525=DIRECTION('ref_axis',(0.,-0.937559056960861,-0.347826127124835));
#7526=DIRECTION('',(1.,0.,0.));
#7527=DIRECTION('center_axis',(-1.,0.,0.));
#7528=DIRECTION('ref_axis',(0.,-0.999463769944233,-0.0327440463116881));
#7529=DIRECTION('center_axis',(1.,0.,0.));
#7530=DIRECTION('ref_axis',(0.,0.937559056960861,0.347826127124834));
#7531=DIRECTION('',(1.,0.,0.));
#7532=DIRECTION('center_axis',(-1.,0.,0.));
#7533=DIRECTION('ref_axis',(0.,-4.4408920985006E-15,1.));
#7534=DIRECTION('center_axis',(-1.,0.,0.));
#7535=DIRECTION('ref_axis',(0.,-4.4408920985006E-15,1.));
#7536=DIRECTION('',(1.,0.,0.));
#7537=DIRECTION('center_axis',(0.,0.,-1.));
#7538=DIRECTION('ref_axis',(0.,1.,0.));
#7539=DIRECTION('',(0.,1.,0.));
#7540=DIRECTION('',(1.,0.,0.));
#7541=DIRECTION('center_axis',(-1.,0.,0.));
#7542=DIRECTION('ref_axis',(0.,-0.996021888313596,-0.0891089108912123));
#7543=DIRECTION('center_axis',(-1.,0.,0.));
#7544=DIRECTION('ref_axis',(0.,-0.996021888313596,-0.0891089108912123));
#7545=DIRECTION('',(1.,0.,0.));
#7546=DIRECTION('center_axis',(-1.,0.,0.));
#7547=DIRECTION('ref_axis',(0.,0.996635023349599,0.0819672509783275));
#7548=DIRECTION('',(1.,0.,0.));
#7549=DIRECTION('center_axis',(-1.,0.,0.));
#7550=DIRECTION('ref_axis',(0.,0.996635023349599,0.0819672509783275));
#7551=DIRECTION('center_axis',(-1.,0.,0.));
#7552=DIRECTION('ref_axis',(0.,0.996021888313596,0.0891089108912131));
#7553=DIRECTION('center_axis',(1.,0.,0.));
#7554=DIRECTION('ref_axis',(0.,0.996021888313596,0.0891089108912131));
#7555=DIRECTION('',(1.,0.,0.));
#7556=DIRECTION('center_axis',(-1.,-3.64805660623963E-206,0.));
#7557=DIRECTION('ref_axis',(3.64805660623963E-206,-1.,0.));
#7558=DIRECTION('center_axis',(1.,0.,0.));
#7559=DIRECTION('ref_axis',(0.,0.996021888313596,-0.0891089108912123));
#7560=DIRECTION('center_axis',(-1.,0.,0.));
#7561=DIRECTION('ref_axis',(0.,-0.996021888313596,0.0891089108912131));
#7562=DIRECTION('',(0.,1.,0.));
#7563=DIRECTION('',(0.,1.,0.));
#7564=DIRECTION('center_axis',(1.,0.,0.));
#7565=DIRECTION('ref_axis',(0.,-0.996635023349599,0.0819672509783275));
#7566=DIRECTION('',(0.,1.,0.));
#7567=DIRECTION('center_axis',(1.,0.,0.));
#7568=DIRECTION('ref_axis',(0.,0.937559056960861,-0.347826127124835));
#7569=DIRECTION('center_axis',(-1.,0.,0.));
#7570=DIRECTION('ref_axis',(0.,-0.937559056960861,0.347826127124834));
#7571=DIRECTION('center_axis',(1.,0.,0.));
#7572=DIRECTION('ref_axis',(0.,4.4408920985006E-15,1.));
#7573=DIRECTION('',(0.,-1.,0.));
#7574=DIRECTION('center_axis',(0.,0.,-1.));
#7575=DIRECTION('ref_axis',(0.,1.,0.));
#7576=DIRECTION('',(1.,0.,0.));
#7577=DIRECTION('',(1.,0.,0.));
#7578=DIRECTION('center_axis',(1.,0.,0.));
#7579=DIRECTION('ref_axis',(0.,0.937559056960861,-0.347826127124835));
#7580=DIRECTION('',(1.,0.,0.));
#7581=DIRECTION('center_axis',(1.,0.,0.));
#7582=DIRECTION('ref_axis',(0.,0.999463769944233,-0.0327440463116881));
#7583=DIRECTION('',(1.,0.,0.));
#7584=DIRECTION('center_axis',(1.,0.,0.));
#7585=DIRECTION('ref_axis',(0.,4.4408920985006E-15,1.));
#7586=DIRECTION('',(1.,0.,0.));
#7587=DIRECTION('center_axis',(0.,0.,1.));
#7588=DIRECTION('ref_axis',(0.,-1.,0.));
#7589=DIRECTION('',(1.,0.,0.));
#7590=DIRECTION('center_axis',(1.,0.,0.));
#7591=DIRECTION('ref_axis',(0.,0.996021888313596,-0.0891089108912123));
#7592=DIRECTION('',(1.,0.,0.));
#7593=DIRECTION('center_axis',(1.,0.,0.));
#7594=DIRECTION('ref_axis',(0.,-0.996635023349599,0.0819672509783275));
#7595=DIRECTION('',(1.,0.,0.));
#7596=DIRECTION('center_axis',(0.,0.,-1.));
#7597=DIRECTION('ref_axis',(0.,1.,0.));
#7598=DIRECTION('',(1.,0.,0.));
#7599=DIRECTION('center_axis',(1.,0.,0.));
#7600=DIRECTION('ref_axis',(0.,-0.996021888313596,0.0891089108912131));
#7601=DIRECTION('center_axis',(0.,0.,1.));
#7602=DIRECTION('ref_axis',(0.,-1.,0.));
#7603=DIRECTION('',(-3.64805660623963E-206,-1.,0.));
#7604=DIRECTION('',(1.,0.,0.));
#7605=DIRECTION('',(0.,-1.,0.));
#7606=DIRECTION('',(1.,0.,0.));
#7607=DIRECTION('center_axis',(-1.,0.,0.));
#7608=DIRECTION('ref_axis',(0.,-0.937559056960861,-0.347826127124835));
#7609=DIRECTION('center_axis',(-1.,3.64805660623963E-206,0.));
#7610=DIRECTION('ref_axis',(0.,-0.937559056960861,-0.347826127124835));
#7611=DIRECTION('center_axis',(-1.,0.,0.));
#7612=DIRECTION('ref_axis',(0.,-0.937559056960861,-0.347826127124835));
#7613=DIRECTION('',(1.,0.,0.));
#7614=DIRECTION('center_axis',(-1.,0.,0.));
#7615=DIRECTION('ref_axis',(0.,-0.999463769944233,-0.0327440463116881));
#7616=DIRECTION('center_axis',(1.,-3.64805660623963E-206,0.));
#7617=DIRECTION('ref_axis',(0.,0.937559056960861,0.347826127124834));
#7618=DIRECTION('center_axis',(1.,0.,0.));
#7619=DIRECTION('ref_axis',(0.,0.937559056960861,0.347826127124834));
#7620=DIRECTION('',(1.,0.,0.));
#7621=DIRECTION('center_axis',(-1.,0.,0.));
#7622=DIRECTION('ref_axis',(0.,-4.4408920985006E-15,1.));
#7623=DIRECTION('center_axis',(-1.,3.64805660623963E-206,0.));
#7624=DIRECTION('ref_axis',(0.,-4.4408920985006E-15,1.));
#7625=DIRECTION('center_axis',(-1.,0.,0.));
#7626=DIRECTION('ref_axis',(0.,-4.4408920985006E-15,1.));
#7627=DIRECTION('',(1.,0.,0.));
#7628=DIRECTION('center_axis',(0.,0.,-1.));
#7629=DIRECTION('ref_axis',(0.,1.,0.));
#7630=DIRECTION('',(3.64805660623963E-206,1.,0.));
#7631=DIRECTION('',(0.,1.,0.));
#7632=DIRECTION('',(1.,0.,0.));
#7633=DIRECTION('center_axis',(-1.,0.,0.));
#7634=DIRECTION('ref_axis',(0.,-0.996021888313596,-0.0891089108912123));
#7635=DIRECTION('center_axis',(-1.,3.64805660623963E-206,0.));
#7636=DIRECTION('ref_axis',(0.,-0.996021888313596,-0.0891089108912123));
#7637=DIRECTION('center_axis',(-1.,0.,0.));
#7638=DIRECTION('ref_axis',(0.,-0.996021888313596,-0.0891089108912123));
#7639=DIRECTION('',(1.,0.,0.));
#7640=DIRECTION('center_axis',(-1.,0.,0.));
#7641=DIRECTION('ref_axis',(0.,0.996635023349599,0.0819672509783275));
#7642=DIRECTION('center_axis',(-1.,3.64805660623963E-206,0.));
#7643=DIRECTION('ref_axis',(0.,0.996635023349599,0.0819672509783275));
#7644=DIRECTION('',(1.,0.,0.));
#7645=DIRECTION('center_axis',(-1.,0.,0.));
#7646=DIRECTION('ref_axis',(0.,0.996635023349599,0.0819672509783275));
#7647=DIRECTION('center_axis',(-1.,0.,0.));
#7648=DIRECTION('ref_axis',(0.,0.996021888313596,0.0891089108912131));
#7649=DIRECTION('center_axis',(1.,-3.64805660623963E-206,0.));
#7650=DIRECTION('ref_axis',(0.,0.996021888313596,0.0891089108912131));
#7651=DIRECTION('center_axis',(1.,0.,0.));
#7652=DIRECTION('ref_axis',(0.,0.996021888313596,0.0891089108912131));
#7653=DIRECTION('',(1.,0.,0.));
#7654=DIRECTION('center_axis',(-1.,-3.64805660623963E-206,0.));
#7655=DIRECTION('ref_axis',(3.64805660623963E-206,-1.,0.));
#7656=DIRECTION('',(0.,1.,0.));
#7657=DIRECTION('center_axis',(1.,0.,0.));
#7658=DIRECTION('ref_axis',(0.,-0.996635023349599,0.0819672509783275));
#7659=DIRECTION('',(0.,1.,0.));
#7660=DIRECTION('center_axis',(1.,0.,0.));
#7661=DIRECTION('ref_axis',(0.,0.937559056960861,-0.347826127124835));
#7662=DIRECTION('center_axis',(-1.,0.,0.));
#7663=DIRECTION('ref_axis',(0.,-0.937559056960861,0.347826127124834));
#7664=DIRECTION('center_axis',(1.,0.,0.));
#7665=DIRECTION('ref_axis',(0.,4.4408920985006E-15,1.));
#7666=DIRECTION('',(0.,-1.,0.));
#7667=DIRECTION('center_axis',(1.,0.,0.));
#7668=DIRECTION('ref_axis',(0.,0.996021888313596,-0.0891089108912123));
#7669=DIRECTION('center_axis',(-1.,0.,0.));
#7670=DIRECTION('ref_axis',(0.,-0.996021888313596,0.0891089108912131));
#7671=DIRECTION('',(0.,1.,0.));
#7672=DIRECTION('center_axis',(-1.,-3.64805660623963E-206,0.));
#7673=DIRECTION('ref_axis',(3.64805660623963E-206,-1.,0.));
#7674=DIRECTION('center_axis',(1.,3.64805660623963E-206,0.));
#7675=DIRECTION('ref_axis',(0.,0.996021888313596,-0.0891089108912123));
#7676=DIRECTION('',(3.64805660623963E-206,-1.,0.));
#7677=DIRECTION('center_axis',(1.,3.64805660623963E-206,0.));
#7678=DIRECTION('ref_axis',(0.,4.4408920985006E-15,1.));
#7679=DIRECTION('center_axis',(-1.,-3.64805660623963E-206,0.));
#7680=DIRECTION('ref_axis',(0.,-0.937559056960861,0.347826127124834));
#7681=DIRECTION('center_axis',(1.,3.64805660623963E-206,0.));
#7682=DIRECTION('ref_axis',(0.,0.937559056960861,-0.347826127124835));
#7683=DIRECTION('',(-3.64805660623963E-206,1.,0.));
#7684=DIRECTION('center_axis',(1.,3.64805660623963E-206,0.));
#7685=DIRECTION('ref_axis',(0.,-0.996635023349599,0.0819672509783275));
#7686=DIRECTION('',(3.64805660623963E-206,-1.,0.));
#7687=DIRECTION('',(-3.64805660623963E-206,-1.,0.));
#7688=DIRECTION('center_axis',(-1.,-3.64805660623963E-206,0.));
#7689=DIRECTION('ref_axis',(0.,-0.996021888313596,0.0891089108912131));
#7690=DIRECTION('center_axis',(0.,0.,-1.));
#7691=DIRECTION('ref_axis',(0.,1.,0.));
#7692=DIRECTION('',(1.,0.,0.));
#7693=DIRECTION('',(1.,0.,0.));
#7694=DIRECTION('center_axis',(1.,0.,0.));
#7695=DIRECTION('ref_axis',(0.,0.937559056960861,-0.347826127124835));
#7696=DIRECTION('',(1.,0.,0.));
#7697=DIRECTION('center_axis',(1.,0.,0.));
#7698=DIRECTION('ref_axis',(0.,0.999463769944233,-0.0327440463116881));
#7699=DIRECTION('',(1.,0.,0.));
#7700=DIRECTION('center_axis',(1.,0.,0.));
#7701=DIRECTION('ref_axis',(0.,4.4408920985006E-15,1.));
#7702=DIRECTION('',(1.,0.,0.));
#7703=DIRECTION('center_axis',(0.,0.,1.));
#7704=DIRECTION('ref_axis',(0.,-1.,0.));
#7705=DIRECTION('',(1.,0.,0.));
#7706=DIRECTION('center_axis',(1.,0.,0.));
#7707=DIRECTION('ref_axis',(0.,0.996021888313596,-0.0891089108912123));
#7708=DIRECTION('',(1.,0.,0.));
#7709=DIRECTION('center_axis',(1.,0.,0.));
#7710=DIRECTION('ref_axis',(0.,-0.996635023349599,0.0819672509783275));
#7711=DIRECTION('',(1.,0.,0.));
#7712=DIRECTION('center_axis',(0.,0.,1.));
#7713=DIRECTION('ref_axis',(0.,-1.,0.));
#7714=DIRECTION('center_axis',(0.,0.,-1.));
#7715=DIRECTION('ref_axis',(0.,1.,0.));
#7716=DIRECTION('',(1.,0.,0.));
#7717=DIRECTION('center_axis',(1.,0.,0.));
#7718=DIRECTION('ref_axis',(0.,-0.996021888313596,0.0891089108912131));
#7719=DIRECTION('',(0.,0.,1.));
#7720=DIRECTION('',(1.,0.,0.));
#7721=DIRECTION('axis',(0.,0.,1.));
#7722=DIRECTION('refdir',(1.,0.,0.));
#7723=DIRECTION('center_axis',(1.,5.55132285379897E-17,1.17961187235233E-15));
#7724=DIRECTION('ref_axis',(0.,0.992156947260145,0.124998368003065));
#7725=DIRECTION('center_axis',(1.,5.55112881964793E-17,-9.13104139840928E-23));
#7726=DIRECTION('ref_axis',(0.,0.992156947260145,0.124998368003065));
#7727=DIRECTION('',(1.,5.55132285379897E-17,1.17961187235233E-15));
#7728=DIRECTION('center_axis',(-1.,-5.55112881964793E-17,9.13104139840927E-23));
#7729=DIRECTION('ref_axis',(0.,0.992156947260145,0.124998368003065));
#7730=DIRECTION('',(1.,5.55132285379897E-17,1.17961187235233E-15));
#7731=DIRECTION('center_axis',(1.,5.55112881964793E-17,-9.13104139840927E-23));
#7732=DIRECTION('ref_axis',(5.55112881965544E-17,-0.999999999998647,1.64489812772852E-6));
#7733=DIRECTION('',(5.55112881965544E-17,-0.999999999998647,1.64489812772852E-6));
#7734=DIRECTION('center_axis',(-1.,-5.55112881964793E-17,9.13104139840927E-23));
#7735=DIRECTION('ref_axis',(0.,-0.992156536035613,0.125001631996597));
#7736=DIRECTION('center_axis',(-1.,-5.55112881964793E-17,9.13104139840927E-23));
#7737=DIRECTION('ref_axis',(0.,-0.70710794430421,-0.707105618066972));
#7738=DIRECTION('',(5.55112881965544E-17,-0.999999999998647,1.64489812772852E-6));
#7739=DIRECTION('center_axis',(-1.,-5.55112881964793E-17,9.13104139840927E-23));
#7740=DIRECTION('ref_axis',(0.,0.70710561806697,-0.707107944304212));
#7741=DIRECTION('center_axis',(-1.,-7.66101031151613E-17,-1.17961183765012E-15));
#7742=DIRECTION('ref_axis',(0.,-0.992156536035613,0.125001631996597));
#7743=DIRECTION('',(-1.,-7.66101031151614E-17,-1.17961183765012E-15));
#7744=DIRECTION('center_axis',(1.,5.55112881964793E-17,-9.13104139840928E-23));
#7745=DIRECTION('ref_axis',(0.,-0.992156536035613,0.125001631996597));
#7746=DIRECTION('',(-1.,-7.66101031151613E-17,-1.17961183765012E-15));
#7747=DIRECTION('center_axis',(-1.,-5.55112881964793E-17,9.13104139840928E-23));
#7748=DIRECTION('ref_axis',(-5.55112881965544E-17,0.999999999998647,-1.64489812772183E-6));
#7749=DIRECTION('center_axis',(1.,5.55112881964793E-17,-9.13104139840928E-23));
#7750=DIRECTION('ref_axis',(0.,0.70710561806697,-0.707107944304212));
#7751=DIRECTION('',(-5.55112881965544E-17,0.999999999998647,-1.64489812772183E-6));
#7752=DIRECTION('center_axis',(1.,5.55112881964793E-17,-9.13104139840928E-23));
#7753=DIRECTION('ref_axis',(0.,-0.70710794430421,-0.707105618066972));
#7754=DIRECTION('',(-5.55112881965544E-17,0.999999999998647,-1.64489812772183E-6));
#7755=DIRECTION('center_axis',(-1.,-7.66101031151613E-17,-1.17961183765012E-15));
#7756=DIRECTION('ref_axis',(0.,-0.70710794430421,-0.707105618066972));
#7757=DIRECTION('',(1.,7.66101031151613E-17,1.17961183765012E-15));
#7758=DIRECTION('center_axis',(1.17961196366434E-15,-1.64489812772852E-6,
-0.999999999998647));
#7759=DIRECTION('ref_axis',(5.55112881965544E-17,-0.999999999998647,1.64489812772852E-6));
#7760=DIRECTION('',(-1.,-5.55132285379897E-17,-1.17961187235233E-15));
#7761=DIRECTION('center_axis',(-1.17961196366434E-15,1.64489812772183E-6,
0.999999999998647));
#7762=DIRECTION('ref_axis',(-0.321073841069568,-0.947054163487183,1.55780761999459E-6));
#7763=DIRECTION('',(0.947054163488465,-0.32107384106913,5.28133761152939E-7));
#7764=DIRECTION('',(0.947054163488728,0.321073841068354,-5.28133758917349E-7));
#7765=DIRECTION('center_axis',(-1.17961196366434E-15,1.64489812772183E-6,
0.999999999998647));
#7766=DIRECTION('ref_axis',(-5.55112881965544E-17,0.999999999998647,-1.64489812772183E-6));
#7767=DIRECTION('',(-1.,-5.55132285379897E-17,-1.17961187235233E-15));
#7768=DIRECTION('center_axis',(-1.17961196366434E-15,1.64489812772183E-6,
0.999999999998647));
#7769=DIRECTION('ref_axis',(0.346597526769105,-0.93801394149296,1.54293737654968E-6));
#7770=DIRECTION('',(0.938013941494228,0.346597526768639,-5.7011762174903E-7));
#7771=DIRECTION('center_axis',(-1.17961196366434E-15,1.64489812772183E-6,
0.999999999998647));
#7772=DIRECTION('ref_axis',(0.321073841069571,0.947054163487182,-1.55780761999459E-6));
#7773=DIRECTION('',(-0.947054163488466,0.321073841069128,-5.28133761152936E-7));
#7774=DIRECTION('center_axis',(-1.17961196366434E-15,1.64489812772183E-6,
0.999999999998647));
#7775=DIRECTION('ref_axis',(-1.,-5.55132285379897E-17,-1.17961187235233E-15));
#7776=DIRECTION('',(-3.06421669260809E-16,-0.999999999998647,1.64489812772183E-6));
#7777=DIRECTION('center_axis',(-1.17961196366434E-15,1.64489812772183E-6,
0.999999999998647));
#7778=DIRECTION('ref_axis',(5.55112881965544E-17,-0.999999999998647,1.64489812772183E-6));
#7779=DIRECTION('center_axis',(-1.17961196366434E-15,1.64489812772183E-6,
0.999999999998647));
#7780=DIRECTION('ref_axis',(5.55112881965544E-17,-0.999999999998647,1.64489812772183E-6));
#7781=DIRECTION('center_axis',(-1.17961196366434E-15,1.64489812772183E-6,
0.999999999998647));
#7782=DIRECTION('ref_axis',(0.346597526769149,0.938013941492944,-1.54293737573195E-6));
#7783=DIRECTION('',(-0.938013941494211,0.346597526768687,-5.70117623962093E-7));
#7784=DIRECTION('center_axis',(-1.17961196366434E-15,1.64489812772183E-6,
0.999999999998647));
#7785=DIRECTION('ref_axis',(-0.346597526769174,0.938013941492935,-1.54293737654964E-6));
#7786=DIRECTION('',(-0.938013941494211,-0.346597526768687,5.70117621749108E-7));
#7787=DIRECTION('center_axis',(-1.17961196366434E-15,1.64489812772183E-6,
0.999999999998647));
#7788=DIRECTION('ref_axis',(1.33781875836985E-14,-0.999999999998647,1.64489812772183E-6));
#7789=DIRECTION('',(1.,-9.57710298692073E-17,1.17961212119952E-15));
#7790=DIRECTION('center_axis',(-1.17961196366434E-15,1.64489812772183E-6,
0.999999999998647));
#7791=DIRECTION('ref_axis',(1.,8.9372974255271E-15,1.17959726272213E-15));
#7792=DIRECTION('',(-1.23612318417664E-14,0.999999999998647,-1.64489812772183E-6));
#7793=DIRECTION('center_axis',(-1.17961196366434E-15,1.64489812772183E-6,
0.999999999998647));
#7794=DIRECTION('ref_axis',(-0.321073841068739,0.947054163487463,-1.55780762075254E-6));
#7795=DIRECTION('',(-0.947054163488746,-0.321073841068302,5.28133758917263E-7));
#7796=DIRECTION('center_axis',(-1.17961196366434E-15,1.64489812772183E-6,
0.999999999998647));
#7797=DIRECTION('ref_axis',(-0.346597526769106,-0.93801394149296,1.54293737573198E-6));
#7798=DIRECTION('',(0.938013941494231,-0.346597526768633,5.70117623962004E-7));
#7799=DIRECTION('center_axis',(-1.17961196366434E-15,1.64489812772183E-6,
0.999999999998647));
#7800=DIRECTION('ref_axis',(5.55112881965544E-17,-0.999999999998647,1.64489812772183E-6));
#7801=DIRECTION('center_axis',(-1.17961196366434E-15,1.64489812772183E-6,
0.999999999998647));
#7802=DIRECTION('ref_axis',(5.55112881965544E-17,-0.999999999998647,1.64489812772183E-6));
#7803=DIRECTION('center_axis',(1.,5.55132285379897E-17,1.17961187235233E-15));
#7804=DIRECTION('ref_axis',(0.,0.70710561806697,-0.707107944304212));
#7805=DIRECTION('center_axis',(0.,-1.64489812704005E-6,-0.999999999998647));
#7806=DIRECTION('ref_axis',(5.55112881965544E-17,-0.999999999998647,1.64489812704005E-6));
#7807=DIRECTION('',(0.,1.64489812704005E-6,0.999999999998647));
#7808=DIRECTION('center_axis',(-1.17961196366434E-15,1.64489812772183E-6,
0.999999999998647));
#7809=DIRECTION('ref_axis',(5.55112881965544E-17,-0.999999999998647,1.64489812772183E-6));
#7810=DIRECTION('center_axis',(0.,-1.64489812704005E-6,-0.999999999998647));
#7811=DIRECTION('ref_axis',(5.55112881965544E-17,-0.999999999998647,1.64489812704005E-6));
#7812=DIRECTION('',(0.,1.64489812704005E-6,0.999999999998647));
#7813=DIRECTION('center_axis',(-1.17961196366434E-15,1.64489812772183E-6,
0.999999999998647));
#7814=DIRECTION('ref_axis',(5.55112881965544E-17,-0.999999999998647,1.64489812772183E-6));
#7815=DIRECTION('center_axis',(0.346597526769102,0.938013941492962,-1.54293737550132E-6));
#7816=DIRECTION('ref_axis',(0.938013941494231,-0.346597526768633,5.70117623962004E-7));
#7817=DIRECTION('',(0.938013941494231,-0.346597526768633,5.70117623962004E-7));
#7818=DIRECTION('',(0.,-1.64489812704005E-6,-0.999999999998647));
#7819=DIRECTION('',(0.,-1.64489812704005E-6,-0.999999999998647));
#7820=DIRECTION('center_axis',(0.,-1.64489812704005E-6,-0.999999999998647));
#7821=DIRECTION('ref_axis',(-0.346597526769106,-0.93801394149296,1.54293737550131E-6));
#7822=DIRECTION('center_axis',(-1.17961196366434E-15,1.64489812772183E-6,
0.999999999998647));
#7823=DIRECTION('ref_axis',(-0.346597526769106,-0.93801394149296,1.54293737573198E-6));
#7824=DIRECTION('',(0.,-1.64489812704005E-6,-0.999999999998647));
#7825=DIRECTION('center_axis',(0.321073841068736,-0.947054163487465,1.55780761972812E-6));
#7826=DIRECTION('ref_axis',(-0.947054163488746,-0.321073841068302,5.28133758917263E-7));
#7827=DIRECTION('',(-0.947054163488746,-0.321073841068302,5.28133758917263E-7));
#7828=DIRECTION('',(0.,-1.64489812704005E-6,-0.999999999998647));
#7829=DIRECTION('center_axis',(0.,-1.64489812704005E-6,-0.999999999998647));
#7830=DIRECTION('ref_axis',(-0.321073841068739,0.947054163487463,-1.55780761972812E-6));
#7831=DIRECTION('center_axis',(-1.17961196366434E-15,1.64489812772183E-6,
0.999999999998647));
#7832=DIRECTION('ref_axis',(-0.321073841068739,0.947054163487463,-1.55780762075254E-6));
#7833=DIRECTION('',(0.,-1.64489812704005E-6,-0.999999999998647));
#7834=DIRECTION('center_axis',(-1.,-1.23612318417497E-14,2.03329671044294E-20));
#7835=DIRECTION('ref_axis',(-1.23612318417664E-14,0.999999999998647,-1.64489812772183E-6));
#7836=DIRECTION('',(-1.23612318417664E-14,0.999999999998647,-1.64489812772183E-6));
#7837=DIRECTION('',(0.,-1.64489812704005E-6,-0.999999999998647));
#7838=DIRECTION('center_axis',(0.,-1.64489812704005E-6,-0.999999999998647));
#7839=DIRECTION('ref_axis',(1.,8.93729548518559E-15,-1.47009406045282E-20));
#7840=DIRECTION('center_axis',(-1.17961196366434E-15,1.64489812772183E-6,
0.999999999998647));
#7841=DIRECTION('ref_axis',(1.,8.9372974255271E-15,1.17959726272213E-15));
#7842=DIRECTION('center_axis',(9.57729702108466E-17,0.999999999998647,-1.64489812704005E-6));
#7843=DIRECTION('ref_axis',(1.,-9.57710298692073E-17,1.17961212119952E-15));
#7844=DIRECTION('',(1.,-9.57710298692073E-17,1.17961212119952E-15));
#7845=DIRECTION('',(0.,-1.64489812704005E-6,-0.999999999998647));
#7846=DIRECTION('',(0.,-1.64489812704005E-6,-0.999999999998647));
#7847=DIRECTION('center_axis',(0.,-1.64489812704005E-6,-0.999999999998647));
#7848=DIRECTION('ref_axis',(1.33781875836985E-14,-0.999999999998647,1.64489812704005E-6));
#7849=DIRECTION('center_axis',(-1.17961196366434E-15,1.64489812772183E-6,
0.999999999998647));
#7850=DIRECTION('ref_axis',(1.33781875836985E-14,-0.999999999998647,1.64489812772183E-6));
#7851=DIRECTION('',(0.,-1.64489812704005E-6,-0.999999999998647));
#7852=DIRECTION('center_axis',(0.346597526769156,-0.938013941492942,1.54293737550128E-6));
#7853=DIRECTION('ref_axis',(-0.938013941494211,-0.346597526768687,5.70117621749108E-7));
#7854=DIRECTION('',(-0.938013941494211,-0.346597526768687,5.70117621749108E-7));
#7855=DIRECTION('',(0.,-1.64489812704005E-6,-0.999999999998647));
#7856=DIRECTION('center_axis',(0.,-1.64489812704005E-6,-0.999999999998647));
#7857=DIRECTION('ref_axis',(-0.346597526769174,0.938013941492935,-1.54293737550127E-6));
#7858=DIRECTION('center_axis',(-1.17961196366434E-15,1.64489812772183E-6,
0.999999999998647));
#7859=DIRECTION('ref_axis',(-0.346597526769174,0.938013941492935,-1.54293737654964E-6));
#7860=DIRECTION('',(0.,-1.64489812704005E-6,-0.999999999998647));
#7861=DIRECTION('center_axis',(-0.346597526769156,-0.938013941492942,1.54293737550128E-6));
#7862=DIRECTION('ref_axis',(-0.938013941494211,0.346597526768687,-5.70117623962093E-7));
#7863=DIRECTION('',(-0.938013941494211,0.346597526768687,-5.70117623962093E-7));
#7864=DIRECTION('',(0.,-1.64489812704005E-6,-0.999999999998647));
#7865=DIRECTION('center_axis',(0.,-1.64489812704005E-6,-0.999999999998647));
#7866=DIRECTION('ref_axis',(0.346597526769149,0.938013941492944,-1.54293737550129E-6));
#7867=DIRECTION('center_axis',(-1.17961196366434E-15,1.64489812772183E-6,
0.999999999998647));
#7868=DIRECTION('ref_axis',(0.346597526769149,0.938013941492944,-1.54293737573195E-6));
#7869=DIRECTION('center_axis',(0.,-1.64489812704005E-6,-0.999999999998647));
#7870=DIRECTION('ref_axis',(5.55112881965544E-17,-0.999999999998647,1.64489812704005E-6));
#7871=DIRECTION('',(0.,1.64489812704005E-6,0.999999999998647));
#7872=DIRECTION('center_axis',(-1.17961196366434E-15,1.64489812772183E-6,
0.999999999998647));
#7873=DIRECTION('ref_axis',(5.55112881965544E-17,-0.999999999998647,1.64489812772183E-6));
#7874=DIRECTION('center_axis',(0.,-1.64489812704005E-6,-0.999999999998647));
#7875=DIRECTION('ref_axis',(5.55112881965544E-17,-0.999999999998647,1.64489812704005E-6));
#7876=DIRECTION('',(0.,1.64489812704005E-6,0.999999999998647));
#7877=DIRECTION('center_axis',(-1.17961196366434E-15,1.64489812772183E-6,
0.999999999998647));
#7878=DIRECTION('ref_axis',(5.55112881965544E-17,-0.999999999998647,1.64489812772183E-6));
#7879=DIRECTION('center_axis',(1.,-3.06421669260394E-16,5.04032429851591E-22));
#7880=DIRECTION('ref_axis',(-3.06421669260809E-16,-0.999999999998647,1.64489812772183E-6));
#7881=DIRECTION('',(-3.06421669260809E-16,-0.999999999998647,1.64489812772183E-6));
#7882=DIRECTION('',(0.,-1.64489812704005E-6,-0.999999999998647));
#7883=DIRECTION('',(0.,-1.64489812704005E-6,-0.999999999998647));
#7884=DIRECTION('center_axis',(0.,-1.64489812704005E-6,-0.999999999998647));
#7885=DIRECTION('ref_axis',(-1.,-5.55112881964801E-17,9.13104141071364E-23));
#7886=DIRECTION('center_axis',(-1.17961196366434E-15,1.64489812772183E-6,
0.999999999998647));
#7887=DIRECTION('ref_axis',(-1.,-5.55132285379897E-17,-1.17961187235233E-15));
#7888=DIRECTION('',(0.,-1.64489812704005E-6,-0.999999999998647));
#7889=DIRECTION('center_axis',(-0.321073841069562,-0.947054163487185,1.55780761972766E-6));
#7890=DIRECTION('ref_axis',(-0.947054163488466,0.321073841069128,-5.28133761152936E-7));
#7891=DIRECTION('',(-0.947054163488466,0.321073841069128,-5.28133761152936E-7));
#7892=DIRECTION('',(0.,-1.64489812704005E-6,-0.999999999998647));
#7893=DIRECTION('center_axis',(0.,-1.64489812704005E-6,-0.999999999998647));
#7894=DIRECTION('ref_axis',(0.321073841069571,0.947054163487182,-1.55780761972765E-6));
#7895=DIRECTION('center_axis',(-1.17961196366434E-15,1.64489812772183E-6,
0.999999999998647));
#7896=DIRECTION('ref_axis',(0.321073841069571,0.947054163487182,-1.55780761999459E-6));
#7897=DIRECTION('',(0.,-1.64489812704005E-6,-0.999999999998647));
#7898=DIRECTION('center_axis',(-0.346597526769108,0.938013941492959,-1.54293737550131E-6));
#7899=DIRECTION('ref_axis',(0.938013941494228,0.346597526768639,-5.7011762174903E-7));
#7900=DIRECTION('',(0.938013941494228,0.346597526768639,-5.7011762174903E-7));
#7901=DIRECTION('',(0.,-1.64489812704005E-6,-0.999999999998647));
#7902=DIRECTION('center_axis',(0.,-1.64489812704005E-6,-0.999999999998647));
#7903=DIRECTION('ref_axis',(0.346597526769105,-0.93801394149296,1.54293737550131E-6));
#7904=DIRECTION('center_axis',(-1.17961196366434E-15,1.64489812772183E-6,
0.999999999998647));
#7905=DIRECTION('ref_axis',(0.346597526769105,-0.93801394149296,1.54293737654968E-6));
#7906=DIRECTION('center_axis',(5.55112881965552E-17,-0.999999999998647,
1.64489812704005E-6));
#7907=DIRECTION('ref_axis',(-1.,-5.55132285379897E-17,-1.17961187235233E-15));
#7908=DIRECTION('',(-1.,-5.55132285379897E-17,-1.17961187235233E-15));
#7909=DIRECTION('',(0.,-1.64489812704005E-6,-0.999999999998647));
#7910=DIRECTION('',(0.,-1.64489812704005E-6,-0.999999999998647));
#7911=DIRECTION('center_axis',(0.,-1.64489812704005E-6,-0.999999999998647));
#7912=DIRECTION('ref_axis',(-5.55112881965544E-17,0.999999999998647,-1.64489812704005E-6));
#7913=DIRECTION('center_axis',(-1.17961196366434E-15,1.64489812772183E-6,
0.999999999998647));
#7914=DIRECTION('ref_axis',(-5.55112881965544E-17,0.999999999998647,-1.64489812772183E-6));
#7915=DIRECTION('',(0.,-1.64489812704005E-6,-0.999999999998647));
#7916=DIRECTION('center_axis',(-0.321073841068788,0.947054163487447,-1.55780761972809E-6));
#7917=DIRECTION('ref_axis',(0.947054163488728,0.321073841068354,-5.28133758917349E-7));
#7918=DIRECTION('',(0.947054163488728,0.321073841068354,-5.28133758917349E-7));
#7919=DIRECTION('',(0.,-1.64489812704005E-6,-0.999999999998647));
#7920=DIRECTION('center_axis',(0.321073841069564,0.947054163487184,-1.55780761972766E-6));
#7921=DIRECTION('ref_axis',(0.947054163488465,-0.32107384106913,5.28133761152939E-7));
#7922=DIRECTION('',(0.947054163488465,-0.32107384106913,5.28133761152939E-7));
#7923=DIRECTION('',(0.,-1.64489812704005E-6,-0.999999999998647));
#7924=DIRECTION('center_axis',(0.,-1.64489812704005E-6,-0.999999999998647));
#7925=DIRECTION('ref_axis',(-0.321073841069568,-0.947054163487183,1.55780761972766E-6));
#7926=DIRECTION('center_axis',(-1.17961196366434E-15,1.64489812772183E-6,
0.999999999998647));
#7927=DIRECTION('ref_axis',(-0.321073841069568,-0.947054163487183,1.55780761999459E-6));
#7928=DIRECTION('center_axis',(1.17961196366434E-15,-1.64489812772852E-6,
-0.999999999998647));
#7929=DIRECTION('ref_axis',(5.55112881965544E-17,-0.999999999998647,1.64489812772852E-6));
#7930=DIRECTION('axis',(0.,0.,1.));
#7931=DIRECTION('refdir',(1.,0.,0.));
#7932=DIRECTION('center_axis',(0.,1.64489816256719E-6,0.999999999998647));
#7933=DIRECTION('ref_axis',(1.,0.,0.));
#7934=DIRECTION('center_axis',(8.90801478708218E-15,1.64485168303677E-6,
0.999999999998647));
#7935=DIRECTION('ref_axis',(1.,0.,0.));
#7936=DIRECTION('',(0.,1.64489816256719E-6,0.999999999998647));
#7937=DIRECTION('center_axis',(-8.90801478708218E-15,-1.64485168303677E-6,
-0.999999999998647));
#7938=DIRECTION('ref_axis',(1.,0.,0.));
#7939=DIRECTION('center_axis',(0.,1.64489816256719E-6,0.999999999998647));
#7940=DIRECTION('ref_axis',(1.,0.,0.));
#7941=DIRECTION('center_axis',(8.90801478708218E-15,1.64485168303677E-6,
0.999999999998647));
#7942=DIRECTION('ref_axis',(1.,0.,0.));
#7943=DIRECTION('',(0.,1.64489816256719E-6,0.999999999998647));
#7944=DIRECTION('center_axis',(-8.90801478708218E-15,-1.64485168303677E-6,
-0.999999999998647));
#7945=DIRECTION('ref_axis',(1.,0.,0.));
#7946=DIRECTION('center_axis',(0.,1.64489816256719E-6,0.999999999998647));
#7947=DIRECTION('ref_axis',(1.,0.,0.));
#7948=DIRECTION('center_axis',(8.90801478708218E-15,1.64485168303677E-6,
0.999999999998647));
#7949=DIRECTION('ref_axis',(1.,0.,0.));
#7950=DIRECTION('',(0.,1.64489816256719E-6,0.999999999998647));
#7951=DIRECTION('center_axis',(-8.90801478708218E-15,-1.64485168303677E-6,
-0.999999999998647));
#7952=DIRECTION('ref_axis',(1.,0.,0.));
#7953=DIRECTION('center_axis',(0.,1.64489816256719E-6,0.999999999998647));
#7954=DIRECTION('ref_axis',(1.,0.,0.));
#7955=DIRECTION('center_axis',(8.90801478708218E-15,1.64485168303677E-6,
0.999999999998647));
#7956=DIRECTION('ref_axis',(1.,0.,0.));
#7957=DIRECTION('',(0.,1.64489816256719E-6,0.999999999998647));
#7958=DIRECTION('center_axis',(-8.90801478708218E-15,-1.64485168303677E-6,
-0.999999999998647));
#7959=DIRECTION('ref_axis',(1.,0.,0.));
#7960=DIRECTION('center_axis',(1.,-5.41569489112745E-9,6.94024567843539E-23));
#7961=DIRECTION('ref_axis',(-5.37321742655195E-9,-0.99215694725434,-0.124998368049143));
#7962=DIRECTION('center_axis',(1.,-5.41569484893463E-9,-5.6588835334365E-16));
#7963=DIRECTION('ref_axis',(-5.37321742655195E-9,-0.99215694725434,-0.124998368049143));
#7964=DIRECTION('',(1.,-5.41569489112745E-9,6.94024567843539E-23));
#7965=DIRECTION('center_axis',(-1.,5.41569484893463E-9,5.6588835334365E-16));
#7966=DIRECTION('ref_axis',(-5.37321742655195E-9,-0.99215694725434,-0.124998368049143));
#7967=DIRECTION('',(1.,-5.41569489112744E-9,6.94024599396097E-23));
#7968=DIRECTION('center_axis',(-1.,5.41569484893463E-9,5.6588835334365E-16));
#7969=DIRECTION('ref_axis',(-5.41569484892637E-9,-0.999999999998647,1.64485168303677E-6));
#7970=DIRECTION('center_axis',(1.,-5.41569484893463E-9,-5.6588835334365E-16));
#7971=DIRECTION('ref_axis',(-3.82946806746939E-9,-0.707105618099812,0.70710794427137));
#7972=DIRECTION('',(-5.41569484892637E-9,-0.999999999998647,1.64485168303677E-6));
#7973=DIRECTION('center_axis',(1.,-5.41569484893463E-9,-5.6588835334365E-16));
#7974=DIRECTION('ref_axis',(3.82948062820906E-9,0.707107944271371,0.707105618099811));
#7975=DIRECTION('center_axis',(1.,-5.41569484893463E-9,-5.6588835334365E-16));
#7976=DIRECTION('ref_axis',(5.37322186744404E-9,0.992156536041419,-0.125001631950516));
#7977=DIRECTION('',(5.41569484892637E-9,0.999999999998647,-1.64485168303677E-6));
#7978=DIRECTION('center_axis',(1.,-5.41569489112744E-9,6.94024599397975E-23));
#7979=DIRECTION('ref_axis',(-3.82946806746939E-9,-0.707105618099812,0.70710794427137));
#7980=DIRECTION('center_axis',(-1.,5.41569484893463E-9,5.6588835334365E-16));
#7981=DIRECTION('ref_axis',(-3.82946806746939E-9,-0.707105618099812,0.70710794427137));
#7982=DIRECTION('',(-1.,5.41569489112744E-9,-6.94024599398914E-23));
#7983=DIRECTION('center_axis',(-1.,5.4156948489337E-9,1.57772181044202E-30));
#7984=DIRECTION('ref_axis',(5.37322186744404E-9,0.992156536041419,-0.125001631950516));
#7985=DIRECTION('center_axis',(-1.,5.41569484893463E-9,5.6588835334365E-16));
#7986=DIRECTION('ref_axis',(5.37322186744404E-9,0.992156536041419,-0.125001631950516));
#7987=DIRECTION('',(-1.,5.4156948489337E-9,1.57772181044202E-30));
#7988=DIRECTION('',(-1.,5.4156948489337E-9,0.));
#7989=DIRECTION('center_axis',(-1.,5.4156948489337E-9,0.));
#7990=DIRECTION('ref_axis',(3.82948062820906E-9,0.707107944271371,0.707105618099811));
#7991=DIRECTION('',(1.,-5.4156948489337E-9,0.));
#7992=DIRECTION('center_axis',(-1.,5.41569484893463E-9,5.6588835334365E-16));
#7993=DIRECTION('ref_axis',(3.82948062820906E-9,0.707107944271371,0.707105618099811));
#7994=DIRECTION('center_axis',(8.90801478708218E-15,1.64485168303677E-6,
0.999999999998647));
#7995=DIRECTION('ref_axis',(-1.,5.4156948489337E-9,1.577721855043E-30));
#7996=DIRECTION('',(5.41569484892637E-9,0.999999999998647,-1.64485168303677E-6));
#7997=DIRECTION('center_axis',(-8.90801478708218E-15,-1.64485168303677E-6,
-0.999999999998647));
#7998=DIRECTION('ref_axis',(-1.,5.4156948489337E-9,0.));
#7999=DIRECTION('center_axis',(-8.90801478708218E-15,-1.64485168303677E-6,
-0.999999999998647));
#8000=DIRECTION('ref_axis',(-1.,5.4156948489337E-9,0.));
#8001=DIRECTION('center_axis',(-8.90801478708218E-15,-1.64485168303677E-6,
-0.999999999998647));
#8002=DIRECTION('ref_axis',(-0.477858846532635,-0.878436635613755,1.44489798278917E-6));
#8003=DIRECTION('',(-0.878436635614945,0.477858846531984,-7.86006920148083E-7));
#8004=DIRECTION('center_axis',(-8.90801478708218E-15,-1.64485168303677E-6,
-0.999999999998647));
#8005=DIRECTION('ref_axis',(5.41569040803427E-9,0.999999999998647,-1.64485168303677E-6));
#8006=DIRECTION('',(1.,-5.41569469736622E-9,-2.49306013427498E-22));
#8007=DIRECTION('center_axis',(-8.90801478708218E-15,-1.64485168303677E-6,
-0.999999999998647));
#8008=DIRECTION('ref_axis',(0.477858837017941,-0.878436640789632,1.44489798278918E-6));
#8009=DIRECTION('',(-0.87843664079082,-0.477858837017295,7.86006920148083E-7));
#8010=DIRECTION('center_axis',(-8.90801478708218E-15,-1.64485168303677E-6,
-0.999999999998647));
#8011=DIRECTION('ref_axis',(-1.,5.4156948489337E-9,0.));
#8012=DIRECTION('center_axis',(-8.90801478708218E-15,-1.64485168303677E-6,
-0.999999999998647));
#8013=DIRECTION('ref_axis',(-1.,5.41569706937975E-9,-3.65230442120172E-21));
#8014=DIRECTION('',(5.41569507295662E-9,0.999999999998647,-1.64485168303677E-6));
#8015=DIRECTION('center_axis',(-8.90801478708218E-15,-1.64485168303677E-6,
-0.999999999998647));
#8016=DIRECTION('ref_axis',(0.477858846532633,0.878436635613756,-1.44489798278918E-6));
#8017=DIRECTION('',(0.878436635614946,-0.477858846531984,7.86006920148081E-7));
#8018=DIRECTION('center_axis',(-8.90801478708218E-15,-1.64485168303677E-6,
-0.999999999998647));
#8019=DIRECTION('ref_axis',(0.477858837017938,-0.878436640789634,1.44489798278918E-6));
#8020=DIRECTION('',(-0.878436640790821,-0.477858837017294,7.86006920148081E-7));
#8021=DIRECTION('center_axis',(-8.90801478708218E-15,-1.64485168303677E-6,
-0.999999999998647));
#8022=DIRECTION('ref_axis',(-1.,5.4156948489337E-9,0.));
#8023=DIRECTION('center_axis',(-8.90801478708218E-15,-1.64485168303677E-6,
-0.999999999998647));
#8024=DIRECTION('ref_axis',(0.477858846532635,0.878436635613755,-1.44489798278917E-6));
#8025=DIRECTION('',(0.878436635614945,-0.477858846531984,7.86006920148082E-7));
#8026=DIRECTION('center_axis',(-8.90801478708218E-15,-1.64485168303677E-6,
-0.999999999998647));
#8027=DIRECTION('ref_axis',(-5.41569484892637E-9,-0.999999999998647,1.64485168303677E-6));
#8028=DIRECTION('',(-1.,5.41569486787963E-9,-3.11632516784372E-23));
#8029=DIRECTION('center_axis',(-8.90801478708218E-15,-1.64485168303677E-6,
-0.999999999998647));
#8030=DIRECTION('ref_axis',(-0.477858837017945,0.87843664078963,-1.44489798278917E-6));
#8031=DIRECTION('',(0.87843664079082,0.477858837017295,-7.86006920148083E-7));
#8032=DIRECTION('center_axis',(-8.90801478708218E-15,-1.64485168303677E-6,
-0.999999999998647));
#8033=DIRECTION('ref_axis',(1.,-5.41571261250209E-9,2.92184353696142E-20));
#8034=DIRECTION('',(-5.41569529698688E-9,-0.999999999998647,1.64485168303677E-6));
#8035=DIRECTION('center_axis',(-8.90801478708218E-15,-1.64485168303677E-6,
-0.999999999998647));
#8036=DIRECTION('ref_axis',(-0.47785884653262,-0.878436635613763,1.44489798278919E-6));
#8037=DIRECTION('',(-0.878436635614945,0.477858846531985,-7.86006920148083E-7));
#8038=DIRECTION('center_axis',(-8.90801478708218E-15,-1.64485168303677E-6,
-0.999999999998647));
#8039=DIRECTION('ref_axis',(-0.477858837017949,0.878436640789628,-1.44489798278917E-6));
#8040=DIRECTION('',(0.87843664079082,0.477858837017295,-7.86006920148083E-7));
#8041=DIRECTION('center_axis',(9.473903143468E-15,1.64485168359837E-6,0.999999999998647));
#8042=DIRECTION('ref_axis',(-1.,5.41569484893463E-9,5.65888353343651E-16));
#8043=DIRECTION('',(-9.473903143468E-15,-1.64485168359837E-6,-0.999999999998647));
#8044=DIRECTION('center_axis',(-8.90801478708218E-15,-1.64485168303677E-6,
-0.999999999998647));
#8045=DIRECTION('ref_axis',(-1.,5.4156948489337E-9,0.));
#8046=DIRECTION('center_axis',(9.473903143468E-15,1.64485168359837E-6,0.999999999998647));
#8047=DIRECTION('ref_axis',(-1.,5.41569484893463E-9,5.65888353343651E-16));
#8048=DIRECTION('',(-9.473903143468E-15,-1.64485168359837E-6,-0.999999999998647));
#8049=DIRECTION('center_axis',(-8.90801478708218E-15,-1.64485168303677E-6,
-0.999999999998647));
#8050=DIRECTION('ref_axis',(-1.,5.4156948489337E-9,0.));
#8051=DIRECTION('center_axis',(-0.477858837017941,0.878436640789632,-1.44489798301209E-6));
#8052=DIRECTION('ref_axis',(-0.87843664079082,-0.477858837017295,7.86006920148083E-7));
#8053=DIRECTION('',(-0.87843664079082,-0.477858837017295,7.86006920148083E-7));
#8054=DIRECTION('',(9.473903143468E-15,1.64485168359837E-6,0.999999999998647));
#8055=DIRECTION('',(9.473903143468E-15,1.64485168359837E-6,0.999999999998647));
#8056=DIRECTION('center_axis',(9.473903143468E-15,1.64485168359837E-6,0.999999999998647));
#8057=DIRECTION('ref_axis',(0.477858837017942,-0.878436640789632,1.44489798301208E-6));
#8058=DIRECTION('center_axis',(-8.90801478708218E-15,-1.64485168303677E-6,
-0.999999999998647));
#8059=DIRECTION('ref_axis',(0.477858837017942,-0.878436640789632,1.44489798278918E-6));
#8060=DIRECTION('',(9.473903143468E-15,1.64485168359837E-6,0.999999999998647));
#8061=DIRECTION('center_axis',(-5.4156946973589E-9,-0.999999999998647,1.64485168359837E-6));
#8062=DIRECTION('ref_axis',(1.,-5.41569469736622E-9,-2.49306013427498E-22));
#8063=DIRECTION('',(1.,-5.41569469736622E-9,-2.49306013427498E-22));
#8064=DIRECTION('',(9.473903143468E-15,1.64485168359837E-6,0.999999999998647));
#8065=DIRECTION('center_axis',(9.473903143468E-15,1.64485168359837E-6,0.999999999998647));
#8066=DIRECTION('ref_axis',(5.41569040803427E-9,0.999999999998647,-1.64485168359837E-6));
#8067=DIRECTION('center_axis',(-8.90801478708218E-15,-1.64485168303677E-6,
-0.999999999998647));
#8068=DIRECTION('ref_axis',(5.41569040803427E-9,0.999999999998647,-1.64485168303677E-6));
#8069=DIRECTION('',(9.473903143468E-15,1.64485168359837E-6,0.999999999998647));
#8070=DIRECTION('center_axis',(0.477858846532631,0.878436635613757,-1.44489798355291E-6));
#8071=DIRECTION('ref_axis',(-0.878436635614945,0.477858846531984,-7.86006920148082E-7));
#8072=DIRECTION('',(-0.878436635614945,0.477858846531984,-7.86006920148082E-7));
#8073=DIRECTION('',(9.473903143468E-15,1.64485168359837E-6,0.999999999998647));
#8074=DIRECTION('center_axis',(9.473903143468E-15,1.64485168359837E-6,0.999999999998647));
#8075=DIRECTION('ref_axis',(-0.477858846532635,-0.878436635613755,1.44489798355291E-6));
#8076=DIRECTION('center_axis',(-8.90801478708218E-15,-1.64485168303677E-6,
-0.999999999998647));
#8077=DIRECTION('ref_axis',(-0.477858846532635,-0.878436635613755,1.44489798278917E-6));
#8078=DIRECTION('center_axis',(9.473903143468E-15,1.64485168359837E-6,0.999999999998647));
#8079=DIRECTION('ref_axis',(-1.,5.41569484893463E-9,5.65888353343651E-16));
#8080=DIRECTION('',(-9.473903143468E-15,-1.64485168359837E-6,-0.999999999998647));
#8081=DIRECTION('center_axis',(-8.90801478708218E-15,-1.64485168303677E-6,
-0.999999999998647));
#8082=DIRECTION('ref_axis',(-1.,5.4156948489337E-9,0.));
#8083=DIRECTION('center_axis',(-0.47785883701794,0.878436640789633,-1.44489798301209E-6));
#8084=DIRECTION('ref_axis',(-0.878436640790821,-0.477858837017294,7.86006920148081E-7));
#8085=DIRECTION('',(-0.878436640790821,-0.477858837017294,7.86006920148081E-7));
#8086=DIRECTION('',(9.473903143468E-15,1.64485168359837E-6,0.999999999998647));
#8087=DIRECTION('',(9.473903143468E-15,1.64485168359837E-6,0.999999999998647));
#8088=DIRECTION('center_axis',(9.473903143468E-15,1.64485168359837E-6,0.999999999998647));
#8089=DIRECTION('ref_axis',(0.477858837017938,-0.878436640789634,1.44489798301209E-6));
#8090=DIRECTION('center_axis',(-8.90801478708218E-15,-1.64485168303677E-6,
-0.999999999998647));
#8091=DIRECTION('ref_axis',(0.477858837017938,-0.878436640789634,1.44489798278918E-6));
#8092=DIRECTION('',(9.473903143468E-15,1.64485168359837E-6,0.999999999998647));
#8093=DIRECTION('center_axis',(-0.47785884653263,-0.878436635613757,1.44489798355292E-6));
#8094=DIRECTION('ref_axis',(0.878436635614946,-0.477858846531984,7.86006920148081E-7));
#8095=DIRECTION('',(0.878436635614946,-0.477858846531984,7.86006920148081E-7));
#8096=DIRECTION('',(9.473903143468E-15,1.64485168359837E-6,0.999999999998647));
#8097=DIRECTION('center_axis',(9.473903143468E-15,1.64485168359837E-6,0.999999999998647));
#8098=DIRECTION('ref_axis',(0.477858846532633,0.878436635613755,-1.44489798355291E-6));
#8099=DIRECTION('center_axis',(-8.90801478708218E-15,-1.64485168303677E-6,
-0.999999999998647));
#8100=DIRECTION('ref_axis',(0.477858846532633,0.878436635613755,-1.44489798278918E-6));
#8101=DIRECTION('',(9.473903143468E-15,1.64485168359837E-6,0.999999999998647));
#8102=DIRECTION('center_axis',(1.,-5.41569507296488E-9,-5.65887984847107E-16));
#8103=DIRECTION('ref_axis',(5.41569507295663E-9,0.999999999998647,-1.64485168303677E-6));
#8104=DIRECTION('',(5.41569507295663E-9,0.999999999998647,-1.64485168303677E-6));
#8105=DIRECTION('',(9.473903143468E-15,1.64485168359837E-6,0.999999999998647));
#8106=DIRECTION('center_axis',(9.473903143468E-15,1.64485168359837E-6,0.999999999998647));
#8107=DIRECTION('ref_axis',(-1.,5.41569706938068E-9,5.65884701039228E-16));
#8108=DIRECTION('center_axis',(-8.90801478708218E-15,-1.64485168303677E-6,
-0.999999999998647));
#8109=DIRECTION('ref_axis',(-1.,5.41569706937975E-9,-3.65230442120172E-21));
#8110=DIRECTION('center_axis',(9.473903143468E-15,1.64485168359837E-6,0.999999999998647));
#8111=DIRECTION('ref_axis',(-1.,5.41569484893463E-9,5.65888353343651E-16));
#8112=DIRECTION('',(-9.473903143468E-15,-1.64485168359837E-6,-0.999999999998647));
#8113=DIRECTION('center_axis',(-8.90801478708218E-15,-1.64485168303677E-6,
-0.999999999998647));
#8114=DIRECTION('ref_axis',(-1.,5.4156948489337E-9,0.));
#8115=DIRECTION('center_axis',(0.477858837017941,-0.878436640789632,1.44489798301209E-6));
#8116=DIRECTION('ref_axis',(0.878436640790821,0.477858837017295,-7.86006920148083E-7));
#8117=DIRECTION('',(0.878436640790821,0.477858837017295,-7.86006920148083E-7));
#8118=DIRECTION('',(9.473903143468E-15,1.64485168359837E-6,0.999999999998647));
#8119=DIRECTION('',(9.473903143468E-15,1.64485168359837E-6,0.999999999998647));
#8120=DIRECTION('center_axis',(9.473903143468E-15,1.64485168359837E-6,0.999999999998647));
#8121=DIRECTION('ref_axis',(-0.477858837017945,0.87843664078963,-1.44489798301208E-6));
#8122=DIRECTION('center_axis',(-8.90801478708218E-15,-1.64485168303677E-6,
-0.999999999998647));
#8123=DIRECTION('ref_axis',(-0.477858837017945,0.87843664078963,-1.44489798278917E-6));
#8124=DIRECTION('',(9.473903143468E-15,1.64485168359837E-6,0.999999999998647));
#8125=DIRECTION('center_axis',(5.4156948678723E-9,0.999999999998647,-1.64485168359837E-6));
#8126=DIRECTION('ref_axis',(-1.,5.41569486787963E-9,-3.11632516784372E-23));
#8127=DIRECTION('',(-1.,5.41569486787963E-9,-3.11632516784372E-23));
#8128=DIRECTION('',(9.473903143468E-15,1.64485168359837E-6,0.999999999998647));
#8129=DIRECTION('center_axis',(9.473903143468E-15,1.64485168359837E-6,0.999999999998647));
#8130=DIRECTION('ref_axis',(-5.41569484892637E-9,-0.999999999998647,1.64485168359837E-6));
#8131=DIRECTION('center_axis',(-8.90801478708218E-15,-1.64485168303677E-6,
-0.999999999998647));
#8132=DIRECTION('ref_axis',(-5.41569484892637E-9,-0.999999999998647,1.64485168303677E-6));
#8133=DIRECTION('',(9.473903143468E-15,1.64485168359837E-6,0.999999999998647));
#8134=DIRECTION('center_axis',(-0.47785884653263,-0.878436635613757,1.44489798355292E-6));
#8135=DIRECTION('ref_axis',(0.878436635614945,-0.477858846531984,7.86006920148082E-7));
#8136=DIRECTION('',(0.878436635614945,-0.477858846531984,7.86006920148082E-7));
#8137=DIRECTION('',(9.473903143468E-15,1.64485168359837E-6,0.999999999998647));
#8138=DIRECTION('center_axis',(9.473903143468E-15,1.64485168359837E-6,0.999999999998647));
#8139=DIRECTION('ref_axis',(0.477858846532635,0.878436635613755,-1.44489798355291E-6));
#8140=DIRECTION('center_axis',(-8.90801478708218E-15,-1.64485168303677E-6,
-0.999999999998647));
#8141=DIRECTION('ref_axis',(0.477858846532635,0.878436635613755,-1.44489798278917E-6));
#8142=DIRECTION('center_axis',(0.477858837017941,-0.878436640789632,1.44489798301209E-6));
#8143=DIRECTION('ref_axis',(0.87843664079082,0.477858837017295,-7.86006920148083E-7));
#8144=DIRECTION('',(0.87843664079082,0.477858837017295,-7.86006920148083E-7));
#8145=DIRECTION('',(9.473903143468E-15,1.64485168359837E-6,0.999999999998647));
#8146=DIRECTION('',(9.473903143468E-15,1.64485168359837E-6,0.999999999998647));
#8147=DIRECTION('center_axis',(9.473903143468E-15,1.64485168359837E-6,0.999999999998647));
#8148=DIRECTION('ref_axis',(-0.477858837017949,0.878436640789628,-1.44489798301208E-6));
#8149=DIRECTION('center_axis',(-8.90801478708218E-15,-1.64485168303677E-6,
-0.999999999998647));
#8150=DIRECTION('ref_axis',(-0.477858837017949,0.878436640789628,-1.44489798278917E-6));
#8151=DIRECTION('',(9.473903143468E-15,1.64485168359837E-6,0.999999999998647));
#8152=DIRECTION('center_axis',(0.477858846532631,0.878436635613757,-1.44489798355291E-6));
#8153=DIRECTION('ref_axis',(-0.878436635614945,0.477858846531985,-7.86006920148083E-7));
#8154=DIRECTION('',(-0.878436635614945,0.477858846531985,-7.86006920148083E-7));
#8155=DIRECTION('',(9.473903143468E-15,1.64485168359837E-6,0.999999999998647));
#8156=DIRECTION('center_axis',(9.473903143468E-15,1.64485168359837E-6,0.999999999998647));
#8157=DIRECTION('ref_axis',(-0.47785884653262,-0.878436635613763,1.44489798355292E-6));
#8158=DIRECTION('center_axis',(-8.90801478708218E-15,-1.64485168303677E-6,
-0.999999999998647));
#8159=DIRECTION('ref_axis',(-0.47785884653262,-0.878436635613763,1.44489798278919E-6));
#8160=DIRECTION('',(9.473903143468E-15,1.64485168359837E-6,0.999999999998647));
#8161=DIRECTION('center_axis',(-1.,5.41569529699514E-9,5.65887616350562E-16));
#8162=DIRECTION('ref_axis',(-5.41569529698688E-9,-0.999999999998647,1.64485168303677E-6));
#8163=DIRECTION('',(-5.41569529698688E-9,-0.999999999998647,1.64485168303677E-6));
#8164=DIRECTION('',(9.473903143468E-15,1.64485168359837E-6,0.999999999998647));
#8165=DIRECTION('center_axis',(9.473903143468E-15,1.64485168359837E-6,0.999999999998647));
#8166=DIRECTION('ref_axis',(1.,-5.41571261250302E-9,-5.65859134908271E-16));
#8167=DIRECTION('center_axis',(-8.90801478708218E-15,-1.64485168303677E-6,
-0.999999999998647));
#8168=DIRECTION('ref_axis',(1.,-5.41571261250209E-9,2.92184353696142E-20));
#8169=DIRECTION('center_axis',(1.,-5.41569484893463E-9,-5.6588835334365E-16));
#8170=DIRECTION('ref_axis',(5.41569484892637E-9,0.999999999998647,-1.64485168303677E-6));
#8171=DIRECTION('',(-5.41569484892637E-9,-0.999999999998647,1.64485168303677E-6));
#8172=DIRECTION('center_axis',(8.90801478708218E-15,1.64485168303677E-6,
0.999999999998647));
#8173=DIRECTION('ref_axis',(-1.,5.4156948489337E-9,1.577721855043E-30));
#8174=DIRECTION('center_axis',(0.,-1.64489816138295E-6,-0.999999999998647));
#8175=DIRECTION('ref_axis',(1.,0.,0.));
#8176=DIRECTION('center_axis',(0.,1.64489816249957E-6,0.999999999998647));
#8177=DIRECTION('ref_axis',(1.,0.,0.));
#8178=DIRECTION('',(0.,1.64489816138295E-6,0.999999999998647));
#8179=DIRECTION('center_axis',(0.,1.64489816249957E-6,0.999999999998647));
#8180=DIRECTION('ref_axis',(1.,0.,0.));
#8181=DIRECTION('center_axis',(0.,-1.64489816138295E-6,-0.999999999998647));
#8182=DIRECTION('ref_axis',(1.,0.,0.));
#8183=DIRECTION('center_axis',(0.,1.64489816249957E-6,0.999999999998647));
#8184=DIRECTION('ref_axis',(1.,0.,0.));
#8185=DIRECTION('',(0.,1.64489816138295E-6,0.999999999998647));
#8186=DIRECTION('center_axis',(0.,1.64489816249957E-6,0.999999999998647));
#8187=DIRECTION('ref_axis',(1.,0.,0.));
#8188=DIRECTION('center_axis',(0.,-1.64489816138295E-6,-0.999999999998647));
#8189=DIRECTION('ref_axis',(1.,0.,0.));
#8190=DIRECTION('center_axis',(0.,1.64489816249957E-6,0.999999999998647));
#8191=DIRECTION('ref_axis',(1.,0.,0.));
#8192=DIRECTION('',(0.,1.64489816138295E-6,0.999999999998647));
#8193=DIRECTION('center_axis',(0.,1.64489816249957E-6,0.999999999998647));
#8194=DIRECTION('ref_axis',(1.,0.,0.));
#8195=DIRECTION('center_axis',(0.,-1.64489816138295E-6,-0.999999999998647));
#8196=DIRECTION('ref_axis',(1.,0.,0.));
#8197=DIRECTION('center_axis',(0.,1.64489816249957E-6,0.999999999998647));
#8198=DIRECTION('ref_axis',(1.,0.,0.));
#8199=DIRECTION('',(0.,1.64489816138295E-6,0.999999999998647));
#8200=DIRECTION('center_axis',(0.,1.64489816249957E-6,0.999999999998647));
#8201=DIRECTION('ref_axis',(1.,0.,0.));
#8202=DIRECTION('center_axis',(-1.,9.86864910776582E-17,-1.62329227727195E-22));
#8203=DIRECTION('ref_axis',(9.86864910777917E-17,0.999999999998647,-1.64489816249957E-6));
#8204=DIRECTION('',(-9.86864910777917E-17,-0.999999999998647,1.64489816249957E-6));
#8205=DIRECTION('',(0.,-1.64489816138295E-6,-0.999999999998647));
#8206=DIRECTION('',(9.86864910777917E-17,0.999999999998647,-1.64489816249957E-6));
#8207=DIRECTION('',(0.,-1.64489816138295E-6,-0.999999999998647));
#8208=DIRECTION('center_axis',(0.,-0.999999999998647,1.64489816138295E-6));
#8209=DIRECTION('ref_axis',(-1.,0.,0.));
#8210=DIRECTION('',(1.,0.,0.));
#8211=DIRECTION('',(-1.,0.,0.));
#8212=DIRECTION('',(0.,-1.64489816138295E-6,-0.999999999998647));
#8213=DIRECTION('center_axis',(1.,-3.94745964310633E-16,6.49316910908778E-22));
#8214=DIRECTION('ref_axis',(-3.94745964311167E-16,-0.999999999998647,1.64489816249957E-6));
#8215=DIRECTION('',(3.94745964311167E-16,0.999999999998647,-1.64489816249957E-6));
#8216=DIRECTION('',(-3.94745964311167E-16,-0.999999999998647,1.64489816249957E-6));
#8217=DIRECTION('',(0.,-1.64489816138295E-6,-0.999999999998647));
#8218=DIRECTION('center_axis',(1.38472180414109E-39,0.999999999998647,-1.64489816138295E-6));
#8219=DIRECTION('ref_axis',(1.,-2.03985133556039E-30,-1.24010797875651E-24));
#8220=DIRECTION('',(-1.,2.03985133556039E-30,1.24010797875651E-24));
#8221=DIRECTION('',(1.,-2.03985133556039E-30,-1.24010797875651E-24));
#8222=DIRECTION('center_axis',(0.,-1.64489816249957E-6,-0.999999999998647));
#8223=DIRECTION('ref_axis',(1.,0.,0.));
#8224=DIRECTION('center_axis',(0.,-1.64489816249957E-6,-0.999999999998647));
#8225=DIRECTION('ref_axis',(1.,0.,0.));
#8226=DIRECTION('axis',(0.,0.,1.));
#8227=DIRECTION('refdir',(1.,0.,0.));
#8228=DIRECTION('center_axis',(-1.,0.,0.));
#8229=DIRECTION('ref_axis',(0.,0.868997743377997,-0.494816048652374));
#8230=DIRECTION('center_axis',(1.,0.,0.));
#8231=DIRECTION('ref_axis',(0.,0.868997743377997,-0.494816048652374));
#8232=DIRECTION('',(1.,0.,0.));
#8233=DIRECTION('center_axis',(-1.,5.2968655755017E-18,0.));
#8234=DIRECTION('ref_axis',(0.,0.868997743377997,-0.494816048652374));
#8235=DIRECTION('',(-1.,0.,0.));
#8236=DIRECTION('center_axis',(0.,0.510314155992103,-0.859988059332261));
#8237=DIRECTION('ref_axis',(0.,0.859988059332261,0.510314155992103));
#8238=DIRECTION('',(0.,-0.859988059332261,-0.510314155992103));
#8239=DIRECTION('',(-1.,0.,0.));
#8240=DIRECTION('center_axis',(0.,0.510314155992103,-0.859988059332261));
#8241=DIRECTION('ref_axis',(-7.95648786977817E-17,-0.859988059332261,-0.510314155992103));
#8242=DIRECTION('',(4.55524114681956E-18,0.859988059332261,0.510314155992103));
#8243=DIRECTION('center_axis',(1.,-5.2968655755017E-18,0.));
#8244=DIRECTION('ref_axis',(5.2968655755017E-18,1.,0.));
#8245=DIRECTION('',(0.,0.,1.));
#8246=DIRECTION('center_axis',(-1.,5.2968655755017E-18,0.));
#8247=DIRECTION('ref_axis',(0.,-1.,0.));
#8248=DIRECTION('center_axis',(-1.,5.2968655755017E-18,0.));
#8249=DIRECTION('ref_axis',(0.,-1.,0.));
#8250=DIRECTION('',(0.,0.,1.));
#8251=DIRECTION('',(-4.55524114681956E-18,-0.859988059332261,0.510314155992103));
#8252=DIRECTION('center_axis',(-1.,5.2968655755017E-18,0.));
#8253=DIRECTION('ref_axis',(0.,0.868997743377997,0.494816048652374));
#8254=DIRECTION('',(0.,0.,1.));
#8255=DIRECTION('center_axis',(-1.,0.,0.));
#8256=DIRECTION('ref_axis',(0.,0.868997743377997,-0.494816048652374));
#8257=DIRECTION('center_axis',(1.,2.11874623020068E-17,0.));
#8258=DIRECTION('ref_axis',(0.,0.868997743377997,-0.494816048652374));
#8259=DIRECTION('',(1.,0.,0.));
#8260=DIRECTION('center_axis',(-1.,0.,0.));
#8261=DIRECTION('ref_axis',(0.,0.868997743377997,-0.494816048652374));
#8262=DIRECTION('',(-1.,0.,0.));
#8263=DIRECTION('center_axis',(0.,0.510314155992103,-0.859988059332261));
#8264=DIRECTION('ref_axis',(0.,0.859988059332261,0.510314155992103));
#8265=DIRECTION('',(1.82209645872783E-17,-0.859988059332261,-0.510314155992103));
#8266=DIRECTION('center_axis',(0.,0.510314155992103,-0.859988059332261));
#8267=DIRECTION('ref_axis',(-1.59129757395563E-16,-0.859988059332261,-0.510314155992103));
#8268=DIRECTION('',(-1.,0.,0.));
#8269=DIRECTION('',(0.,0.859988059332261,0.510314155992103));
#8270=DIRECTION('center_axis',(1.,0.,0.));
#8271=DIRECTION('ref_axis',(0.,1.,0.));
#8272=DIRECTION('',(0.,1.,0.));
#8273=DIRECTION('',(0.,0.,1.));
#8274=DIRECTION('',(0.,1.,0.));
#8275=DIRECTION('',(0.,-0.859988059332261,0.510314155992103));
#8276=DIRECTION('center_axis',(-1.,0.,0.));
#8277=DIRECTION('ref_axis',(0.,0.868997743377997,0.494816048652374));
#8278=DIRECTION('',(0.,0.,1.));
#8279=DIRECTION('center_axis',(-1.,0.,0.));
#8280=DIRECTION('ref_axis',(0.,-1.,0.));
#8281=DIRECTION('center_axis',(1.,0.,0.));
#8282=DIRECTION('ref_axis',(0.,0.868997743377997,0.494816048652374));
#8283=DIRECTION('',(-1.,0.,0.));
#8284=DIRECTION('center_axis',(1.,2.11874623020068E-17,0.));
#8285=DIRECTION('ref_axis',(0.,0.868997743377997,0.494816048652374));
#8286=DIRECTION('',(1.,0.,0.));
#8287=DIRECTION('center_axis',(0.,0.510314155992103,0.859988059332261));
#8288=DIRECTION('ref_axis',(0.,-0.859988059332261,0.510314155992103));
#8289=DIRECTION('',(1.,0.,0.));
#8290=DIRECTION('center_axis',(0.,0.510314155992103,0.859988059332261));
#8291=DIRECTION('ref_axis',(-1.59129757395563E-16,-0.859988059332261,0.510314155992103));
#8292=DIRECTION('',(-1.82209645872783E-17,0.859988059332261,-0.510314155992103));
#8293=DIRECTION('center_axis',(1.,0.,0.));
#8294=DIRECTION('ref_axis',(0.,0.868997743377997,0.494816048652374));
#8295=DIRECTION('',(-1.,0.,0.));
#8296=DIRECTION('center_axis',(1.,0.,0.));
#8297=DIRECTION('ref_axis',(0.,0.868997743377997,0.494816048652374));
#8298=DIRECTION('',(1.,0.,0.));
#8299=DIRECTION('center_axis',(0.,0.510314155992103,0.859988059332261));
#8300=DIRECTION('ref_axis',(0.,-0.859988059332261,0.510314155992103));
#8301=DIRECTION('center_axis',(0.,0.510314155992103,0.859988059332261));
#8302=DIRECTION('ref_axis',(-7.95648786977817E-17,-0.859988059332261,0.510314155992103));
#8303=DIRECTION('',(1.,0.,0.));
#8304=DIRECTION('',(0.,0.859988059332261,-0.510314155992103));
#8305=DIRECTION('center_axis',(-1.,0.,0.));
#8306=DIRECTION('ref_axis',(0.,-1.,0.));
#8307=DIRECTION('',(1.,0.,0.));
#8308=DIRECTION('center_axis',(1.,2.11874623020068E-17,0.));
#8309=DIRECTION('ref_axis',(0.,-1.,0.));
#8310=DIRECTION('center_axis',(1.,2.11874623020068E-17,0.));
#8311=DIRECTION('ref_axis',(0.,-1.,0.));
#8312=DIRECTION('center_axis',(-1.,0.,0.));
#8313=DIRECTION('ref_axis',(0.,-1.,0.));
#8314=DIRECTION('',(1.,0.,0.));
#8315=DIRECTION('center_axis',(1.,0.,0.));
#8316=DIRECTION('ref_axis',(0.,-1.,0.));
#8317=DIRECTION('center_axis',(-1.,-2.11874623020068E-17,0.));
#8318=DIRECTION('ref_axis',(2.11874623020068E-17,-1.,0.));
#8319=DIRECTION('',(0.,0.,1.));
#8320=DIRECTION('',(0.,0.,-1.));
#8321=DIRECTION('',(0.,0.,-1.));
#8322=DIRECTION('center_axis',(0.,-1.,0.));
#8323=DIRECTION('ref_axis',(1.,0.,0.));
#8324=DIRECTION('',(0.,0.,1.));
#8325=DIRECTION('center_axis',(0.,0.,-1.));
#8326=DIRECTION('ref_axis',(-0.86399008862338,-0.503508814978014,0.));
#8327=DIRECTION('center_axis',(0.,0.,-1.));
#8328=DIRECTION('ref_axis',(-0.86399008862338,-0.503508814978014,0.));
#8329=DIRECTION('',(0.,0.,-1.));
#8330=DIRECTION('center_axis',(0.,0.,1.));
#8331=DIRECTION('ref_axis',(-0.86399008862338,-0.503508814978014,0.));
#8332=DIRECTION('center_axis',(0.,0.,1.));
#8333=DIRECTION('ref_axis',(1.,0.,0.));
#8334=DIRECTION('center_axis',(0.,0.,-1.));
#8335=DIRECTION('ref_axis',(0.86399008862338,-0.503508814978014,0.));
#8336=DIRECTION('center_axis',(0.,0.,1.));
#8337=DIRECTION('ref_axis',(1.,0.,0.));
#8338=DIRECTION('',(0.,-1.,0.));
#8339=DIRECTION('center_axis',(0.,0.,1.));
#8340=DIRECTION('ref_axis',(1.,0.,0.));
#8341=DIRECTION('center_axis',(0.,0.,-1.));
#8342=DIRECTION('ref_axis',(0.86399008862338,-0.503508814978014,0.));
#8343=DIRECTION('center_axis',(0.,0.,1.));
#8344=DIRECTION('ref_axis',(0.86399008862338,-0.503508814978014,0.));
#8345=DIRECTION('',(0.,0.,1.));
#8346=DIRECTION('center_axis',(0.,0.,-1.));
#8347=DIRECTION('ref_axis',(6.12323399573677E-17,-1.,0.));
#8348=DIRECTION('center_axis',(0.,0.,1.));
#8349=DIRECTION('ref_axis',(1.,0.,0.));
#8350=DIRECTION('center_axis',(0.,-1.,0.));
#8351=DIRECTION('ref_axis',(1.,0.,0.));
#8352=DIRECTION('center_axis',(0.,0.,-1.));
#8353=DIRECTION('ref_axis',(1.,0.,0.));
#8354=DIRECTION('',(0.,0.,1.));
#8355=DIRECTION('center_axis',(0.,0.,-1.));
#8356=DIRECTION('ref_axis',(1.,0.,0.));
#8357=DIRECTION('center_axis',(-1.,0.,0.));
#8358=DIRECTION('ref_axis',(0.,-1.,0.));
#8359=DIRECTION('',(0.,-1.,0.));
#8360=DIRECTION('center_axis',(0.,0.,1.));
#8361=DIRECTION('ref_axis',(1.,0.,0.));
#8362=DIRECTION('axis',(0.,0.,1.));
#8363=DIRECTION('refdir',(1.,0.,0.));
#8364=DIRECTION('center_axis',(-1.,0.,0.));
#8365=DIRECTION('ref_axis',(0.,0.868997743377997,-0.494816048652374));
#8366=DIRECTION('center_axis',(1.,0.,0.));
#8367=DIRECTION('ref_axis',(0.,0.868997743377997,-0.494816048652374));
#8368=DIRECTION('',(1.,0.,0.));
#8369=DIRECTION('center_axis',(-1.,5.2968655755017E-18,0.));
#8370=DIRECTION('ref_axis',(0.,0.868997743377997,-0.494816048652374));
#8371=DIRECTION('',(-1.,0.,0.));
#8372=DIRECTION('center_axis',(0.,0.510314155992103,-0.859988059332261));
#8373=DIRECTION('ref_axis',(0.,0.859988059332261,0.510314155992103));
#8374=DIRECTION('',(0.,-0.859988059332261,-0.510314155992103));
#8375=DIRECTION('',(-1.,0.,0.));
#8376=DIRECTION('center_axis',(0.,0.510314155992103,-0.859988059332261));
#8377=DIRECTION('ref_axis',(-7.95648786977817E-17,-0.859988059332261,-0.510314155992103));
#8378=DIRECTION('',(4.55524114681956E-18,0.859988059332261,0.510314155992103));
#8379=DIRECTION('center_axis',(1.,-5.2968655755017E-18,0.));
#8380=DIRECTION('ref_axis',(5.2968655755017E-18,1.,0.));
#8381=DIRECTION('',(0.,0.,1.));
#8382=DIRECTION('center_axis',(-1.,5.2968655755017E-18,0.));
#8383=DIRECTION('ref_axis',(0.,-1.,0.));
#8384=DIRECTION('center_axis',(-1.,5.2968655755017E-18,0.));
#8385=DIRECTION('ref_axis',(0.,-1.,0.));
#8386=DIRECTION('',(0.,0.,1.));
#8387=DIRECTION('',(-4.55524114681956E-18,-0.859988059332261,0.510314155992103));
#8388=DIRECTION('center_axis',(-1.,5.2968655755017E-18,0.));
#8389=DIRECTION('ref_axis',(0.,0.868997743377997,0.494816048652374));
#8390=DIRECTION('',(0.,0.,1.));
#8391=DIRECTION('center_axis',(-1.,0.,0.));
#8392=DIRECTION('ref_axis',(0.,0.868997743377997,-0.494816048652374));
#8393=DIRECTION('center_axis',(1.,2.11874623020068E-17,0.));
#8394=DIRECTION('ref_axis',(0.,0.868997743377997,-0.494816048652374));
#8395=DIRECTION('',(1.,0.,0.));
#8396=DIRECTION('center_axis',(-1.,0.,0.));
#8397=DIRECTION('ref_axis',(0.,0.868997743377997,-0.494816048652374));
#8398=DIRECTION('',(-1.,0.,0.));
#8399=DIRECTION('center_axis',(0.,0.510314155992103,-0.859988059332261));
#8400=DIRECTION('ref_axis',(0.,0.859988059332261,0.510314155992103));
#8401=DIRECTION('',(1.82209645872783E-17,-0.859988059332261,-0.510314155992103));
#8402=DIRECTION('center_axis',(0.,0.510314155992103,-0.859988059332261));
#8403=DIRECTION('ref_axis',(-1.59129757395563E-16,-0.859988059332261,-0.510314155992103));
#8404=DIRECTION('',(-1.,0.,0.));
#8405=DIRECTION('',(0.,0.859988059332261,0.510314155992103));
#8406=DIRECTION('center_axis',(1.,0.,0.));
#8407=DIRECTION('ref_axis',(0.,1.,0.));
#8408=DIRECTION('',(0.,1.,0.));
#8409=DIRECTION('',(0.,0.,1.));
#8410=DIRECTION('',(0.,1.,0.));
#8411=DIRECTION('',(0.,-0.859988059332261,0.510314155992103));
#8412=DIRECTION('center_axis',(-1.,0.,0.));
#8413=DIRECTION('ref_axis',(0.,0.868997743377997,0.494816048652374));
#8414=DIRECTION('',(0.,0.,1.));
#8415=DIRECTION('center_axis',(-1.,0.,0.));
#8416=DIRECTION('ref_axis',(0.,-1.,0.));
#8417=DIRECTION('center_axis',(1.,0.,0.));
#8418=DIRECTION('ref_axis',(0.,0.868997743377997,0.494816048652374));
#8419=DIRECTION('',(-1.,0.,0.));
#8420=DIRECTION('center_axis',(1.,2.11874623020068E-17,0.));
#8421=DIRECTION('ref_axis',(0.,0.868997743377997,0.494816048652374));
#8422=DIRECTION('',(1.,0.,0.));
#8423=DIRECTION('center_axis',(0.,0.510314155992103,0.859988059332261));
#8424=DIRECTION('ref_axis',(0.,-0.859988059332261,0.510314155992103));
#8425=DIRECTION('',(1.,0.,0.));
#8426=DIRECTION('center_axis',(0.,0.510314155992103,0.859988059332261));
#8427=DIRECTION('ref_axis',(-1.59129757395563E-16,-0.859988059332261,0.510314155992103));
#8428=DIRECTION('',(-1.82209645872783E-17,0.859988059332261,-0.510314155992103));
#8429=DIRECTION('center_axis',(1.,0.,0.));
#8430=DIRECTION('ref_axis',(0.,0.868997743377997,0.494816048652374));
#8431=DIRECTION('',(-1.,0.,0.));
#8432=DIRECTION('center_axis',(1.,0.,0.));
#8433=DIRECTION('ref_axis',(0.,0.868997743377997,0.494816048652374));
#8434=DIRECTION('',(1.,0.,0.));
#8435=DIRECTION('center_axis',(0.,0.510314155992103,0.859988059332261));
#8436=DIRECTION('ref_axis',(0.,-0.859988059332261,0.510314155992103));
#8437=DIRECTION('center_axis',(0.,0.510314155992103,0.859988059332261));
#8438=DIRECTION('ref_axis',(-7.95648786977817E-17,-0.859988059332261,0.510314155992103));
#8439=DIRECTION('',(1.,0.,0.));
#8440=DIRECTION('',(0.,0.859988059332261,-0.510314155992103));
#8441=DIRECTION('center_axis',(-1.,0.,0.));
#8442=DIRECTION('ref_axis',(0.,-1.,0.));
#8443=DIRECTION('',(1.,0.,0.));
#8444=DIRECTION('center_axis',(1.,2.11874623020068E-17,0.));
#8445=DIRECTION('ref_axis',(0.,-1.,0.));
#8446=DIRECTION('center_axis',(1.,2.11874623020068E-17,0.));
#8447=DIRECTION('ref_axis',(0.,-1.,0.));
#8448=DIRECTION('center_axis',(-1.,0.,0.));
#8449=DIRECTION('ref_axis',(0.,-1.,0.));
#8450=DIRECTION('',(1.,0.,0.));
#8451=DIRECTION('center_axis',(1.,0.,0.));
#8452=DIRECTION('ref_axis',(0.,-1.,0.));
#8453=DIRECTION('center_axis',(-1.,-2.11874623020068E-17,0.));
#8454=DIRECTION('ref_axis',(2.11874623020068E-17,-1.,0.));
#8455=DIRECTION('',(0.,0.,1.));
#8456=DIRECTION('',(0.,0.,-1.));
#8457=DIRECTION('',(0.,0.,-1.));
#8458=DIRECTION('center_axis',(0.,-1.,0.));
#8459=DIRECTION('ref_axis',(1.,0.,0.));
#8460=DIRECTION('',(0.,0.,1.));
#8461=DIRECTION('center_axis',(0.,0.,-1.));
#8462=DIRECTION('ref_axis',(-0.86399008862338,-0.503508814978014,0.));
#8463=DIRECTION('center_axis',(0.,0.,-1.));
#8464=DIRECTION('ref_axis',(-0.86399008862338,-0.503508814978014,0.));
#8465=DIRECTION('',(0.,0.,-1.));
#8466=DIRECTION('center_axis',(0.,0.,1.));
#8467=DIRECTION('ref_axis',(-0.86399008862338,-0.503508814978014,0.));
#8468=DIRECTION('center_axis',(0.,0.,1.));
#8469=DIRECTION('ref_axis',(1.,0.,0.));
#8470=DIRECTION('center_axis',(0.,0.,-1.));
#8471=DIRECTION('ref_axis',(0.86399008862338,-0.503508814978014,0.));
#8472=DIRECTION('center_axis',(0.,0.,1.));
#8473=DIRECTION('ref_axis',(1.,0.,0.));
#8474=DIRECTION('',(0.,-1.,0.));
#8475=DIRECTION('center_axis',(0.,0.,1.));
#8476=DIRECTION('ref_axis',(1.,0.,0.));
#8477=DIRECTION('center_axis',(0.,0.,-1.));
#8478=DIRECTION('ref_axis',(0.86399008862338,-0.503508814978014,0.));
#8479=DIRECTION('center_axis',(0.,0.,1.));
#8480=DIRECTION('ref_axis',(0.86399008862338,-0.503508814978014,0.));
#8481=DIRECTION('',(0.,0.,1.));
#8482=DIRECTION('center_axis',(0.,0.,-1.));
#8483=DIRECTION('ref_axis',(6.12323399573677E-17,-1.,0.));
#8484=DIRECTION('center_axis',(0.,0.,1.));
#8485=DIRECTION('ref_axis',(1.,0.,0.));
#8486=DIRECTION('center_axis',(0.,-1.,0.));
#8487=DIRECTION('ref_axis',(1.,0.,0.));
#8488=DIRECTION('center_axis',(0.,0.,-1.));
#8489=DIRECTION('ref_axis',(1.,0.,0.));
#8490=DIRECTION('',(0.,0.,1.));
#8491=DIRECTION('center_axis',(0.,0.,-1.));
#8492=DIRECTION('ref_axis',(1.,0.,0.));
#8493=DIRECTION('center_axis',(-1.,0.,0.));
#8494=DIRECTION('ref_axis',(0.,-1.,0.));
#8495=DIRECTION('',(0.,-1.,0.));
#8496=DIRECTION('center_axis',(0.,0.,1.));
#8497=DIRECTION('ref_axis',(1.,0.,0.));
#8498=DIRECTION('axis',(0.,0.,1.));
#8499=DIRECTION('refdir',(1.,0.,0.));
#8500=DIRECTION('center_axis',(1.,0.,0.));
#8501=DIRECTION('ref_axis',(0.,0.868997743377997,0.494816048652374));
#8502=DIRECTION('center_axis',(-1.,0.,0.));
#8503=DIRECTION('ref_axis',(0.,0.868997743377997,0.494816048652374));
#8504=DIRECTION('',(-1.,0.,0.));
#8505=DIRECTION('center_axis',(1.,-5.2968655755017E-18,0.));
#8506=DIRECTION('ref_axis',(0.,0.868997743377997,0.494816048652374));
#8507=DIRECTION('',(1.,0.,0.));
#8508=DIRECTION('center_axis',(0.,-0.510314155992103,-0.859988059332261));
#8509=DIRECTION('ref_axis',(0.,0.859988059332261,-0.510314155992103));
#8510=DIRECTION('',(4.55524114681956E-18,0.859988059332261,-0.510314155992103));
#8511=DIRECTION('center_axis',(0.,-0.510314155992103,-0.859988059332261));
#8512=DIRECTION('ref_axis',(-7.95648786977817E-17,-0.859988059332261,0.510314155992103));
#8513=DIRECTION('',(-1.,0.,0.));
#8514=DIRECTION('',(0.,-0.859988059332261,0.510314155992103));
#8515=DIRECTION('center_axis',(-1.,5.2968655755017E-18,0.));
#8516=DIRECTION('ref_axis',(5.2968655755017E-18,1.,0.));
#8517=DIRECTION('',(0.,0.,-1.));
#8518=DIRECTION('center_axis',(1.,-5.2968655755017E-18,0.));
#8519=DIRECTION('ref_axis',(0.,0.868997743377997,-0.494816048652374));
#8520=DIRECTION('',(-4.55524114681956E-18,-0.859988059332261,-0.510314155992103));
#8521=DIRECTION('',(0.,0.,-1.));
#8522=DIRECTION('center_axis',(1.,-5.2968655755017E-18,0.));
#8523=DIRECTION('ref_axis',(0.,-1.,0.));
#8524=DIRECTION('center_axis',(1.,-5.2968655755017E-18,0.));
#8525=DIRECTION('ref_axis',(0.,-1.,0.));
#8526=DIRECTION('',(0.,0.,-1.));
#8527=DIRECTION('center_axis',(1.,0.,0.));
#8528=DIRECTION('ref_axis',(0.,0.868997743377997,0.494816048652374));
#8529=DIRECTION('center_axis',(-1.,-2.11874623020068E-17,0.));
#8530=DIRECTION('ref_axis',(0.,0.868997743377997,0.494816048652374));
#8531=DIRECTION('',(-1.,0.,0.));
#8532=DIRECTION('center_axis',(1.,0.,0.));
#8533=DIRECTION('ref_axis',(0.,0.868997743377997,0.494816048652374));
#8534=DIRECTION('',(1.,0.,0.));
#8535=DIRECTION('center_axis',(0.,-0.510314155992103,-0.859988059332261));
#8536=DIRECTION('ref_axis',(0.,0.859988059332261,-0.510314155992103));
#8537=DIRECTION('',(0.,0.859988059332261,-0.510314155992103));
#8538=DIRECTION('',(-1.,0.,0.));
#8539=DIRECTION('center_axis',(0.,-0.510314155992103,-0.859988059332261));
#8540=DIRECTION('ref_axis',(-1.59129757395563E-16,-0.859988059332261,0.510314155992103));
#8541=DIRECTION('',(1.82209645872783E-17,-0.859988059332261,0.510314155992103));
#8542=DIRECTION('center_axis',(-1.,0.,0.));
#8543=DIRECTION('ref_axis',(0.,1.,0.));
#8544=DIRECTION('',(0.,0.,-1.));
#8545=DIRECTION('center_axis',(1.,0.,0.));
#8546=DIRECTION('ref_axis',(0.,0.868997743377997,-0.494816048652374));
#8547=DIRECTION('',(0.,-0.859988059332261,-0.510314155992103));
#8548=DIRECTION('',(0.,1.,0.));
#8549=DIRECTION('',(0.,0.,-1.));
#8550=DIRECTION('',(0.,1.,0.));
#8551=DIRECTION('center_axis',(1.,0.,0.));
#8552=DIRECTION('ref_axis',(0.,-1.,0.));
#8553=DIRECTION('center_axis',(-1.,0.,0.));
#8554=DIRECTION('ref_axis',(0.,0.868997743377997,-0.494816048652374));
#8555=DIRECTION('',(1.,0.,0.));
#8556=DIRECTION('center_axis',(-1.,-2.11874623020068E-17,0.));
#8557=DIRECTION('ref_axis',(0.,0.868997743377997,-0.494816048652374));
#8558=DIRECTION('',(-1.,0.,0.));
#8559=DIRECTION('center_axis',(0.,-0.510314155992103,0.859988059332261));
#8560=DIRECTION('ref_axis',(0.,-0.859988059332261,-0.510314155992103));
#8561=DIRECTION('',(-1.82209645872783E-17,0.859988059332261,0.510314155992103));
#8562=DIRECTION('center_axis',(0.,-0.510314155992103,0.859988059332261));
#8563=DIRECTION('ref_axis',(-1.59129757395563E-16,-0.859988059332261,-0.510314155992103));
#8564=DIRECTION('',(1.,0.,0.));
#8565=DIRECTION('center_axis',(-1.,0.,0.));
#8566=DIRECTION('ref_axis',(0.,0.868997743377997,-0.494816048652374));
#8567=DIRECTION('',(1.,0.,0.));
#8568=DIRECTION('center_axis',(-1.,0.,0.));
#8569=DIRECTION('ref_axis',(0.,0.868997743377997,-0.494816048652374));
#8570=DIRECTION('',(-1.,0.,0.));
#8571=DIRECTION('center_axis',(0.,-0.510314155992103,0.859988059332261));
#8572=DIRECTION('ref_axis',(0.,-0.859988059332261,-0.510314155992103));
#8573=DIRECTION('',(0.,0.859988059332261,0.510314155992103));
#8574=DIRECTION('',(1.,0.,0.));
#8575=DIRECTION('center_axis',(0.,-0.510314155992103,0.859988059332261));
#8576=DIRECTION('ref_axis',(-7.95648786977817E-17,-0.859988059332261,-0.510314155992103));
#8577=DIRECTION('center_axis',(1.,0.,0.));
#8578=DIRECTION('ref_axis',(0.,-1.,0.));
#8579=DIRECTION('',(1.,0.,0.));
#8580=DIRECTION('center_axis',(-1.,-2.11874623020068E-17,0.));
#8581=DIRECTION('ref_axis',(0.,-1.,0.));
#8582=DIRECTION('center_axis',(-1.,-2.11874623020068E-17,0.));
#8583=DIRECTION('ref_axis',(0.,-1.,0.));
#8584=DIRECTION('center_axis',(1.,0.,0.));
#8585=DIRECTION('ref_axis',(0.,-1.,0.));
#8586=DIRECTION('',(1.,0.,0.));
#8587=DIRECTION('center_axis',(-1.,0.,0.));
#8588=DIRECTION('ref_axis',(0.,-1.,0.));
#8589=DIRECTION('center_axis',(1.,2.11874623020068E-17,0.));
#8590=DIRECTION('ref_axis',(2.11874623020068E-17,-1.,0.));
#8591=DIRECTION('',(0.,0.,1.));
#8592=DIRECTION('',(0.,0.,1.));
#8593=DIRECTION('',(0.,0.,-1.));
#8594=DIRECTION('center_axis',(0.,1.,0.));
#8595=DIRECTION('ref_axis',(1.,0.,0.));
#8596=DIRECTION('',(0.,0.,-1.));
#8597=DIRECTION('center_axis',(0.,0.,-1.));
#8598=DIRECTION('ref_axis',(-0.86399008862338,-0.503508814978014,0.));
#8599=DIRECTION('center_axis',(0.,0.,1.));
#8600=DIRECTION('ref_axis',(-0.86399008862338,-0.503508814978014,0.));
#8601=DIRECTION('',(0.,0.,1.));
#8602=DIRECTION('center_axis',(0.,0.,-1.));
#8603=DIRECTION('ref_axis',(-0.86399008862338,-0.503508814978014,0.));
#8604=DIRECTION('center_axis',(0.,0.,1.));
#8605=DIRECTION('ref_axis',(1.,0.,0.));
#8606=DIRECTION('center_axis',(0.,0.,1.));
#8607=DIRECTION('ref_axis',(1.,0.,0.));
#8608=DIRECTION('',(0.,-1.,0.));
#8609=DIRECTION('center_axis',(0.,0.,1.));
#8610=DIRECTION('ref_axis',(1.,0.,0.));
#8611=DIRECTION('center_axis',(0.,0.,-1.));
#8612=DIRECTION('ref_axis',(0.86399008862338,-0.503508814978014,0.));
#8613=DIRECTION('center_axis',(0.,0.,-1.));
#8614=DIRECTION('ref_axis',(0.86399008862338,-0.503508814978014,0.));
#8615=DIRECTION('',(0.,0.,-1.));
#8616=DIRECTION('center_axis',(0.,0.,1.));
#8617=DIRECTION('ref_axis',(0.86399008862338,-0.503508814978014,0.));
#8618=DIRECTION('center_axis',(0.,0.,-1.));
#8619=DIRECTION('ref_axis',(6.12323399573677E-17,-1.,0.));
#8620=DIRECTION('center_axis',(0.,0.,1.));
#8621=DIRECTION('ref_axis',(1.,0.,0.));
#8622=DIRECTION('center_axis',(0.,1.,0.));
#8623=DIRECTION('ref_axis',(1.,0.,0.));
#8624=DIRECTION('center_axis',(0.,0.,-1.));
#8625=DIRECTION('ref_axis',(1.,0.,0.));
#8626=DIRECTION('center_axis',(0.,0.,-1.));
#8627=DIRECTION('ref_axis',(1.,0.,0.));
#8628=DIRECTION('',(0.,0.,-1.));
#8629=DIRECTION('center_axis',(1.,0.,0.));
#8630=DIRECTION('ref_axis',(0.,-1.,0.));
#8631=DIRECTION('',(0.,-1.,0.));
#8632=DIRECTION('center_axis',(0.,0.,1.));
#8633=DIRECTION('ref_axis',(1.,0.,0.));
#8634=DIRECTION('axis',(0.,0.,1.));
#8635=DIRECTION('refdir',(1.,0.,0.));
#8636=DIRECTION('center_axis',(-1.,-1.35248533827961E-48,-1.42863007182308E-71));
#8637=DIRECTION('ref_axis',(1.35248533827961E-48,-1.,0.));
#8638=DIRECTION('center_axis',(-1.,-1.35248533827961E-48,-1.42863007182308E-71));
#8639=DIRECTION('ref_axis',(0.,-1.,0.));
#8640=DIRECTION('center_axis',(-1.,-1.35248533827961E-48,-1.42863007182308E-71));
#8641=DIRECTION('ref_axis',(1.35248533827961E-48,-1.,0.));
#8642=DIRECTION('center_axis',(-1.,-1.35248533827961E-48,-1.42863007182308E-71));
#8643=DIRECTION('ref_axis',(1.35248533827961E-48,-1.,0.));
#8644=DIRECTION('center_axis',(1.,0.,0.));
#8645=DIRECTION('ref_axis',(0.,-1.,0.));
#8646=DIRECTION('',(-1.,0.,0.));
#8647=DIRECTION('center_axis',(-1.,4.37905770101505E-47,-1.33350326920179E-61));
#8648=DIRECTION('ref_axis',(-4.37905770101505E-47,-1.,0.));
#8649=DIRECTION('center_axis',(-1.,4.37905770101505E-47,-1.33350326920179E-61));
#8650=DIRECTION('ref_axis',(0.,-1.,0.));
#8651=DIRECTION('center_axis',(-1.,4.37905770101505E-47,-1.33350326920179E-61));
#8652=DIRECTION('ref_axis',(-4.37905770101505E-47,-1.,0.));
#8653=DIRECTION('center_axis',(-1.,4.37905770101505E-47,-1.33350326920179E-61));
#8654=DIRECTION('ref_axis',(-4.37905770101505E-47,-1.,0.));
#8655=DIRECTION('center_axis',(1.,0.,0.));
#8656=DIRECTION('ref_axis',(0.,-1.,0.));
#8657=DIRECTION('',(-1.,0.,0.));
#8658=DIRECTION('center_axis',(-1.,-1.35248550141222E-48,-1.42863024414004E-71));
#8659=DIRECTION('ref_axis',(1.35248550141222E-48,-1.,0.));
#8660=DIRECTION('center_axis',(-1.,-1.35248550141222E-48,-1.42863024414004E-71));
#8661=DIRECTION('ref_axis',(0.,-1.,0.));
#8662=DIRECTION('center_axis',(-1.,-1.35248550141222E-48,-1.42863024414004E-71));
#8663=DIRECTION('ref_axis',(1.35248550141222E-48,-1.,0.));
#8664=DIRECTION('center_axis',(-1.,-1.35248550141222E-48,-1.42863024414004E-71));
#8665=DIRECTION('ref_axis',(1.35248550141222E-48,-1.,0.));
#8666=DIRECTION('center_axis',(1.,0.,0.));
#8667=DIRECTION('ref_axis',(0.,-1.,0.));
#8668=DIRECTION('',(-1.,0.,0.));
#8669=DIRECTION('center_axis',(-1.,-4.37905770101505E-47,1.33350326920179E-61));
#8670=DIRECTION('ref_axis',(4.37905770101505E-47,-1.,0.));
#8671=DIRECTION('center_axis',(-1.,-4.37905770101505E-47,1.33350326920179E-61));
#8672=DIRECTION('ref_axis',(0.,-1.,0.));
#8673=DIRECTION('center_axis',(-1.,-4.37905770101505E-47,1.33350326920179E-61));
#8674=DIRECTION('ref_axis',(4.37905770101505E-47,-1.,0.));
#8675=DIRECTION('center_axis',(-1.,-4.37905770101505E-47,1.33350326920179E-61));
#8676=DIRECTION('ref_axis',(4.37905770101505E-47,-1.,0.));
#8677=DIRECTION('center_axis',(1.,0.,0.));
#8678=DIRECTION('ref_axis',(0.,-1.,0.));
#8679=DIRECTION('',(-1.,0.,0.));
#8680=DIRECTION('axis',(0.,0.,1.));
#8681=DIRECTION('refdir',(1.,0.,0.));
#8682=DIRECTION('center_axis',(-1.,-3.11384583391621E-32,8.05391474214852E-17));
#8683=DIRECTION('ref_axis',(3.11384574884272E-32,-1.,-1.05629985877727E-23));
#8684=DIRECTION('',(-2.05126752137664E-30,-1.,-2.58299483039927E-14));
#8685=DIRECTION('center_axis',(-1.,-2.87347670553114E-32,8.05391474214852E-17));
#8686=DIRECTION('ref_axis',(-8.05391474214852E-17,1.05629985877727E-23,
-1.));
#8687=DIRECTION('',(8.05391474214852E-17,-1.05629985877727E-23,1.));
#8688=DIRECTION('center_axis',(1.,3.11384583391621E-32,-8.05391474214852E-17));
#8689=DIRECTION('ref_axis',(8.05391474214852E-17,-2.77555766719288E-16,
1.));
#8690=DIRECTION('',(8.78435352567399E-33,-1.,-2.77555766719288E-16));
#8691=DIRECTION('center_axis',(-1.,-2.47601097061377E-32,8.05391474214852E-17));
#8692=DIRECTION('ref_axis',(-8.05391474214852E-17,4.16016642716924E-16,
-1.));
#8693=DIRECTION('center_axis',(1.,3.11384583391621E-32,-8.05391474214852E-17));
#8694=DIRECTION('ref_axis',(1.3569750437079E-32,1.,5.55111522875575E-16));
#8695=DIRECTION('',(8.05391474214852E-17,-3.12974909853199E-16,1.));
#8696=DIRECTION('center_axis',(-1.,-3.11384583391621E-32,8.05391474214852E-17));
#8697=DIRECTION('ref_axis',(3.11384574884272E-32,-1.,-1.05629985877727E-23));
#8698=DIRECTION('',(-3.11384574884272E-32,1.,1.05629985877727E-23));
#8699=DIRECTION('center_axis',(-1.,-3.11384583391621E-32,8.05391474214852E-17));
#8700=DIRECTION('ref_axis',(8.05391474214852E-17,-1.05629985877727E-23,
1.));
#8701=DIRECTION('',(-6.50039648113431E-17,0.590400860943268,-0.80711016806719));
#8702=DIRECTION('center_axis',(1.,3.11384583391621E-32,-8.05391474214852E-17));
#8703=DIRECTION('ref_axis',(-8.05391474214852E-17,-5.48339151861307E-12,
-1.));
#8704=DIRECTION('',(2.7126773292742E-32,1.,7.23439886034363E-16));
#8705=DIRECTION('',(-8.05391474214852E-17,-1.77635682883725E-15,-1.));
#8706=DIRECTION('',(-8.05391474214687E-17,6.39683968017677E-7,-0.999999999999795));
#8707=DIRECTION('',(-8.05391474214687E-17,-1.46213307467734E-6,-0.999999999998931));
#8708=DIRECTION('',(-8.05391474214852E-17,-8.22449104883694E-7,-0.999999999999662));
#8709=DIRECTION('',(2.71267732927419E-32,-0.999999999999662,8.2244910738349E-7));
#8710=DIRECTION('center_axis',(-1.,6.62393498791011E-23,8.0539147421458E-17));
#8711=DIRECTION('ref_axis',(-8.05391474214852E-17,-8.22443623268532E-7,
-0.999999999999662));
#8712=DIRECTION('',(-6.50039648113431E-17,-0.590401524750105,-0.807109682492257));
#8713=DIRECTION('center_axis',(1.,-6.62393498791011E-23,-8.0539147421458E-17));
#8714=DIRECTION('ref_axis',(8.05391474214852E-17,8.22449106660051E-7,0.999999999999662));
#8715=DIRECTION('',(-3.11384574884271E-32,-0.999999999999662,8.2244910666005E-7));
#8716=DIRECTION('center_axis',(1.,-6.62393498791011E-23,-8.0539147421458E-17));
#8717=DIRECTION('ref_axis',(3.11384574884271E-32,0.999999999999662,-8.2244910666005E-7));
#8718=DIRECTION('',(8.05391474214852E-17,8.22449106973025E-7,0.999999999999662));
#8719=DIRECTION('center_axis',(-1.,6.62393498791011E-23,8.0539147421458E-17));
#8720=DIRECTION('ref_axis',(1.3569750437079E-32,-0.999999999999662,8.22449107215162E-7));
#8721=DIRECTION('center_axis',(1.,-6.62393498727227E-23,-8.0539147421458E-17));
#8722=DIRECTION('ref_axis',(-8.05391474214852E-17,-8.22449107076067E-7,
-0.999999999999662));
#8723=DIRECTION('',(8.78435352567398E-33,0.999999999999662,-8.22449106937606E-7));
#8724=DIRECTION('center_axis',(-1.,6.62393498791011E-23,8.0539147421458E-17));
#8725=DIRECTION('ref_axis',(8.05391474214852E-17,8.22449106937606E-7,0.999999999999662));
#8726=DIRECTION('',(8.05391474214852E-17,8.22449106660051E-7,0.999999999999662));
#8727=DIRECTION('center_axis',(1.,-6.62393498766974E-23,-8.0539147421458E-17));
#8728=DIRECTION('ref_axis',(-8.05391474214852E-17,-8.22449106660051E-7,
-0.999999999999662));
#8729=DIRECTION('',(-2.05126752137663E-30,0.999999999999662,-8.22449132489999E-7));
#8730=DIRECTION('',(5.9099360116057E-32,-1.,3.47171564041612E-16));
#8731=DIRECTION('center_axis',(1.,3.11384583391621E-32,-8.05391474214852E-17));
#8732=DIRECTION('ref_axis',(-5.82779583625855E-32,-1.,-1.11022303518815E-15));
#8733=DIRECTION('',(-8.05391474214852E-17,7.65671062028657E-16,-1.));
#8734=DIRECTION('center_axis',(1.,3.11384583391621E-32,-8.05391474214852E-17));
#8735=DIRECTION('ref_axis',(-8.05391474214852E-17,1.05629985877727E-23,
-1.));
#8736=DIRECTION('',(-5.31108890367159E-30,1.,-6.55575656605958E-14));
#8737=DIRECTION('center_axis',(1.,3.11384583391621E-32,-8.05391474214852E-17));
#8738=DIRECTION('ref_axis',(3.23376040806394E-29,1.,4.0190073492563E-13));
#8739=DIRECTION('',(8.05391474214852E-17,4.65527999185398E-14,1.));
#8740=DIRECTION('center_axis',(1.,3.11384583391621E-32,-8.05391474214852E-17));
#8741=DIRECTION('ref_axis',(8.05391474214852E-17,-2.04281036541603E-13,
1.));
#8742=DIRECTION('center_axis',(1.,3.11384583391621E-32,-8.05391474214852E-17));
#8743=DIRECTION('ref_axis',(3.11384574884272E-32,-1.,-1.05629985877727E-23));
#8744=DIRECTION('center_axis',(1.,3.11384583391621E-32,-8.05391474214852E-17));
#8745=DIRECTION('ref_axis',(3.11384574884272E-32,-1.,-1.05629985877727E-23));
#8746=DIRECTION('center_axis',(1.,3.11384583391621E-32,-8.05391474214852E-17));
#8747=DIRECTION('ref_axis',(3.11384574884272E-32,-1.,-1.05629985877727E-23));
#8748=DIRECTION('center_axis',(-1.,6.62393498791011E-23,8.0539147421458E-17));
#8749=DIRECTION('ref_axis',(3.11384574884271E-32,0.999999999999662,-8.2244910666005E-7));
#8750=DIRECTION('center_axis',(-1.,6.62393498791011E-23,8.0539147421458E-17));
#8751=DIRECTION('ref_axis',(3.11384574884271E-32,0.999999999999662,-8.2244910666005E-7));
#8752=DIRECTION('center_axis',(-1.,6.62393498791011E-23,8.0539147421458E-17));
#8753=DIRECTION('ref_axis',(3.11384574884271E-32,0.999999999999662,-8.2244910666005E-7));
#8754=DIRECTION('center_axis',(-1.,6.62393498791011E-23,8.0539147421458E-17));
#8755=DIRECTION('ref_axis',(3.11384574884271E-32,0.999999999999662,-8.2244910666005E-7));
#8756=DIRECTION('',(5.9099360116057E-32,0.999999999999662,-8.22449106312879E-7));
#8757=DIRECTION('center_axis',(-1.,6.62393498791011E-23,8.0539147421458E-17));
#8758=DIRECTION('ref_axis',(8.05391474214852E-17,8.22449310941087E-7,0.999999999999662));
#8759=DIRECTION('',(8.05391474214852E-17,8.22449060107251E-7,0.999999999999662));
#8760=DIRECTION('center_axis',(-1.,6.62393498791011E-23,8.0539147421458E-17));
#8761=DIRECTION('ref_axis',(3.23376040806394E-29,-0.999999999999662,8.22449508560785E-7));
#8762=DIRECTION('',(-5.31108890367158E-30,-0.999999999999662,8.22449041102485E-7));
#8763=DIRECTION('center_axis',(-1.,6.62393498791011E-23,8.0539147421458E-17));
#8764=DIRECTION('ref_axis',(-8.05391474214852E-17,-8.22449106660051E-7,
-0.999999999999662));
#8765=DIRECTION('',(-8.05391474214852E-17,-8.22449107425722E-7,-0.999999999999662));
#8766=DIRECTION('center_axis',(-1.,6.62393498791011E-23,8.0539147421458E-17));
#8767=DIRECTION('ref_axis',(-5.82779583625855E-32,0.999999999999662,-8.22449107770274E-7));
#8768=DIRECTION('center_axis',(1.,0.,0.));
#8769=DIRECTION('ref_axis',(0.,8.22449310941087E-7,0.999999999999662));
#8770=DIRECTION('center_axis',(1.,-6.62393498791011E-23,-8.0539147421458E-17));
#8771=DIRECTION('ref_axis',(8.05391474214852E-17,8.22449310941087E-7,0.999999999999662));
#8772=DIRECTION('',(-1.,0.,0.));
#8773=DIRECTION('',(-1.,0.,0.));
#8774=DIRECTION('center_axis',(0.,-0.999999999999662,8.22449060107251E-7));
#8775=DIRECTION('ref_axis',(8.05391474214852E-17,8.22449060107251E-7,0.999999999999662));
#8776=DIRECTION('',(-8.05391474214852E-17,-8.22449060107251E-7,-0.999999999999662));
#8777=DIRECTION('',(-1.,0.,0.));
#8778=DIRECTION('center_axis',(1.,0.,0.));
#8779=DIRECTION('ref_axis',(0.,-0.999999999999662,8.22449508560785E-7));
#8780=DIRECTION('center_axis',(1.,-6.62393498791011E-23,-8.0539147421458E-17));
#8781=DIRECTION('ref_axis',(3.23376040806394E-29,-0.999999999999662,8.22449508560785E-7));
#8782=DIRECTION('',(-1.,0.,0.));
#8783=DIRECTION('center_axis',(0.,-8.22449041102485E-7,-0.999999999999662));
#8784=DIRECTION('ref_axis',(-5.31108890367158E-30,-0.999999999999662,8.22449041102485E-7));
#8785=DIRECTION('',(5.31108890367158E-30,0.999999999999662,-8.22449041102485E-7));
#8786=DIRECTION('',(-1.,0.,0.));
#8787=DIRECTION('center_axis',(1.,0.,0.));
#8788=DIRECTION('ref_axis',(0.,-8.22449106660051E-7,-0.999999999999662));
#8789=DIRECTION('center_axis',(1.,-6.62393498791011E-23,-8.0539147421458E-17));
#8790=DIRECTION('ref_axis',(-8.05391474214852E-17,-8.22449106660051E-7,
-0.999999999999662));
#8791=DIRECTION('',(-1.,0.,0.));
#8792=DIRECTION('center_axis',(0.,0.999999999999662,-8.22449107425722E-7));
#8793=DIRECTION('ref_axis',(-8.05391474214852E-17,-8.22449107425722E-7,
-0.999999999999662));
#8794=DIRECTION('',(8.05391474214852E-17,8.22449107425722E-7,0.999999999999662));
#8795=DIRECTION('',(-1.,0.,0.));
#8796=DIRECTION('center_axis',(1.,0.,0.));
#8797=DIRECTION('ref_axis',(0.,0.999999999999662,-8.22449107770274E-7));
#8798=DIRECTION('center_axis',(1.,-6.62393498791011E-23,-8.0539147421458E-17));
#8799=DIRECTION('ref_axis',(-5.82779583625855E-32,0.999999999999662,-8.22449107770274E-7));
#8800=DIRECTION('',(-1.,0.,0.));
#8801=DIRECTION('center_axis',(0.,8.22449106312879E-7,0.999999999999662));
#8802=DIRECTION('ref_axis',(5.9099360116057E-32,0.999999999999662,-8.22449106312879E-7));
#8803=DIRECTION('',(5.9099360116057E-32,0.999999999999662,-8.22449106312879E-7));
#8804=DIRECTION('center_axis',(1.,0.,0.));
#8805=DIRECTION('ref_axis',(0.,0.999999999999662,-8.2244910666005E-7));
#8806=DIRECTION('',(1.,0.,0.));
#8807=DIRECTION('center_axis',(-1.,6.62393498791011E-23,8.0539147421458E-17));
#8808=DIRECTION('ref_axis',(3.11384574884271E-32,0.999999999999662,-8.2244910666005E-7));
#8809=DIRECTION('center_axis',(1.,0.,0.));
#8810=DIRECTION('ref_axis',(0.,0.999999999999662,-8.2244910666005E-7));
#8811=DIRECTION('',(1.,0.,0.));
#8812=DIRECTION('center_axis',(-1.,6.62393498791011E-23,8.0539147421458E-17));
#8813=DIRECTION('ref_axis',(3.11384574884271E-32,0.999999999999662,-8.2244910666005E-7));
#8814=DIRECTION('center_axis',(1.,0.,0.));
#8815=DIRECTION('ref_axis',(0.,0.999999999999662,-8.2244910666005E-7));
#8816=DIRECTION('',(1.,0.,0.));
#8817=DIRECTION('center_axis',(-1.,6.62393498791011E-23,8.0539147421458E-17));
#8818=DIRECTION('ref_axis',(3.11384574884271E-32,0.999999999999662,-8.2244910666005E-7));
#8819=DIRECTION('center_axis',(1.,0.,0.));
#8820=DIRECTION('ref_axis',(0.,0.999999999999662,-8.2244910666005E-7));
#8821=DIRECTION('',(1.,0.,0.));
#8822=DIRECTION('center_axis',(-1.,6.62393498791011E-23,8.0539147421458E-17));
#8823=DIRECTION('ref_axis',(3.11384574884271E-32,0.999999999999662,-8.2244910666005E-7));
#8824=DIRECTION('center_axis',(0.,-8.22449107383491E-7,-0.999999999999662));
#8825=DIRECTION('ref_axis',(2.71267732927419E-32,-0.999999999999662,8.2244910738349E-7));
#8826=DIRECTION('',(-2.71267732927419E-32,0.999999999999662,-8.2244910738349E-7));
#8827=DIRECTION('',(-1.,0.,0.));
#8828=DIRECTION('',(-1.,0.,0.));
#8829=DIRECTION('center_axis',(1.,0.,0.));
#8830=DIRECTION('ref_axis',(0.,-8.22443623268532E-7,-0.999999999999662));
#8831=DIRECTION('center_axis',(1.,-6.62393498791011E-23,-8.0539147421458E-17));
#8832=DIRECTION('ref_axis',(-8.05391474214852E-17,-8.22443623268532E-7,
-0.999999999999662));
#8833=DIRECTION('',(-1.,0.,0.));
#8834=DIRECTION('center_axis',(0.,0.807109682492257,-0.590401524750105));
#8835=DIRECTION('ref_axis',(-6.50039648113431E-17,-0.590401524750105,-0.807109682492257));
#8836=DIRECTION('',(-6.50039648113431E-17,-0.590401524750105,-0.807109682492257));
#8837=DIRECTION('',(-1.,0.,0.));
#8838=DIRECTION('center_axis',(1.,0.,0.));
#8839=DIRECTION('ref_axis',(0.,8.22449106660051E-7,0.999999999999662));
#8840=DIRECTION('center_axis',(1.,-6.62393498791011E-23,-8.0539147421458E-17));
#8841=DIRECTION('ref_axis',(8.05391474214852E-17,8.22449106660051E-7,0.999999999999662));
#8842=DIRECTION('',(-1.,0.,0.));
#8843=DIRECTION('center_axis',(0.,-8.22449106660051E-7,-0.999999999999662));
#8844=DIRECTION('ref_axis',(-3.11384574884271E-32,-0.999999999999662,8.2244910666005E-7));
#8845=DIRECTION('',(3.11384574884271E-32,0.999999999999662,-8.2244910666005E-7));
#8846=DIRECTION('',(-1.,0.,0.));
#8847=DIRECTION('center_axis',(1.,0.,0.));
#8848=DIRECTION('ref_axis',(0.,0.999999999999662,-8.2244910666005E-7));
#8849=DIRECTION('center_axis',(1.,-6.62393498791011E-23,-8.0539147421458E-17));
#8850=DIRECTION('ref_axis',(3.11384574884271E-32,0.999999999999662,-8.2244910666005E-7));
#8851=DIRECTION('',(-1.,0.,0.));
#8852=DIRECTION('center_axis',(0.,-0.999999999999662,8.22449106973025E-7));
#8853=DIRECTION('ref_axis',(8.05391474214852E-17,8.22449106973025E-7,0.999999999999662));
#8854=DIRECTION('',(-8.05391474214852E-17,-8.22449106973025E-7,-0.999999999999662));
#8855=DIRECTION('',(-1.,0.,0.));
#8856=DIRECTION('center_axis',(1.,0.,0.));
#8857=DIRECTION('ref_axis',(0.,-0.999999999999662,8.22449107215162E-7));
#8858=DIRECTION('center_axis',(1.,-6.62393498791011E-23,-8.0539147421458E-17));
#8859=DIRECTION('ref_axis',(1.3569750437079E-32,-0.999999999999662,8.22449107215162E-7));
#8860=DIRECTION('',(-1.,0.,0.));
#8861=DIRECTION('center_axis',(1.,0.,0.));
#8862=DIRECTION('ref_axis',(0.,-8.22449107076067E-7,-0.999999999999662));
#8863=DIRECTION('center_axis',(1.,-6.62393498727227E-23,-8.0539147421458E-17));
#8864=DIRECTION('ref_axis',(-8.05391474214852E-17,-8.22449107076067E-7,
-0.999999999999662));
#8865=DIRECTION('',(-1.,0.,0.));
#8866=DIRECTION('center_axis',(0.,8.22449106937606E-7,0.999999999999662));
#8867=DIRECTION('ref_axis',(8.78435352567398E-33,0.999999999999662,-8.22449106937606E-7));
#8868=DIRECTION('',(-8.78435352567398E-33,-0.999999999999662,8.22449106937606E-7));
#8869=DIRECTION('',(-1.,0.,0.));
#8870=DIRECTION('center_axis',(1.,0.,0.));
#8871=DIRECTION('ref_axis',(0.,8.22449106937606E-7,0.999999999999662));
#8872=DIRECTION('center_axis',(1.,-6.62393498791011E-23,-8.0539147421458E-17));
#8873=DIRECTION('ref_axis',(8.05391474214852E-17,8.22449106937606E-7,0.999999999999662));
#8874=DIRECTION('',(-1.,0.,0.));
#8875=DIRECTION('center_axis',(0.,-0.999999999999662,8.2244910666005E-7));
#8876=DIRECTION('ref_axis',(8.05391474214852E-17,8.22449106660051E-7,0.999999999999662));
#8877=DIRECTION('',(-8.05391474214852E-17,-8.22449106660051E-7,-0.999999999999662));
#8878=DIRECTION('',(-1.,0.,0.));
#8879=DIRECTION('center_axis',(1.,0.,0.));
#8880=DIRECTION('ref_axis',(0.,-8.22449106660051E-7,-0.999999999999662));
#8881=DIRECTION('center_axis',(1.,-6.62393498766974E-23,-8.0539147421458E-17));
#8882=DIRECTION('ref_axis',(-8.05391474214852E-17,-8.22449106660051E-7,
-0.999999999999662));
#8883=DIRECTION('',(-1.,0.,0.));
#8884=DIRECTION('center_axis',(0.,8.22449132489999E-7,0.999999999999662));
#8885=DIRECTION('ref_axis',(-2.05126752137663E-30,0.999999999999662,-8.22449132489999E-7));
#8886=DIRECTION('',(2.05126752137663E-30,-0.999999999999662,8.22449132489999E-7));
#8887=DIRECTION('',(-1.,0.,0.));
#8888=DIRECTION('center_axis',(0.,0.999999999998931,-1.46213307467734E-6));
#8889=DIRECTION('ref_axis',(-8.05391474214687E-17,-1.46213307467734E-6,
-0.999999999998931));
#8890=DIRECTION('',(-8.05391474214687E-17,-1.46213307467734E-6,-0.999999999998931));
#8891=DIRECTION('',(-1.,0.,0.));
#8892=DIRECTION('',(-1.,0.,0.));
#8893=DIRECTION('center_axis',(0.,0.999999999999662,-8.22449104883694E-7));
#8894=DIRECTION('ref_axis',(-8.05391474214852E-17,-8.22449104883694E-7,
-0.999999999999662));
#8895=DIRECTION('',(8.05391474214852E-17,8.22449104883694E-7,0.999999999999662));
#8896=DIRECTION('center_axis',(-1.,0.,0.));
#8897=DIRECTION('ref_axis',(0.,-2.04281036541603E-13,1.));
#8898=DIRECTION('center_axis',(-1.,-3.11384583391621E-32,8.05391474214852E-17));
#8899=DIRECTION('ref_axis',(8.05391474214852E-17,-2.04281036541603E-13,
1.));
#8900=DIRECTION('',(-1.,0.,0.));
#8901=DIRECTION('',(-1.,0.,0.));
#8902=DIRECTION('center_axis',(0.,-1.,4.65527999185398E-14));
#8903=DIRECTION('ref_axis',(8.05391474214852E-17,4.65527999185398E-14,1.));
#8904=DIRECTION('',(-8.05391474214852E-17,-4.65527999185398E-14,-1.));
#8905=DIRECTION('',(-1.,0.,0.));
#8906=DIRECTION('center_axis',(-1.,0.,0.));
#8907=DIRECTION('ref_axis',(0.,1.,4.0190073492563E-13));
#8908=DIRECTION('center_axis',(-1.,-3.11384583391621E-32,8.05391474214852E-17));
#8909=DIRECTION('ref_axis',(3.23376040806394E-29,1.,4.0190073492563E-13));
#8910=DIRECTION('',(-1.,0.,0.));
#8911=DIRECTION('center_axis',(0.,6.55575656605958E-14,1.));
#8912=DIRECTION('ref_axis',(-5.31108890367159E-30,1.,-6.55575656605958E-14));
#8913=DIRECTION('',(5.31108890367159E-30,-1.,6.55575656605958E-14));
#8914=DIRECTION('',(-1.,0.,0.));
#8915=DIRECTION('center_axis',(-1.,0.,0.));
#8916=DIRECTION('ref_axis',(0.,1.05629985877727E-23,-1.));
#8917=DIRECTION('center_axis',(-1.,-3.11384583391621E-32,8.05391474214852E-17));
#8918=DIRECTION('ref_axis',(-8.05391474214852E-17,1.05629985877727E-23,
-1.));
#8919=DIRECTION('',(-1.,0.,0.));
#8920=DIRECTION('center_axis',(0.,1.,7.65671062028657E-16));
#8921=DIRECTION('ref_axis',(-8.05391474214852E-17,7.65671062028657E-16,
-1.));
#8922=DIRECTION('',(8.05391474214852E-17,-7.65671062028657E-16,1.));
#8923=DIRECTION('',(-1.,0.,0.));
#8924=DIRECTION('center_axis',(-1.,0.,0.));
#8925=DIRECTION('ref_axis',(0.,-1.,-1.11022303518815E-15));
#8926=DIRECTION('center_axis',(-1.,-3.11384583391621E-32,8.05391474214852E-17));
#8927=DIRECTION('ref_axis',(-5.82779583625855E-32,-1.,-1.11022303518815E-15));
#8928=DIRECTION('',(-1.,0.,0.));
#8929=DIRECTION('center_axis',(0.,-3.47171564041612E-16,-1.));
#8930=DIRECTION('ref_axis',(5.9099360116057E-32,-1.,3.47171564041612E-16));
#8931=DIRECTION('',(5.9099360116057E-32,-1.,3.47171564041612E-16));
#8932=DIRECTION('center_axis',(-1.,0.,0.));
#8933=DIRECTION('ref_axis',(0.,-1.,-1.05629985877727E-23));
#8934=DIRECTION('',(1.,0.,0.));
#8935=DIRECTION('center_axis',(1.,3.11384583391621E-32,-8.05391474214852E-17));
#8936=DIRECTION('ref_axis',(3.11384574884272E-32,-1.,-1.05629985877727E-23));
#8937=DIRECTION('center_axis',(-1.,0.,0.));
#8938=DIRECTION('ref_axis',(0.,-1.,-1.05629985877727E-23));
#8939=DIRECTION('',(1.,0.,0.));
#8940=DIRECTION('center_axis',(1.,3.11384583391621E-32,-8.05391474214852E-17));
#8941=DIRECTION('ref_axis',(3.11384574884272E-32,-1.,-1.05629985877727E-23));
#8942=DIRECTION('center_axis',(-1.,0.,0.));
#8943=DIRECTION('ref_axis',(0.,-1.,-1.05629985877727E-23));
#8944=DIRECTION('',(1.,0.,0.));
#8945=DIRECTION('center_axis',(1.,3.11384583391621E-32,-8.05391474214852E-17));
#8946=DIRECTION('ref_axis',(3.11384574884272E-32,-1.,-1.05629985877727E-23));
#8947=DIRECTION('center_axis',(0.,-7.23439886034363E-16,1.));
#8948=DIRECTION('ref_axis',(2.7126773292742E-32,1.,7.23439886034363E-16));
#8949=DIRECTION('',(-2.7126773292742E-32,-1.,-7.23439886034363E-16));
#8950=DIRECTION('',(-1.,0.,0.));
#8951=DIRECTION('',(-1.,0.,0.));
#8952=DIRECTION('center_axis',(-1.,0.,0.));
#8953=DIRECTION('ref_axis',(0.,-5.48339151861307E-12,-1.));
#8954=DIRECTION('center_axis',(-1.,-3.11384583391621E-32,8.05391474214852E-17));
#8955=DIRECTION('ref_axis',(-8.05391474214852E-17,-5.48339151861307E-12,
-1.));
#8956=DIRECTION('',(-1.,0.,0.));
#8957=DIRECTION('center_axis',(0.,0.80711016806719,0.590400860943268));
#8958=DIRECTION('ref_axis',(-6.50039648113431E-17,0.590400860943268,-0.80711016806719));
#8959=DIRECTION('',(-6.50039648113431E-17,0.590400860943268,-0.80711016806719));
#8960=DIRECTION('',(-1.,0.,0.));
#8961=DIRECTION('center_axis',(-1.,0.,0.));
#8962=DIRECTION('ref_axis',(0.,-1.05629985877727E-23,1.));
#8963=DIRECTION('center_axis',(-1.,-3.11384583391621E-32,8.05391474214852E-17));
#8964=DIRECTION('ref_axis',(8.05391474214852E-17,-1.05629985877727E-23,
1.));
#8965=DIRECTION('',(-1.,0.,0.));
#8966=DIRECTION('center_axis',(0.,-1.05629985877727E-23,1.));
#8967=DIRECTION('ref_axis',(-3.11384574884272E-32,1.,1.05629985877727E-23));
#8968=DIRECTION('',(3.11384574884272E-32,-1.,-1.05629985877727E-23));
#8969=DIRECTION('',(-1.,0.,0.));
#8970=DIRECTION('center_axis',(-1.,0.,0.));
#8971=DIRECTION('ref_axis',(0.,-1.,-1.05629985877727E-23));
#8972=DIRECTION('center_axis',(-1.,-3.11384583391621E-32,8.05391474214852E-17));
#8973=DIRECTION('ref_axis',(3.11384574884272E-32,-1.,-1.05629985877727E-23));
#8974=DIRECTION('',(-1.,0.,0.));
#8975=DIRECTION('center_axis',(0.,-1.,-3.12974909853199E-16));
#8976=DIRECTION('ref_axis',(8.05391474214852E-17,-3.12974909853199E-16,
1.));
#8977=DIRECTION('',(-8.05391474214852E-17,3.12974909853199E-16,-1.));
#8978=DIRECTION('',(-1.,0.,0.));
#8979=DIRECTION('center_axis',(-1.,0.,0.));
#8980=DIRECTION('ref_axis',(0.,1.,5.55111522875575E-16));
#8981=DIRECTION('center_axis',(-1.,-3.11384583391621E-32,8.05391474214852E-17));
#8982=DIRECTION('ref_axis',(1.3569750437079E-32,1.,5.55111522875575E-16));
#8983=DIRECTION('',(-1.,0.,0.));
#8984=DIRECTION('center_axis',(-1.,0.,0.));
#8985=DIRECTION('ref_axis',(0.,4.16016642716924E-16,-1.));
#8986=DIRECTION('center_axis',(-1.,-2.47601097061377E-32,8.05391474214852E-17));
#8987=DIRECTION('ref_axis',(-8.05391474214852E-17,4.16016642716924E-16,
-1.));
#8988=DIRECTION('',(-1.,0.,0.));
#8989=DIRECTION('center_axis',(0.,2.77555766719288E-16,-1.));
#8990=DIRECTION('ref_axis',(8.78435352567399E-33,-1.,-2.77555766719288E-16));
#8991=DIRECTION('',(-8.78435352567399E-33,1.,2.77555766719288E-16));
#8992=DIRECTION('',(-1.,0.,0.));
#8993=DIRECTION('center_axis',(-1.,0.,0.));
#8994=DIRECTION('ref_axis',(0.,-2.77555766719288E-16,1.));
#8995=DIRECTION('center_axis',(-1.,-3.11384583391621E-32,8.05391474214852E-17));
#8996=DIRECTION('ref_axis',(8.05391474214852E-17,-2.77555766719288E-16,
1.));
#8997=DIRECTION('',(-1.,0.,0.));
#8998=DIRECTION('center_axis',(0.,-1.,-1.05629985877727E-23));
#8999=DIRECTION('ref_axis',(8.05391474214852E-17,-1.05629985877727E-23,
1.));
#9000=DIRECTION('',(-8.05391474214852E-17,1.05629985877727E-23,-1.));
#9001=DIRECTION('',(-1.,0.,0.));
#9002=DIRECTION('center_axis',(-1.,0.,0.));
#9003=DIRECTION('ref_axis',(0.,1.05629985877727E-23,-1.));
#9004=DIRECTION('center_axis',(-1.,-2.87347670553114E-32,8.05391474214852E-17));
#9005=DIRECTION('ref_axis',(-8.05391474214852E-17,1.05629985877727E-23,
-1.));
#9006=DIRECTION('',(-1.,0.,0.));
#9007=DIRECTION('center_axis',(0.,2.58299483039927E-14,-1.));
#9008=DIRECTION('ref_axis',(-2.05126752137664E-30,-1.,-2.58299483039927E-14));
#9009=DIRECTION('',(2.05126752137664E-30,1.,2.58299483039927E-14));
#9010=DIRECTION('center_axis',(0.,0.999999999999795,6.39683968017677E-7));
#9011=DIRECTION('ref_axis',(-8.05391474214687E-17,6.39683968017677E-7,-0.999999999999795));
#9012=DIRECTION('',(-8.05391474214687E-17,6.39683968017677E-7,-0.999999999999795));
#9013=DIRECTION('',(-1.,0.,0.));
#9014=DIRECTION('center_axis',(0.,1.,-1.77635682883725E-15));
#9015=DIRECTION('ref_axis',(-8.05391474214852E-17,-1.77635682883725E-15,
-1.));
#9016=DIRECTION('',(8.05391474214852E-17,1.77635682883725E-15,1.));
#9017=DIRECTION('center_axis',(-1.,-3.11384583391621E-32,8.05391474214852E-17));
#9018=DIRECTION('ref_axis',(3.11384574884272E-32,-1.,-1.05629985877727E-23));
#9019=DIRECTION('',(1.,-1.40845965050601E-20,-8.64586180425682E-15));
#9020=DIRECTION('',(8.90826650566936E-15,1.64489816283263E-6,0.999999999998648));
#9021=DIRECTION('',(1.,-1.408459650549E-20,-8.64586180425683E-15));
#9022=DIRECTION('',(8.9082665056694E-15,1.64489816249957E-6,0.999999999998648));
#9023=DIRECTION('',(1.,5.5513228537991E-17,1.17961187235232E-15));
#9024=DIRECTION('',(1.29063426612686E-15,-1.64489812749284E-6,-0.999999999998647));
#9025=DIRECTION('',(-1.,4.1035500435567E-29,8.64586180426838E-15));
#9026=DIRECTION('',(8.90826650566951E-15,-4.23480694955458E-14,1.));
#9027=DIRECTION('',(-1.,5.55111512312816E-17,-1.17961196366423E-15));
#9028=DIRECTION('',(1.29063426612674E-15,7.50094452188194E-15,-1.));
#9029=DIRECTION('',(-1.,5.55111512312819E-17,-1.17961196366423E-15));
#9030=DIRECTION('',(1.29063426612674E-15,7.43849426498854E-15,-1.));
#9031=DIRECTION('',(-1.,4.19575393964005E-29,8.64586180426838E-15));
#9032=DIRECTION('',(8.90826650566951E-15,-4.22856194504106E-14,1.));
#9033=DIRECTION('',(1.,5.55132285379907E-17,1.17961187235232E-15));
#9034=DIRECTION('',(1.29063426612686E-15,-1.64489812755529E-6,-0.999999999998647));
#9035=DIRECTION('',(1.,-1.40845965059822E-20,-8.64586180425682E-15));
#9036=DIRECTION('',(8.90826650566936E-15,1.64489816289508E-6,0.999999999998648));
#9037=DIRECTION('',(0.,0.,1.));
#9038=DIRECTION('',(1.,0.,0.));
#9039=DIRECTION('',(0.,0.,1.));
#9040=DIRECTION('',(1.,0.,0.));
#9041=DIRECTION('',(0.,0.,1.));
#9042=DIRECTION('',(1.,0.,0.));
#9043=DIRECTION('',(0.,0.,1.));
#9044=DIRECTION('',(1.,0.,0.));
#9045=DIRECTION('',(1.,-1.408459650549E-20,-8.64586180425683E-15));
#9046=DIRECTION('',(8.9082665056694E-15,1.64489816249957E-6,0.999999999998648));
#9047=DIRECTION('',(-1.,4.15138051372557E-29,8.64586180426841E-15));
#9048=DIRECTION('',(8.90826650566951E-15,-4.22856194504106E-14,1.));
#9049=DIRECTION('',(-1.,4.15138051372557E-29,8.64586180426841E-15));
#9050=DIRECTION('',(8.90826650566951E-15,-4.22856194504106E-14,1.));
#9051=DIRECTION('',(1.,5.55132285379909E-17,1.17961187235233E-15));
#9052=DIRECTION('',(1.29063426612685E-15,-1.64489812755529E-6,-0.999999999998647));
#9053=DIRECTION('',(1.,5.55132285379909E-17,1.17961187235233E-15));
#9054=DIRECTION('',(1.29063426612685E-15,-1.64489812755529E-6,-0.999999999998647));
#9055=DIRECTION('',(-1.,5.55111512312819E-17,-1.17961196366423E-15));
#9056=DIRECTION('',(1.29063426612674E-15,7.34134975033384E-15,-1.));
#9057=DIRECTION('',(-1.,5.55111512312819E-17,-1.17961196366423E-15));
#9058=DIRECTION('',(1.29063426612674E-15,7.34134975033384E-15,-1.));
#9059=DIRECTION('',(0.,0.,1.));
#9060=DIRECTION('',(1.,0.,0.));
#9061=DIRECTION('',(0.,0.,1.));
#9062=DIRECTION('',(1.,0.,0.));
#9063=DIRECTION('',(0.,0.,1.));
#9064=DIRECTION('',(1.,0.,0.));
#9065=DIRECTION('',(0.,0.,1.));
#9066=DIRECTION('',(1.,0.,0.));
#9067=DIRECTION('',(0.,0.,1.));
#9068=DIRECTION('',(1.,0.,0.));
#9069=DIRECTION('',(0.,0.,1.));
#9070=DIRECTION('',(1.,0.,0.));
#9071=CARTESIAN_POINT('',(0.,0.,0.));
#9072=CARTESIAN_POINT('',(0.,0.,0.));
#9073=CARTESIAN_POINT('',(0.,0.,0.));
#9074=CARTESIAN_POINT('',(0.,0.,0.));
#9075=CARTESIAN_POINT('Origin',(-50.0000007450581,80.0000011920929,8.59999970197573));
#9076=CARTESIAN_POINT('',(-50.0000007450581,44.7498381775095,8.59999970197573));
#9077=CARTESIAN_POINT('',(-50.0000007450581,80.0000011920929,8.59999970197573));
#9078=CARTESIAN_POINT('',(-50.0000007450581,44.7498381775095,8.59999970197573));
#9079=CARTESIAN_POINT('',(-50.0000007450581,44.7498381775095,46.5999997019757));
#9080=CARTESIAN_POINT('',(-50.0000007450581,44.7498381775095,8.59999970197573));
#9081=CARTESIAN_POINT('',(-50.0000007450581,80.0000011920929,46.5999997019757));
#9082=CARTESIAN_POINT('',(-50.0000007450581,44.7498381775095,46.5999997019757));
#9083=CARTESIAN_POINT('',(-50.0000007450581,80.0000011920929,8.59999970197573));
#9084=CARTESIAN_POINT('Origin',(12.0000007450581,80.0000011920929,8.59999970197573));
#9085=CARTESIAN_POINT('',(12.0000007450581,80.0000011920929,8.59999970197573));
#9086=CARTESIAN_POINT('',(-50.0000007450581,80.0000011920929,8.59999970197573));
#9087=CARTESIAN_POINT('',(12.0000007450581,80.0000011920929,46.5999997019757));
#9088=CARTESIAN_POINT('',(-50.0000007450581,80.0000011920929,46.5999997019757));
#9089=CARTESIAN_POINT('',(12.0000007450581,80.0000011920929,8.59999970197573));
#9090=CARTESIAN_POINT('Origin',(12.0000007450581,44.7498381775095,8.59999970197573));
#9091=CARTESIAN_POINT('',(12.0000007450581,44.7498381775095,8.59999970197573));
#9092=CARTESIAN_POINT('',(12.0000007450581,80.0000011920929,8.59999970197573));
#9093=CARTESIAN_POINT('',(12.0000007450581,44.7498381775095,46.5999997019757));
#9094=CARTESIAN_POINT('',(12.0000007450581,80.0000011920929,46.5999997019757));
#9095=CARTESIAN_POINT('',(12.0000007450581,44.7498381775095,8.59999970197573));
#9096=CARTESIAN_POINT('Origin',(-50.0000007450581,44.7498381775095,8.59999970197573));
#9097=CARTESIAN_POINT('',(12.0000007450581,44.7498381775095,8.59999970197573));
#9098=CARTESIAN_POINT('',(12.0000007450581,44.7498381775095,46.5999997019757));
#9099=CARTESIAN_POINT('Origin',(-19.,62.3749196848012,46.5999997019757));
#9100=CARTESIAN_POINT('Origin',(-19.,62.3749196848012,8.59999970197573));
#9101=CARTESIAN_POINT('Origin',(-29.,80.8749196848012,8.59999970197573));
#9102=CARTESIAN_POINT('',(-8.99999999999998,80.8749196848012,8.59999970197573));
#9103=CARTESIAN_POINT('',(-29.,80.8749196848012,8.59999970197573));
#9104=CARTESIAN_POINT('',(-29.,80.8749196848012,8.59999970197573));
#9105=CARTESIAN_POINT('',(-8.99999999999999,80.8749196848012,6.79999970197573));
#9106=CARTESIAN_POINT('',(-8.99999999999998,80.8749196848012,8.59999970197573));
#9107=CARTESIAN_POINT('',(-29.,80.8749196848012,6.79999970197573));
#9108=CARTESIAN_POINT('',(-29.,80.8749196848012,6.79999970197573));
#9109=CARTESIAN_POINT('',(-29.,80.8749196848012,8.59999970197573));
#9110=CARTESIAN_POINT('Origin',(-29.,82.8749196848012,8.59999970197573));
#9111=CARTESIAN_POINT('',(-29.,82.8749196848012,8.59999970197573));
#9112=CARTESIAN_POINT('',(-29.,82.8749196848012,8.59999970197573));
#9113=CARTESIAN_POINT('',(-29.,82.8749196848012,6.79999970197573));
#9114=CARTESIAN_POINT('',(-29.,82.8749196848012,6.79999970197573));
#9115=CARTESIAN_POINT('',(-29.,82.8749196848012,8.59999970197573));
#9116=CARTESIAN_POINT('Origin',(-8.99999999999998,82.8749196848012,8.59999970197573));
#9117=CARTESIAN_POINT('',(-8.99999999999998,82.8749196848012,8.59999970197573));
#9118=CARTESIAN_POINT('',(-8.99999999999998,82.8749196848012,8.59999970197573));
#9119=CARTESIAN_POINT('',(-8.99999999999999,82.8749196848012,6.79999970197573));
#9120=CARTESIAN_POINT('',(-8.99999999999998,82.8749196848012,6.79999970197573));
#9121=CARTESIAN_POINT('',(-8.99999999999998,82.8749196848012,8.59999970197573));
#9122=CARTESIAN_POINT('Origin',(-8.99999999999998,80.8749196848012,8.59999970197573));
#9123=CARTESIAN_POINT('',(-8.99999999999998,80.8749196848012,8.59999970197573));
#9124=CARTESIAN_POINT('',(-8.99999999999998,80.8749196848012,6.79999970197573));
#9125=CARTESIAN_POINT('Origin',(-48.6297651540053,37.9999960979278,8.59999970197573));
#9126=CARTESIAN_POINT('',(-34.,37.9999960979278,8.59999970197573));
#9127=CARTESIAN_POINT('',(-48.6297651540053,37.9999960979278,8.59999970197573));
#9128=CARTESIAN_POINT('',(-34.,37.9999960979278,8.59999970197573));
#9129=CARTESIAN_POINT('',(-34.,37.9999960979278,6.79999970197573));
#9130=CARTESIAN_POINT('',(-34.,37.9999960979278,8.59999970197573));
#9131=CARTESIAN_POINT('',(-48.6297651540053,37.9999960979278,6.79999970197573));
#9132=CARTESIAN_POINT('',(-34.,37.9999960979278,6.79999970197573));
#9133=CARTESIAN_POINT('',(-48.6297651540053,37.9999960979278,8.59999970197573));
#9134=CARTESIAN_POINT('Origin',(-48.6297651540053,39.9999960979278,8.59999970197573));
#9135=CARTESIAN_POINT('',(-49.58459240884,41.7573534643803,8.59999970197573));
#9136=CARTESIAN_POINT('Origin',(-48.6297651540053,39.9999960979278,8.59999970197573));
#9137=CARTESIAN_POINT('',(-49.58459240884,41.7573534643803,6.79999970197573));
#9138=CARTESIAN_POINT('Origin',(-48.6297651540053,39.9999960979278,6.79999970197573));
#9139=CARTESIAN_POINT('',(-49.58459240884,41.7573534643803,8.59999970197573));
#9140=CARTESIAN_POINT('Origin',(-34.9548272548346,49.7061627205606,8.59999970197573));
#9141=CARTESIAN_POINT('',(-34.9548272548346,49.7061627205606,8.59999970197573));
#9142=CARTESIAN_POINT('',(-34.9548272548346,49.7061627205606,8.59999970197573));
#9143=CARTESIAN_POINT('',(-34.9548272548346,49.7061627205606,6.79999970197573));
#9144=CARTESIAN_POINT('',(-34.9548272548346,49.7061627205606,6.79999970197573));
#9145=CARTESIAN_POINT('',(-34.9548272548346,49.7061627205606,8.59999970197573));
#9146=CARTESIAN_POINT('Origin',(-34.,47.9488053541081,8.59999970197573));
#9147=CARTESIAN_POINT('',(-32.,47.9488053541081,8.59999970197573));
#9148=CARTESIAN_POINT('Origin',(-34.,47.9488053541081,8.59999970197573));
#9149=CARTESIAN_POINT('',(-32.,47.9488053541081,6.79999970197573));
#9150=CARTESIAN_POINT('Origin',(-34.,47.9488053541081,6.79999970197573));
#9151=CARTESIAN_POINT('',(-32.,47.9488053541081,8.59999970197573));
#9152=CARTESIAN_POINT('Origin',(-32.,39.9999960979278,8.59999970197573));
#9153=CARTESIAN_POINT('',(-32.,39.9999960979278,8.59999970197573));
#9154=CARTESIAN_POINT('',(-32.,39.9999960979278,8.59999970197573));
#9155=CARTESIAN_POINT('',(-32.,39.9999960979278,6.79999970197573));
#9156=CARTESIAN_POINT('',(-32.,39.9999960979278,6.79999970197573));
#9157=CARTESIAN_POINT('',(-32.,39.9999960979278,8.59999970197573));
#9158=CARTESIAN_POINT('Origin',(-34.,39.9999960979278,8.59999970197573));
#9159=CARTESIAN_POINT('Origin',(-34.,39.9999960979278,8.59999970197573));
#9160=CARTESIAN_POINT('Origin',(-34.,39.9999960979278,6.79999970197573));
#9161=CARTESIAN_POINT('Origin',(11.58459240884,41.7573534643803,8.59999970197573));
#9162=CARTESIAN_POINT('',(-3.04517274516534,49.7061627205606,8.59999970197573));
#9163=CARTESIAN_POINT('',(11.58459240884,41.7573534643803,8.59999970197573));
#9164=CARTESIAN_POINT('',(-3.04517274516534,49.7061627205606,8.59999970197573));
#9165=CARTESIAN_POINT('',(-3.04517274516534,49.7061627205606,6.79999970197573));
#9166=CARTESIAN_POINT('',(-3.04517274516534,49.7061627205606,8.59999970197573));
#9167=CARTESIAN_POINT('',(11.58459240884,41.7573534643803,6.79999970197573));
#9168=CARTESIAN_POINT('',(-3.04517274516534,49.7061627205606,6.79999970197573));
#9169=CARTESIAN_POINT('',(11.58459240884,41.7573534643803,8.59999970197573));
#9170=CARTESIAN_POINT('Origin',(10.6297651540053,39.9999960979278,8.59999970197573));
#9171=CARTESIAN_POINT('',(10.6297651540054,37.9999960979278,8.59999970197573));
#9172=CARTESIAN_POINT('Origin',(10.6297651540053,39.9999960979278,8.59999970197573));
#9173=CARTESIAN_POINT('',(10.6297651540054,37.9999960979278,6.79999970197573));
#9174=CARTESIAN_POINT('Origin',(10.6297651540053,39.9999960979278,6.79999970197573));
#9175=CARTESIAN_POINT('',(10.6297651540054,37.9999960979278,8.59999970197573));
#9176=CARTESIAN_POINT('Origin',(-3.99999999999998,37.9999960979278,8.59999970197573));
#9177=CARTESIAN_POINT('',(-3.99999999999998,37.9999960979278,8.59999970197573));
#9178=CARTESIAN_POINT('',(10.6297651540054,37.9999960979278,8.59999970197573));
#9179=CARTESIAN_POINT('',(-3.99999999999998,37.9999960979278,6.79999970197573));
#9180=CARTESIAN_POINT('',(10.6297651540054,37.9999960979278,6.79999970197573));
#9181=CARTESIAN_POINT('',(-3.99999999999998,37.9999960979278,8.59999970197573));
#9182=CARTESIAN_POINT('Origin',(-3.99999999999999,39.9999960979278,8.59999970197573));
#9183=CARTESIAN_POINT('',(-5.99999999999998,39.9999960979278,8.59999970197573));
#9184=CARTESIAN_POINT('Origin',(-3.99999999999999,39.9999960979278,8.59999970197573));
#9185=CARTESIAN_POINT('',(-5.99999999999998,39.9999960979278,6.79999970197573));
#9186=CARTESIAN_POINT('Origin',(-3.99999999999999,39.9999960979278,6.79999970197573));
#9187=CARTESIAN_POINT('',(-5.99999999999998,39.9999960979278,8.59999970197573));
#9188=CARTESIAN_POINT('Origin',(-5.99999999999998,47.9488053541081,8.59999970197573));
#9189=CARTESIAN_POINT('',(-5.99999999999998,47.9488053541081,8.59999970197573));
#9190=CARTESIAN_POINT('',(-5.99999999999998,47.9488053541081,8.59999970197573));
#9191=CARTESIAN_POINT('',(-5.99999999999998,47.9488053541081,6.79999970197573));
#9192=CARTESIAN_POINT('',(-5.99999999999998,47.9488053541081,6.79999970197573));
#9193=CARTESIAN_POINT('',(-5.99999999999998,47.9488053541081,8.59999970197573));
#9194=CARTESIAN_POINT('Origin',(-3.99999999999998,47.9488053541081,8.59999970197573));
#9195=CARTESIAN_POINT('Origin',(-3.99999999999998,47.9488053541081,8.59999970197573));
#9196=CARTESIAN_POINT('Origin',(-3.99999999999998,47.9488053541081,6.79999970197573));
#9197=CARTESIAN_POINT('Origin',(-27.,49.7521244236578,8.59999970197573));
#9198=CARTESIAN_POINT('',(-11.,49.7521244236578,8.59999970197573));
#9199=CARTESIAN_POINT('',(-27.,49.7521244236578,8.59999970197573));
#9200=CARTESIAN_POINT('',(-11.,49.7521244236578,8.59999970197573));
#9201=CARTESIAN_POINT('',(-11.,49.7521244236578,6.79999970197573));
#9202=CARTESIAN_POINT('',(-11.,49.7521244236578,8.59999970197573));
#9203=CARTESIAN_POINT('',(-27.,49.7521244236578,6.79999970197573));
#9204=CARTESIAN_POINT('',(-11.,49.7521244236578,6.79999970197573));
#9205=CARTESIAN_POINT('',(-27.,49.7521244236578,8.59999970197573));
#9206=CARTESIAN_POINT('Origin',(-27.,51.7521244236578,8.59999970197573));
#9207=CARTESIAN_POINT('',(-27.9548272548347,53.5094817901103,8.59999970197573));
#9208=CARTESIAN_POINT('Origin',(-27.,51.7521244236578,8.59999970197573));
#9209=CARTESIAN_POINT('',(-27.9548272548347,53.5094817901103,6.79999970197573));
#9210=CARTESIAN_POINT('Origin',(-27.,51.7521244236578,6.79999970197573));
#9211=CARTESIAN_POINT('',(-27.9548272548347,53.5094817901103,8.59999970197573));
#9212=CARTESIAN_POINT('Origin',(-19.9548272548346,57.85613215531,8.59999970197573));
#9213=CARTESIAN_POINT('',(-19.9548272548346,57.85613215531,8.59999970197573));
#9214=CARTESIAN_POINT('',(-27.9548272548347,53.5094817901103,8.59999970197573));
#9215=CARTESIAN_POINT('',(-19.9548272548346,57.85613215531,6.79999970197573));
#9216=CARTESIAN_POINT('',(-27.9548272548347,53.5094817901103,6.79999970197573));
#9217=CARTESIAN_POINT('',(-19.9548272548346,57.85613215531,8.59999970197573));
#9218=CARTESIAN_POINT('Origin',(-19.,56.0987747888575,8.59999970197573));
#9219=CARTESIAN_POINT('',(-18.0451727451653,57.85613215531,8.59999970197573));
#9220=CARTESIAN_POINT('Origin',(-19.,56.0987747888575,8.59999970197573));
#9221=CARTESIAN_POINT('',(-18.0451727451653,57.85613215531,6.79999970197573));
#9222=CARTESIAN_POINT('Origin',(-19.,56.0987747888575,6.79999970197573));
#9223=CARTESIAN_POINT('',(-18.0451727451653,57.85613215531,8.59999970197573));
#9224=CARTESIAN_POINT('Origin',(-10.0451727451654,53.5094817901104,8.59999970197573));
#9225=CARTESIAN_POINT('',(-10.0451727451654,53.5094817901104,8.59999970197573));
#9226=CARTESIAN_POINT('',(-10.0451727451654,53.5094817901104,8.59999970197573));
#9227=CARTESIAN_POINT('',(-10.0451727451654,53.5094817901104,6.79999970197573));
#9228=CARTESIAN_POINT('',(-10.0451727451654,53.5094817901104,6.79999970197573));
#9229=CARTESIAN_POINT('',(-10.0451727451654,53.5094817901104,8.59999970197573));
#9230=CARTESIAN_POINT('Origin',(-11.,51.7521244236578,8.59999970197573));
#9231=CARTESIAN_POINT('Origin',(-11.,51.7521244236578,8.59999970197573));
#9232=CARTESIAN_POINT('Origin',(-11.,51.7521244236578,6.79999970197573));
#9233=CARTESIAN_POINT('Origin',(-32.,76.8010340154943,8.59999970197573));
#9234=CARTESIAN_POINT('',(-32.,84.7498432716746,8.59999970197573));
#9235=CARTESIAN_POINT('',(-32.,76.8010340154943,8.59999970197573));
#9236=CARTESIAN_POINT('',(-32.,84.7498432716746,8.59999970197573));
#9237=CARTESIAN_POINT('',(-32.,84.7498432716746,6.79999970197573));
#9238=CARTESIAN_POINT('',(-32.,84.7498432716746,8.59999970197573));
#9239=CARTESIAN_POINT('',(-32.,76.8010340154943,6.79999970197573));
#9240=CARTESIAN_POINT('',(-32.,84.7498432716746,6.79999970197573));
#9241=CARTESIAN_POINT('',(-32.,76.8010340154943,8.59999970197573));
#9242=CARTESIAN_POINT('Origin',(-34.,76.8010340154943,8.59999970197573));
#9243=CARTESIAN_POINT('',(-34.9548272548346,75.0436766490418,8.59999970197573));
#9244=CARTESIAN_POINT('Origin',(-34.,76.8010340154943,8.59999970197573));
#9245=CARTESIAN_POINT('',(-34.9548272548346,75.0436766490418,6.79999970197573));
#9246=CARTESIAN_POINT('Origin',(-34.,76.8010340154943,6.79999970197573));
#9247=CARTESIAN_POINT('',(-34.9548272548346,75.0436766490418,8.59999970197573));
#9248=CARTESIAN_POINT('Origin',(-49.58459240884,82.9924859052221,8.59999970197573));
#9249=CARTESIAN_POINT('',(-49.58459240884,82.9924859052221,8.59999970197573));
#9250=CARTESIAN_POINT('',(-49.58459240884,82.9924859052221,8.59999970197573));
#9251=CARTESIAN_POINT('',(-49.58459240884,82.9924859052221,6.79999970197573));
#9252=CARTESIAN_POINT('',(-49.58459240884,82.9924859052221,6.79999970197573));
#9253=CARTESIAN_POINT('',(-49.58459240884,82.9924859052221,8.59999970197573));
#9254=CARTESIAN_POINT('Origin',(-48.6297651540053,84.7498432716746,8.59999970197573));
#9255=CARTESIAN_POINT('',(-48.6297651540053,86.7498432716746,8.59999970197573));
#9256=CARTESIAN_POINT('Origin',(-48.6297651540053,84.7498432716746,8.59999970197573));
#9257=CARTESIAN_POINT('',(-48.6297651540053,86.7498432716746,6.79999970197573));
#9258=CARTESIAN_POINT('Origin',(-48.6297651540053,84.7498432716746,6.79999970197573));
#9259=CARTESIAN_POINT('',(-48.6297651540053,86.7498432716746,8.59999970197573));
#9260=CARTESIAN_POINT('Origin',(-34.,86.7498432716746,8.59999970197573));
#9261=CARTESIAN_POINT('',(-34.,86.7498432716746,8.59999970197573));
#9262=CARTESIAN_POINT('',(-34.,86.7498432716746,8.59999970197573));
#9263=CARTESIAN_POINT('',(-34.,86.7498432716746,6.79999970197573));
#9264=CARTESIAN_POINT('',(-34.,86.7498432716746,6.79999970197573));
#9265=CARTESIAN_POINT('',(-34.,86.7498432716746,8.59999970197573));
#9266=CARTESIAN_POINT('Origin',(-34.,84.7498432716746,8.59999970197573));
#9267=CARTESIAN_POINT('Origin',(-34.,84.7498432716746,8.59999970197573));
#9268=CARTESIAN_POINT('Origin',(-34.,84.7498432716746,6.79999970197573));
#9269=CARTESIAN_POINT('Origin',(-18.0451727451653,66.8937072142924,8.59999970197573));
#9270=CARTESIAN_POINT('',(-10.0451727451653,71.2403575794921,8.59999970197573));
#9271=CARTESIAN_POINT('',(-18.0451727451653,66.8937072142924,8.59999970197573));
#9272=CARTESIAN_POINT('',(-10.0451727451653,71.2403575794921,8.59999970197573));
#9273=CARTESIAN_POINT('',(-10.0451727451653,71.2403575794921,6.79999970197573));
#9274=CARTESIAN_POINT('',(-10.0451727451653,71.2403575794921,8.59999970197573));
#9275=CARTESIAN_POINT('',(-18.0451727451653,66.8937072142924,6.79999970197573));
#9276=CARTESIAN_POINT('',(-10.0451727451653,71.2403575794921,6.79999970197573));
#9277=CARTESIAN_POINT('',(-18.0451727451653,66.8937072142924,8.59999970197573));
#9278=CARTESIAN_POINT('Origin',(-19.,68.6510645807449,8.59999970197573));
#9279=CARTESIAN_POINT('',(-19.9548272548346,66.8937072142924,8.59999970197573));
#9280=CARTESIAN_POINT('Origin',(-19.,68.6510645807449,8.59999970197573));
#9281=CARTESIAN_POINT('',(-19.9548272548346,66.8937072142924,6.79999970197573));
#9282=CARTESIAN_POINT('Origin',(-19.,68.6510645807449,6.79999970197573));
#9283=CARTESIAN_POINT('',(-19.9548272548346,66.8937072142924,8.59999970197573));
#9284=CARTESIAN_POINT('Origin',(-27.9548272548346,71.2403575794921,8.59999970197573));
#9285=CARTESIAN_POINT('',(-27.9548272548346,71.2403575794921,8.59999970197573));
#9286=CARTESIAN_POINT('',(-19.9548272548346,66.8937072142924,8.59999970197573));
#9287=CARTESIAN_POINT('',(-27.9548272548346,71.2403575794921,6.79999970197573));
#9288=CARTESIAN_POINT('',(-19.9548272548346,66.8937072142924,6.79999970197573));
#9289=CARTESIAN_POINT('',(-27.9548272548346,71.2403575794921,8.59999970197573));
#9290=CARTESIAN_POINT('Origin',(-27.,72.9977149459446,8.59999970197573));
#9291=CARTESIAN_POINT('',(-27.,74.9977149459446,8.59999970197573));
#9292=CARTESIAN_POINT('Origin',(-27.,72.9977149459446,8.59999970197573));
#9293=CARTESIAN_POINT('',(-27.,74.9977149459446,6.79999970197573));
#9294=CARTESIAN_POINT('Origin',(-27.,72.9977149459446,6.79999970197573));
#9295=CARTESIAN_POINT('',(-27.,74.9977149459446,8.59999970197573));
#9296=CARTESIAN_POINT('Origin',(-11.,74.9977149459446,8.59999970197573));
#9297=CARTESIAN_POINT('',(-11.,74.9977149459446,8.59999970197573));
#9298=CARTESIAN_POINT('',(-11.,74.9977149459446,8.59999970197573));
#9299=CARTESIAN_POINT('',(-11.,74.9977149459446,6.79999970197573));
#9300=CARTESIAN_POINT('',(-11.,74.9977149459446,6.79999970197573));
#9301=CARTESIAN_POINT('',(-11.,74.9977149459446,8.59999970197573));
#9302=CARTESIAN_POINT('Origin',(-11.,72.9977149459446,8.59999970197573));
#9303=CARTESIAN_POINT('Origin',(-11.,72.9977149459446,8.59999970197573));
#9304=CARTESIAN_POINT('Origin',(-11.,72.9977149459446,6.79999970197573));
#9305=CARTESIAN_POINT('Origin',(-8.99999999999998,43.8749196848012,8.59999970197573));
#9306=CARTESIAN_POINT('',(-29.,43.8749196848012,8.59999970197573));
#9307=CARTESIAN_POINT('',(-8.99999999999998,43.8749196848012,8.59999970197573));
#9308=CARTESIAN_POINT('',(-8.99999999999998,43.8749196848012,8.59999970197573));
#9309=CARTESIAN_POINT('',(-29.,43.8749196848012,6.79999970197573));
#9310=CARTESIAN_POINT('',(-29.,43.8749196848012,8.59999970197573));
#9311=CARTESIAN_POINT('',(-8.99999999999998,43.8749196848012,6.79999970197573));
#9312=CARTESIAN_POINT('',(-8.99999999999998,43.8749196848012,6.79999970197573));
#9313=CARTESIAN_POINT('',(-8.99999999999998,43.8749196848012,8.59999970197573));
#9314=CARTESIAN_POINT('Origin',(-8.99999999999998,41.8749196848012,8.59999970197573));
#9315=CARTESIAN_POINT('',(-8.99999999999998,41.8749196848012,8.59999970197573));
#9316=CARTESIAN_POINT('',(-8.99999999999998,41.8749196848012,8.59999970197573));
#9317=CARTESIAN_POINT('',(-8.99999999999998,41.8749196848012,6.79999970197573));
#9318=CARTESIAN_POINT('',(-8.99999999999998,41.8749196848012,6.79999970197573));
#9319=CARTESIAN_POINT('',(-8.99999999999998,41.8749196848012,8.59999970197573));
#9320=CARTESIAN_POINT('Origin',(-29.,41.8749196848012,8.59999970197573));
#9321=CARTESIAN_POINT('',(-29.,41.8749196848012,8.59999970197573));
#9322=CARTESIAN_POINT('',(-29.,41.8749196848012,8.59999970197573));
#9323=CARTESIAN_POINT('',(-29.,41.8749196848012,6.79999970197573));
#9324=CARTESIAN_POINT('',(-29.,41.8749196848012,6.79999970197573));
#9325=CARTESIAN_POINT('',(-29.,41.8749196848012,8.59999970197573));
#9326=CARTESIAN_POINT('Origin',(-29.,43.8749196848012,8.59999970197573));
#9327=CARTESIAN_POINT('',(-29.,43.8749196848012,8.59999970197573));
#9328=CARTESIAN_POINT('',(-29.,43.8749196848012,6.79999970197573));
#9329=CARTESIAN_POINT('Origin',(-3.04517274516534,75.0436766490418,8.59999970197573));
#9330=CARTESIAN_POINT('',(11.58459240884,82.9924859052221,8.59999970197573));
#9331=CARTESIAN_POINT('',(-3.04517274516535,75.0436766490418,8.59999970197573));
#9332=CARTESIAN_POINT('',(-3.04517274516534,75.0436766490418,8.59999970197573));
#9333=CARTESIAN_POINT('',(11.58459240884,82.9924859052221,6.79999970197573));
#9334=CARTESIAN_POINT('',(11.58459240884,82.9924859052221,8.59999970197573));
#9335=CARTESIAN_POINT('',(-3.04517274516535,75.0436766490418,6.79999970197573));
#9336=CARTESIAN_POINT('',(-3.04517274516534,75.0436766490418,6.79999970197573));
#9337=CARTESIAN_POINT('',(-3.04517274516535,75.0436766490418,8.59999970197573));
#9338=CARTESIAN_POINT('Origin',(-3.99999999999998,76.8010340154943,8.59999970197573));
#9339=CARTESIAN_POINT('',(-5.99999999999998,76.8010340154943,8.59999970197573));
#9340=CARTESIAN_POINT('Origin',(-3.99999999999998,76.8010340154943,8.59999970197573));
#9341=CARTESIAN_POINT('',(-5.99999999999998,76.8010340154943,6.79999970197573));
#9342=CARTESIAN_POINT('Origin',(-3.99999999999998,76.8010340154943,6.79999970197573));
#9343=CARTESIAN_POINT('',(-5.99999999999998,76.8010340154943,8.59999970197573));
#9344=CARTESIAN_POINT('Origin',(-5.99999999999998,84.7498432716746,8.59999970197573));
#9345=CARTESIAN_POINT('',(-5.99999999999999,84.7498432716746,8.59999970197573));
#9346=CARTESIAN_POINT('',(-5.99999999999998,84.7498432716746,8.59999970197573));
#9347=CARTESIAN_POINT('',(-5.99999999999999,84.7498432716746,6.79999970197573));
#9348=CARTESIAN_POINT('',(-5.99999999999998,84.7498432716746,6.79999970197573));
#9349=CARTESIAN_POINT('',(-5.99999999999999,84.7498432716746,8.59999970197573));
#9350=CARTESIAN_POINT('Origin',(-4.,84.7498432716746,8.59999970197573));
#9351=CARTESIAN_POINT('',(-3.99999999999999,86.7498432716746,8.59999970197573));
#9352=CARTESIAN_POINT('Origin',(-4.,84.7498432716746,8.59999970197573));
#9353=CARTESIAN_POINT('',(-3.99999999999999,86.7498432716746,6.79999970197573));
#9354=CARTESIAN_POINT('Origin',(-4.,84.7498432716746,6.79999970197573));
#9355=CARTESIAN_POINT('',(-3.99999999999999,86.7498432716746,8.59999970197573));
#9356=CARTESIAN_POINT('Origin',(10.6297651540054,86.7498432716746,8.59999970197573));
#9357=CARTESIAN_POINT('',(10.6297651540054,86.7498432716746,8.59999970197573));
#9358=CARTESIAN_POINT('',(10.6297651540054,86.7498432716746,8.59999970197573));
#9359=CARTESIAN_POINT('',(10.6297651540054,86.7498432716746,6.79999970197573));
#9360=CARTESIAN_POINT('',(10.6297651540054,86.7498432716746,6.79999970197573));
#9361=CARTESIAN_POINT('',(10.6297651540054,86.7498432716746,8.59999970197573));
#9362=CARTESIAN_POINT('Origin',(10.6297651540054,84.7498432716746,8.59999970197573));
#9363=CARTESIAN_POINT('Origin',(10.6297651540054,84.7498432716746,8.59999970197573));
#9364=CARTESIAN_POINT('Origin',(10.6297651540054,84.7498432716746,6.79999970197573));
#9365=CARTESIAN_POINT('Origin',(-11.7655878089071,60.6175623183487,8.59999970197573));
#9366=CARTESIAN_POINT('',(-11.7655878089071,60.6175623183487,8.59999970197573));
#9367=CARTESIAN_POINT('',(18.5,44.1733212805276,8.59999970197573));
#9368=CARTESIAN_POINT('',(-11.7655878089071,60.6175623183487,8.59999970197573));
#9369=CARTESIAN_POINT('',(18.5,44.1733212805276,6.79999970197573));
#9370=CARTESIAN_POINT('',(18.5,44.1733212805276,5.54999970197604));
#9371=CARTESIAN_POINT('',(-11.7655878089071,60.6175623183487,6.79999970197573));
#9372=CARTESIAN_POINT('',(-11.7655878089071,60.6175623183487,6.79999970197573));
#9373=CARTESIAN_POINT('',(-11.7655878089071,60.6175623183487,8.59999970197573));
#9374=CARTESIAN_POINT('Origin',(-10.8107605540725,62.3749196848012,8.59999970197573));
#9375=CARTESIAN_POINT('',(-11.7655878089071,64.1322770512537,8.59999970197573));
#9376=CARTESIAN_POINT('Origin',(-10.8107605540725,62.3749196848012,8.59999970197573));
#9377=CARTESIAN_POINT('',(-11.7655878089071,64.1322770512537,6.79999970197573));
#9378=CARTESIAN_POINT('Origin',(-10.8107605540725,62.3749196848012,6.79999970197573));
#9379=CARTESIAN_POINT('',(-11.7655878089071,64.1322770512537,8.59999970197573));
#9380=CARTESIAN_POINT('Origin',(18.5,80.5765180890748,8.59999970197573));
#9381=CARTESIAN_POINT('',(18.5,80.5765180890748,8.59999970197573));
#9382=CARTESIAN_POINT('',(18.5,80.5765180890748,8.59999970197573));
#9383=CARTESIAN_POINT('',(18.5,80.5765180890748,6.79999970197573));
#9384=CARTESIAN_POINT('',(18.5,80.5765180890748,6.79999970197573));
#9385=CARTESIAN_POINT('',(18.5,80.5765180890748,5.54999970197604));
#9386=CARTESIAN_POINT('Origin',(-56.5,90.7498432716746,8.59999970197573));
#9387=CARTESIAN_POINT('',(-56.5,90.7498432716746,8.59999970197573));
#9388=CARTESIAN_POINT('',(18.5,90.7498432716746,8.59999970197573));
#9389=CARTESIAN_POINT('',(-56.5,90.7498432716746,8.59999970197573));
#9390=CARTESIAN_POINT('',(18.5,90.7498432716746,6.79999970197573));
#9391=CARTESIAN_POINT('',(18.5,90.7498432716746,5.54999970197604));
#9392=CARTESIAN_POINT('',(-56.5,90.7498432716746,6.79999970197573));
#9393=CARTESIAN_POINT('',(-56.5,90.7498432716746,6.79999970197573));
#9394=CARTESIAN_POINT('',(-56.5,90.7498432716746,5.54999970197604));
#9395=CARTESIAN_POINT('Origin',(-26.2344121910929,64.1322770512537,8.59999970197573));
#9396=CARTESIAN_POINT('',(-56.5,80.5765180890747,8.59999970197573));
#9397=CARTESIAN_POINT('',(-26.2344121910929,64.1322770512537,8.59999970197573));
#9398=CARTESIAN_POINT('',(-56.5,80.5765180890747,8.59999970197573));
#9399=CARTESIAN_POINT('',(-56.5,80.5765180890747,6.79999970197573));
#9400=CARTESIAN_POINT('',(-56.5,80.5765180890747,5.54999970197604));
#9401=CARTESIAN_POINT('',(-26.2344121910929,64.1322770512537,6.79999970197573));
#9402=CARTESIAN_POINT('',(-56.5,80.5765180890747,6.79999970197573));
#9403=CARTESIAN_POINT('',(-26.2344121910929,64.1322770512537,8.59999970197573));
#9404=CARTESIAN_POINT('Origin',(-27.1892394459276,62.3749196848012,8.59999970197573));
#9405=CARTESIAN_POINT('',(-26.2344121910929,60.6175623183487,8.59999970197573));
#9406=CARTESIAN_POINT('Origin',(-27.1892394459276,62.3749196848012,8.59999970197573));
#9407=CARTESIAN_POINT('',(-26.2344121910929,60.6175623183487,6.79999970197573));
#9408=CARTESIAN_POINT('Origin',(-27.1892394459276,62.3749196848012,6.79999970197573));
#9409=CARTESIAN_POINT('',(-26.2344121910929,60.6175623183487,8.59999970197573));
#9410=CARTESIAN_POINT('Origin',(-56.5,44.1733212805277,8.59999970197573));
#9411=CARTESIAN_POINT('',(-56.5,44.1733212805277,8.59999970197573));
#9412=CARTESIAN_POINT('',(-26.2344121910929,60.6175623183487,8.59999970197573));
#9413=CARTESIAN_POINT('',(-56.5,44.1733212805277,6.79999970197573));
#9414=CARTESIAN_POINT('',(-26.2344121910929,60.6175623183487,6.79999970197573));
#9415=CARTESIAN_POINT('',(-56.5,44.1733212805277,5.54999970197604));
#9416=CARTESIAN_POINT('Origin',(18.5,33.9999960979278,8.59999970197573));
#9417=CARTESIAN_POINT('',(18.5,33.9999960979278,8.59999970197573));
#9418=CARTESIAN_POINT('',(-56.5,33.9999960979278,8.59999970197573));
#9419=CARTESIAN_POINT('',(18.5,33.9999960979278,8.59999970197573));
#9420=CARTESIAN_POINT('',(-56.5,33.9999960979278,6.79999970197573));
#9421=CARTESIAN_POINT('',(-56.5,33.9999960979278,5.54999970197604));
#9422=CARTESIAN_POINT('',(18.5,33.9999960979278,6.79999970197573));
#9423=CARTESIAN_POINT('',(18.5,33.9999960979278,6.79999970197573));
#9424=CARTESIAN_POINT('',(18.5,33.9999960979278,5.54999970197604));
#9425=CARTESIAN_POINT('Origin',(-19.,62.3749196848012,6.79999970197573));
#9426=CARTESIAN_POINT('',(-56.5,53.7613213430353,6.79999970197573));
#9427=CARTESIAN_POINT('',(-56.5,53.7613213430353,6.79999970197573));
#9428=CARTESIAN_POINT('',(18.5,53.7613213430353,6.79999970197573));
#9429=CARTESIAN_POINT('',(18.5,53.7613213430353,6.79999970197573));
#9430=CARTESIAN_POINT('Origin',(18.5,45.1477230012695,2.49999970197635));
#9431=CARTESIAN_POINT('',(18.5,53.7613213430353,8.59999970197573));
#9432=CARTESIAN_POINT('',(18.5,96.8293130120349,2.99999993294477));
#9433=CARTESIAN_POINT('Origin',(18.5,90.7498393696024,2.49999970197698));
#9434=CARTESIAN_POINT('',(18.5,96.1408039471273,2.99999993294478));
#9435=CARTESIAN_POINT('',(18.5,88.2157146901839,2.99999993294477));
#9436=CARTESIAN_POINT('',(18.5,94.734465361686,3.97826074225752));
#9437=CARTESIAN_POINT('Origin',(18.5,96.1408039471273,4.49999993294478));
#9438=CARTESIAN_POINT('',(18.5,94.8226775326165,1.28571419275946));
#9439=CARTESIAN_POINT('Origin',(18.5,90.7498393696024,2.49999970197698));
#9440=CARTESIAN_POINT('',(18.5,95.7809923945022,1.99999995529652));
#9441=CARTESIAN_POINT('Origin',(18.5,95.7809923945022,0.999999955296511));
#9442=CARTESIAN_POINT('',(18.5,96.8293130518646,1.99999995529652));
#9443=CARTESIAN_POINT('',(18.5,87.6915543814175,1.99999995529652));
#9444=CARTESIAN_POINT('',(18.5,84.6741058508894,1.95643534554058));
#9445=CARTESIAN_POINT('Origin',(18.5,90.7498393696024,2.49999970197698));
#9446=CARTESIAN_POINT('',(18.5,80.6900182976351,5.59999970197573));
#9447=CARTESIAN_POINT('Origin',(18.5,80.690018297635,1.59999970197573));
#9448=CARTESIAN_POINT('',(18.5,44.0598210719673,5.59999970197573));
#9449=CARTESIAN_POINT('',(18.5,80.146067332984,5.59999970197573));
#9450=CARTESIAN_POINT('',(18.5,40.0757335187129,1.95643534554058));
#9451=CARTESIAN_POINT('Origin',(18.5,44.0598210719673,1.59999970197573));
#9452=CARTESIAN_POINT('',(18.5,27.9205263177377,1.99999995529652));
#9453=CARTESIAN_POINT('Origin',(18.5,34.,2.49999970197698));
#9454=CARTESIAN_POINT('',(18.5,28.9688469751002,1.99999995529652));
#9455=CARTESIAN_POINT('',(18.5,37.0582849881848,1.99999995529652));
#9456=CARTESIAN_POINT('',(18.5,29.9271618369859,1.28571419275946));
#9457=CARTESIAN_POINT('Origin',(18.5,28.9688469751002,0.999999955296511));
#9458=CARTESIAN_POINT('',(18.5,30.0153740079163,3.97826074225752));
#9459=CARTESIAN_POINT('Origin',(18.5,34.,2.49999970197698));
#9460=CARTESIAN_POINT('',(18.5,28.6090354224751,2.99999993294478));
#9461=CARTESIAN_POINT('Origin',(18.5,28.609035422475,4.49999993294478));
#9462=CARTESIAN_POINT('',(18.5,27.9205263575674,2.99999993294477));
#9463=CARTESIAN_POINT('',(18.5,36.5341246794185,2.99999993294477));
#9464=CARTESIAN_POINT('Origin',(18.5,34.,2.49999970197698));
#9465=CARTESIAN_POINT('Origin',(-15.5,96.8293130120349,2.99999993294477));
#9466=CARTESIAN_POINT('',(28.5,96.8293130120349,2.99999993294477));
#9467=CARTESIAN_POINT('',(-15.5,96.8293130120349,2.99999993294477));
#9468=CARTESIAN_POINT('',(28.5,96.1408039471273,2.99999993294478));
#9469=CARTESIAN_POINT('',(28.5,96.1408039471273,2.99999993294477));
#9470=CARTESIAN_POINT('',(-15.5,96.1408039471273,2.99999993294478));
#9471=CARTESIAN_POINT('Origin',(-15.5,96.1408039471273,4.49999993294478));
#9472=CARTESIAN_POINT('',(28.5,94.734465361686,3.97826074225752));
#9473=CARTESIAN_POINT('Origin',(28.5,96.1408039471273,4.49999993294478));
#9474=CARTESIAN_POINT('',(-15.5,94.734465361686,3.97826074225752));
#9475=CARTESIAN_POINT('Origin',(-15.5,90.7498393696024,2.49999970197698));
#9476=CARTESIAN_POINT('',(28.5,94.8226775326165,1.28571419275946));
#9477=CARTESIAN_POINT('Origin',(28.5,90.7498393696024,2.49999970197698));
#9478=CARTESIAN_POINT('',(-15.5,94.8226775326165,1.28571419275946));
#9479=CARTESIAN_POINT('Origin',(-15.5,95.7809923945022,0.999999955296511));
#9480=CARTESIAN_POINT('',(28.5,95.7809923945022,1.99999995529652));
#9481=CARTESIAN_POINT('Origin',(28.5,95.7809923945022,0.999999955296511));
#9482=CARTESIAN_POINT('',(-15.5,95.7809923945022,1.99999995529652));
#9483=CARTESIAN_POINT('Origin',(-15.5,95.7809923945022,1.99999995529652));
#9484=CARTESIAN_POINT('',(28.5,96.8293130518646,1.99999995529652));
#9485=CARTESIAN_POINT('',(28.5,95.7809923945022,1.99999995529652));
#9486=CARTESIAN_POINT('',(-15.5,96.8293130518646,1.99999995529652));
#9487=CARTESIAN_POINT('Origin',(-15.5,90.7498393696024,2.49999970197698));
#9488=CARTESIAN_POINT('',(28.5,84.6741058508894,1.95643534554058));
#9489=CARTESIAN_POINT('Origin',(28.5,90.7498393696024,2.49999970197698));
#9490=CARTESIAN_POINT('',(-15.5,84.6741058508894,1.95643534554058));
#9491=CARTESIAN_POINT('Origin',(-15.5,90.7498393696024,2.49999970197698));
#9492=CARTESIAN_POINT('',(28.5,90.7498432716746,8.59999970197573));
#9493=CARTESIAN_POINT('',(-15.5,90.7498432716746,8.59999970197573));
#9494=CARTESIAN_POINT('Origin',(28.5,90.7498393696024,2.49999970197698));
#9495=CARTESIAN_POINT('Origin',(-15.5,80.690018297635,1.59999970197573));
#9496=CARTESIAN_POINT('',(28.5,80.6900182976351,5.59999970197573));
#9497=CARTESIAN_POINT('Origin',(28.5,80.690018297635,1.59999970197573));
#9498=CARTESIAN_POINT('',(-15.5,80.6900182976351,5.59999970197573));
#9499=CARTESIAN_POINT('Origin',(28.5,45.1477230012695,2.49999970197635));
#9500=CARTESIAN_POINT('',(28.5,27.9205263177377,1.99999995529652));
#9501=CARTESIAN_POINT('',(28.5,40.0757335187129,1.95643534554058));
#9502=CARTESIAN_POINT('Origin',(28.5,34.,2.49999970197698));
#9503=CARTESIAN_POINT('',(28.5,44.0598210719673,5.59999970197573));
#9504=CARTESIAN_POINT('Origin',(28.5,44.0598210719673,1.59999970197573));
#9505=CARTESIAN_POINT('',(28.5,62.3749196848012,5.59999970197573));
#9506=CARTESIAN_POINT('',(28.5,33.9999960979278,8.59999970197573));
#9507=CARTESIAN_POINT('',(28.5,90.7498432716746,8.59999970197573));
#9508=CARTESIAN_POINT('',(28.5,27.9205263575674,2.99999993294477));
#9509=CARTESIAN_POINT('Origin',(28.5,34.,2.49999970197698));
#9510=CARTESIAN_POINT('',(28.5,28.6090354224751,2.99999993294478));
#9511=CARTESIAN_POINT('',(28.5,28.6090354224751,2.99999993294477));
#9512=CARTESIAN_POINT('',(28.5,30.0153740079163,3.97826074225752));
#9513=CARTESIAN_POINT('Origin',(28.5,28.609035422475,4.49999993294478));
#9514=CARTESIAN_POINT('',(28.5,29.9271618369859,1.28571419275946));
#9515=CARTESIAN_POINT('Origin',(28.5,34.,2.49999970197698));
#9516=CARTESIAN_POINT('',(28.5,28.9688469751002,1.99999995529652));
#9517=CARTESIAN_POINT('Origin',(28.5,28.9688469751002,0.999999955296511));
#9518=CARTESIAN_POINT('',(28.5,28.9688469751002,1.99999995529652));
#9519=CARTESIAN_POINT('Origin',(-15.5,27.9205263575674,2.99999993294477));
#9520=CARTESIAN_POINT('',(-15.5,28.6090354224751,2.99999993294478));
#9521=CARTESIAN_POINT('',(-15.5,27.9205263575674,2.99999993294477));
#9522=CARTESIAN_POINT('Origin',(-15.5,28.609035422475,4.49999993294478));
#9523=CARTESIAN_POINT('',(-15.5,30.0153740079163,3.97826074225752));
#9524=CARTESIAN_POINT('Origin',(-15.5,34.,2.49999970197698));
#9525=CARTESIAN_POINT('',(-15.5,29.9271618369859,1.28571419275946));
#9526=CARTESIAN_POINT('Origin',(-15.5,28.9688469751002,0.999999955296511));
#9527=CARTESIAN_POINT('',(-15.5,28.9688469751002,1.99999995529652));
#9528=CARTESIAN_POINT('Origin',(-15.5,28.9688469751002,1.99999995529652));
#9529=CARTESIAN_POINT('',(-15.5,27.9205263177377,1.99999995529652));
#9530=CARTESIAN_POINT('Origin',(-15.5,34.,2.49999970197698));
#9531=CARTESIAN_POINT('',(-15.5,40.0757335187129,1.95643534554058));
#9532=CARTESIAN_POINT('Origin',(-15.5,34.,2.49999970197698));
#9533=CARTESIAN_POINT('',(-15.5,33.9999960979278,8.59999970197573));
#9534=CARTESIAN_POINT('Origin',(-15.5,44.0598210719673,5.59999970197573));
#9535=CARTESIAN_POINT('',(-15.5,44.0598210719673,5.59999970197573));
#9536=CARTESIAN_POINT('Origin',(-15.5,44.0598210719673,1.59999970197573));
#9537=CARTESIAN_POINT('Origin',(-100.5,96.8293130120349,2.99999993294477));
#9538=CARTESIAN_POINT('',(-66.5,96.8293130120349,2.99999993294477));
#9539=CARTESIAN_POINT('',(-66.5,96.1408039471273,2.99999993294478));
#9540=CARTESIAN_POINT('',(-66.5,88.2157146901839,2.99999993294477));
#9541=CARTESIAN_POINT('',(-56.5,96.8293130120349,2.99999993294477));
#9542=CARTESIAN_POINT('',(-100.5,96.8293130120349,2.99999993294477));
#9543=CARTESIAN_POINT('',(-56.5,96.1408039471273,2.99999993294478));
#9544=CARTESIAN_POINT('',(-56.5,96.1408039471273,2.99999993294477));
#9545=CARTESIAN_POINT('',(-100.5,96.1408039471273,2.99999993294478));
#9546=CARTESIAN_POINT('Origin',(-100.5,96.1408039471273,4.49999993294478));
#9547=CARTESIAN_POINT('',(-66.5,94.734465361686,3.97826074225752));
#9548=CARTESIAN_POINT('Origin',(-66.5,96.1408039471273,4.49999993294478));
#9549=CARTESIAN_POINT('',(-56.5,94.734465361686,3.97826074225752));
#9550=CARTESIAN_POINT('Origin',(-56.5,96.1408039471273,4.49999993294478));
#9551=CARTESIAN_POINT('',(-100.5,94.734465361686,3.97826074225752));
#9552=CARTESIAN_POINT('Origin',(-100.5,90.7498393696024,2.49999970197698));
#9553=CARTESIAN_POINT('',(-66.5,94.8226775326165,1.28571419275946));
#9554=CARTESIAN_POINT('Origin',(-66.5,90.7498393696024,2.49999970197698));
#9555=CARTESIAN_POINT('',(-56.5,94.8226775326165,1.28571419275946));
#9556=CARTESIAN_POINT('Origin',(-56.5,90.7498393696024,2.49999970197698));
#9557=CARTESIAN_POINT('',(-100.5,94.8226775326165,1.28571419275946));
#9558=CARTESIAN_POINT('Origin',(-100.5,95.7809923945022,0.999999955296511));
#9559=CARTESIAN_POINT('',(-66.5,95.7809923945022,1.99999995529652));
#9560=CARTESIAN_POINT('Origin',(-66.5,95.7809923945022,0.999999955296511));
#9561=CARTESIAN_POINT('',(-56.5,95.7809923945022,1.99999995529652));
#9562=CARTESIAN_POINT('Origin',(-56.5,95.7809923945022,0.999999955296511));
#9563=CARTESIAN_POINT('',(-100.5,95.7809923945022,1.99999995529652));
#9564=CARTESIAN_POINT('Origin',(-100.5,95.7809923945022,1.99999995529652));
#9565=CARTESIAN_POINT('',(-66.5,96.8293130518646,1.99999995529652));
#9566=CARTESIAN_POINT('',(-66.5,87.6915543814175,1.99999995529652));
#9567=CARTESIAN_POINT('',(-56.5,96.8293130518646,1.99999995529652));
#9568=CARTESIAN_POINT('',(-56.5,95.7809923945022,1.99999995529652));
#9569=CARTESIAN_POINT('',(-100.5,96.8293130518646,1.99999995529652));
#9570=CARTESIAN_POINT('Origin',(-100.5,90.7498393696024,2.49999970197698));
#9571=CARTESIAN_POINT('',(-66.5,84.6741058508894,1.95643534554058));
#9572=CARTESIAN_POINT('Origin',(-66.5,90.7498393696024,2.49999970197698));
#9573=CARTESIAN_POINT('',(-56.5,84.6741058508894,1.95643534554058));
#9574=CARTESIAN_POINT('Origin',(-56.5,90.7498393696024,2.49999970197698));
#9575=CARTESIAN_POINT('',(-100.5,84.6741058508894,1.95643534554058));
#9576=CARTESIAN_POINT('Origin',(-100.5,90.7498393696024,2.49999970197698));
#9577=CARTESIAN_POINT('',(-66.5,90.7498432716746,8.59999970197573));
#9578=CARTESIAN_POINT('Origin',(-66.5,90.7498393696024,2.49999970197698));
#9579=CARTESIAN_POINT('',(-100.5,90.7498432716746,8.59999970197573));
#9580=CARTESIAN_POINT('Origin',(-56.5,90.7498393696024,2.49999970197698));
#9581=CARTESIAN_POINT('Origin',(-100.5,80.690018297635,1.59999970197573));
#9582=CARTESIAN_POINT('',(-66.5,80.6900182976351,5.59999970197573));
#9583=CARTESIAN_POINT('Origin',(-66.5,80.690018297635,1.59999970197573));
#9584=CARTESIAN_POINT('',(-56.5,80.6900182976351,5.59999970197573));
#9585=CARTESIAN_POINT('Origin',(-56.5,80.690018297635,1.59999970197573));
#9586=CARTESIAN_POINT('',(-100.5,80.6900182976351,5.59999970197573));
#9587=CARTESIAN_POINT('Origin',(-56.5,45.1477230012695,2.49999970197635));
#9588=CARTESIAN_POINT('',(-56.5,90.7498432716746,8.59999970197573));
#9589=CARTESIAN_POINT('',(-56.5,27.9205263575674,2.99999993294477));
#9590=CARTESIAN_POINT('Origin',(-56.5,34.,2.49999970197698));
#9591=CARTESIAN_POINT('',(-56.5,28.6090354224751,2.99999993294478));
#9592=CARTESIAN_POINT('',(-56.5,28.6090354224751,2.99999993294477));
#9593=CARTESIAN_POINT('',(-56.5,30.0153740079163,3.97826074225752));
#9594=CARTESIAN_POINT('Origin',(-56.5,28.609035422475,4.49999993294478));
#9595=CARTESIAN_POINT('',(-56.5,29.9271618369859,1.28571419275946));
#9596=CARTESIAN_POINT('Origin',(-56.5,34.,2.49999970197698));
#9597=CARTESIAN_POINT('',(-56.5,28.9688469751002,1.99999995529652));
#9598=CARTESIAN_POINT('Origin',(-56.5,28.9688469751002,0.999999955296511));
#9599=CARTESIAN_POINT('',(-56.5,27.9205263177377,1.99999995529652));
#9600=CARTESIAN_POINT('',(-56.5,28.9688469751002,1.99999995529652));
#9601=CARTESIAN_POINT('',(-56.5,40.0757335187129,1.95643534554058));
#9602=CARTESIAN_POINT('Origin',(-56.5,34.,2.49999970197698));
#9603=CARTESIAN_POINT('',(-56.5,44.0598210719673,5.59999970197573));
#9604=CARTESIAN_POINT('Origin',(-56.5,44.0598210719673,1.59999970197573));
#9605=CARTESIAN_POINT('',(-56.5,62.3749196848012,5.59999970197573));
#9606=CARTESIAN_POINT('Origin',(-66.5,45.1477230012695,2.49999970197635));
#9607=CARTESIAN_POINT('',(-66.5,27.9205263177377,1.99999995529652));
#9608=CARTESIAN_POINT('',(-66.5,40.0757335187129,1.95643534554058));
#9609=CARTESIAN_POINT('Origin',(-66.5,34.,2.49999970197698));
#9610=CARTESIAN_POINT('',(-66.5,28.9688469751002,1.99999995529652));
#9611=CARTESIAN_POINT('',(-66.5,37.0582849881848,1.99999995529652));
#9612=CARTESIAN_POINT('',(-66.5,29.9271618369859,1.28571419275946));
#9613=CARTESIAN_POINT('Origin',(-66.5,28.9688469751002,0.999999955296511));
#9614=CARTESIAN_POINT('',(-66.5,30.0153740079163,3.97826074225752));
#9615=CARTESIAN_POINT('Origin',(-66.5,34.,2.49999970197698));
#9616=CARTESIAN_POINT('',(-66.5,28.6090354224751,2.99999993294478));
#9617=CARTESIAN_POINT('Origin',(-66.5,28.609035422475,4.49999993294478));
#9618=CARTESIAN_POINT('',(-66.5,27.9205263575674,2.99999993294477));
#9619=CARTESIAN_POINT('',(-66.5,36.5341246794185,2.99999993294477));
#9620=CARTESIAN_POINT('',(-66.5,33.9999960979278,8.59999970197573));
#9621=CARTESIAN_POINT('Origin',(-66.5,34.,2.49999970197698));
#9622=CARTESIAN_POINT('',(-66.5,53.7613213430353,8.59999970197573));
#9623=CARTESIAN_POINT('',(-66.5,44.0598210719673,5.59999970197573));
#9624=CARTESIAN_POINT('',(-66.5,80.146067332984,5.59999970197573));
#9625=CARTESIAN_POINT('Origin',(-66.5,44.0598210719673,1.59999970197573));
#9626=CARTESIAN_POINT('Origin',(-100.5,27.9205263575674,2.99999993294477));
#9627=CARTESIAN_POINT('',(-100.5,28.6090354224751,2.99999993294478));
#9628=CARTESIAN_POINT('',(-100.5,27.9205263575674,2.99999993294477));
#9629=CARTESIAN_POINT('Origin',(-100.5,28.609035422475,4.49999993294478));
#9630=CARTESIAN_POINT('',(-100.5,30.0153740079163,3.97826074225752));
#9631=CARTESIAN_POINT('Origin',(-100.5,34.,2.49999970197698));
#9632=CARTESIAN_POINT('',(-100.5,29.9271618369859,1.28571419275946));
#9633=CARTESIAN_POINT('Origin',(-100.5,28.9688469751002,0.999999955296511));
#9634=CARTESIAN_POINT('',(-100.5,28.9688469751002,1.99999995529652));
#9635=CARTESIAN_POINT('Origin',(-100.5,28.9688469751002,1.99999995529652));
#9636=CARTESIAN_POINT('',(-100.5,27.9205263177377,1.99999995529652));
#9637=CARTESIAN_POINT('Origin',(-100.5,34.,2.49999970197698));
#9638=CARTESIAN_POINT('',(-100.5,40.0757335187129,1.95643534554058));
#9639=CARTESIAN_POINT('Origin',(-100.5,34.,2.49999970197698));
#9640=CARTESIAN_POINT('',(-100.5,33.9999960979278,8.59999970197573));
#9641=CARTESIAN_POINT('Origin',(-100.5,62.3749196848012,8.59999970197573));
#9642=CARTESIAN_POINT('Origin',(-100.5,44.0598210719673,5.59999970197573));
#9643=CARTESIAN_POINT('',(-100.5,44.0598210719673,5.59999970197573));
#9644=CARTESIAN_POINT('Origin',(-100.5,44.0598210719673,1.59999970197573));
#9645=CARTESIAN_POINT('',(0.,0.,0.));
#9646=CARTESIAN_POINT('',(0.,0.,0.));
#9647=CARTESIAN_POINT('Origin',(96.625,99.9062820674376,-7.60006203329317));
#9648=CARTESIAN_POINT('',(44.,103.874909856478,-7.10006856128097));
#9649=CARTESIAN_POINT('',(44.,99.9062886470302,-3.60006203329864));
#9650=CARTESIAN_POINT('Origin',(44.,99.9062820674376,-7.60006203329323));
#9651=CARTESIAN_POINT('',(254.5,99.9062886470302,-3.60006203329839));
#9652=CARTESIAN_POINT('',(96.625,99.9062886470302,-3.60006203329858));
#9653=CARTESIAN_POINT('',(254.5,103.874909856478,-7.10006856128072));
#9654=CARTESIAN_POINT('Origin',(254.5,99.9062820674376,-7.60006203329298));
#9655=CARTESIAN_POINT('',(96.625,103.874909856478,-7.10006856128091));
#9656=CARTESIAN_POINT('Origin',(254.5,103.874915613622,-3.60006856128546));
#9657=CARTESIAN_POINT('',(254.5,24.8435425803255,-3.59993856272793));
#9658=CARTESIAN_POINT('',(254.5,103.874915613622,-3.60006856128546));
#9659=CARTESIAN_POINT('',(254.5,20.8749098565905,-7.09993203473612));
#9660=CARTESIAN_POINT('Origin',(254.5,24.843536000733,-7.59993856272251));
#9661=CARTESIAN_POINT('',(254.5,24.8749032769926,-11.0999386143232));
#9662=CARTESIAN_POINT('Origin',(254.5,24.8749098565851,-7.09993861432863));
#9663=CARTESIAN_POINT('',(254.5,99.8749032768911,-11.1000619816828));
#9664=CARTESIAN_POINT('',(254.5,103.874903276886,-11.1000685612753));
#9665=CARTESIAN_POINT('Origin',(254.5,99.8749098564836,-7.10006198168821));
#9666=CARTESIAN_POINT('Origin',(201.875,24.843536000733,-7.59993856272258));
#9667=CARTESIAN_POINT('',(44.,24.8435425803255,-3.59993856272817));
#9668=CARTESIAN_POINT('',(201.875,24.8435425803255,-3.59993856272799));
#9669=CARTESIAN_POINT('',(44.,20.8749098565905,-7.09993203473637));
#9670=CARTESIAN_POINT('Origin',(44.,24.843536000733,-7.59993856272276));
#9671=CARTESIAN_POINT('',(201.875,20.8749098565905,-7.09993203473619));
#9672=CARTESIAN_POINT('Origin',(44.,20.874915613734,-3.59993203474111));
#9673=CARTESIAN_POINT('',(44.,99.8749032768911,-11.100061981683));
#9674=CARTESIAN_POINT('Origin',(44.,99.8749098564836,-7.10006198168846));
#9675=CARTESIAN_POINT('',(44.,24.8749032769926,-11.0999386143235));
#9676=CARTESIAN_POINT('',(44.,20.874903276998,-11.099932034731));
#9677=CARTESIAN_POINT('Origin',(44.,24.8749098565851,-7.09993861432888));
#9678=CARTESIAN_POINT('',(44.,20.874915613734,-3.59993203474111));
#9679=CARTESIAN_POINT('Origin',(201.875,24.8749098565851,-7.09993861432869));
#9680=CARTESIAN_POINT('',(201.875,24.8749032769926,-11.0999386143233));
#9681=CARTESIAN_POINT('Origin',(149.25,62.3749032769419,-11.1000002980031));
#9682=CARTESIAN_POINT('',(96.625,99.8749032768911,-11.100061981683));
#9683=CARTESIAN_POINT('',(101.73841246048,93.8749032768993,-11.1000521122942));
#9684=CARTESIAN_POINT('',(100.454117096202,86.086686622956,-11.1000393014712));
#9685=CARTESIAN_POINT('Origin',(101.73841246048,89.8749032769047,-11.1000455327017));
#9686=CARTESIAN_POINT('',(149.25,69.5437240804838,-11.1000120899831));
#9687=CARTESIAN_POINT('',(149.25,69.5437240804837,-11.1000120899831));
#9688=CARTESIAN_POINT('',(198.045882903926,86.0866866229548,-11.1000393014711));
#9689=CARTESIAN_POINT('',(198.045882903926,86.0866866229547,-11.1000393014711));
#9690=CARTESIAN_POINT('',(196.761587539651,93.8749032768993,-11.1000521122941));
#9691=CARTESIAN_POINT('Origin',(196.761587539651,89.8749032769046,-11.1000455327016));
#9692=CARTESIAN_POINT('',(101.73841246048,93.8749032768992,-11.1000521122942));
#9693=CARTESIAN_POINT('',(54.,36.6172380854509,-11.099957929268));
#9694=CARTESIAN_POINT('',(59.3863901070764,32.8651823194791,-11.0999517575185));
#9695=CARTESIAN_POINT('Origin',(58.,36.6172380854509,-11.099957929268));
#9696=CARTESIAN_POINT('',(128.656643757315,58.460642612493,-11.0999938594431));
#9697=CARTESIAN_POINT('',(59.3863901070764,32.8651823194791,-11.0999517575185));
#9698=CARTESIAN_POINT('',(128.554549014517,66.0009150324136,-11.1000062624231));
#9699=CARTESIAN_POINT('Origin',(127.270253650239,62.2126983784648,-11.1000000311926));
#9700=CARTESIAN_POINT('',(59.2842953642783,89.4851752455685,-11.1000448916388));
#9701=CARTESIAN_POINT('',(128.554549014517,66.0009150324136,-11.1000062624231));
#9702=CARTESIAN_POINT('',(54.,85.6969585916197,-11.1000386604084));
#9703=CARTESIAN_POINT('Origin',(58.,85.6969585916197,-11.1000386604084));
#9704=CARTESIAN_POINT('',(54.,85.6969585916197,-11.1000386604084));
#9705=CARTESIAN_POINT('',(244.5,28.7999876633576,-11.0999450706872));
#9706=CARTESIAN_POINT('Origin',(244.5,26.8999876633602,-11.0999419453807));
#9707=CARTESIAN_POINT('',(244.5,99.7498301581493,-11.1000617759503));
#9708=CARTESIAN_POINT('Origin',(244.5,97.8498301581519,-11.1000586506438));
#9709=CARTESIAN_POINT('',(193.281931794333,30.8749032769845,-11.0999484837121));
#9710=CARTESIAN_POINT('',(194.668321901409,38.6269590429509,-11.0999612350541));
#9711=CARTESIAN_POINT('Origin',(193.281931794333,34.874903276979,-11.0999550633046));
#9712=CARTESIAN_POINT('',(150.636390107077,54.8968224038862,-11.0999879973219));
#9713=CARTESIAN_POINT('',(150.636390107077,54.8968224038862,-11.0999879973219));
#9714=CARTESIAN_POINT('',(147.863609892923,54.8968224038862,-11.0999879973219));
#9715=CARTESIAN_POINT('Origin',(149.25,51.1447666379147,-11.0999818255724));
#9716=CARTESIAN_POINT('',(103.83167809859,38.6269590429508,-11.0999612350542));
#9717=CARTESIAN_POINT('',(103.83167809859,38.6269590429508,-11.0999612350542));
#9718=CARTESIAN_POINT('',(105.218068205667,30.8749032769845,-11.0999484837122));
#9719=CARTESIAN_POINT('Origin',(105.218068205667,34.874903276979,-11.0999550633047));
#9720=CARTESIAN_POINT('',(193.281931794333,30.8749032769845,-11.0999484837121));
#9721=CARTESIAN_POINT('',(239.113609892936,32.865182319479,-11.0999517575183));
#9722=CARTESIAN_POINT('',(244.500000000012,36.617238085451,-11.0999579292678));
#9723=CARTESIAN_POINT('Origin',(240.500000000012,36.6172380854509,-11.0999579292678));
#9724=CARTESIAN_POINT('',(244.500000000011,85.6969585915421,-11.1000386604081));
#9725=CARTESIAN_POINT('',(244.500000000011,85.6969585915421,-11.1000386604081));
#9726=CARTESIAN_POINT('',(239.215704635736,89.4851752454919,-11.1000448916386));
#9727=CARTESIAN_POINT('Origin',(240.500000000011,85.6969585915421,-11.1000386604082));
#9728=CARTESIAN_POINT('',(169.945450985512,66.0009150324092,-11.1000062624231));
#9729=CARTESIAN_POINT('',(169.945450985512,66.0009150324092,-11.1000062624231));
#9730=CARTESIAN_POINT('',(169.84335624271,58.4606426124875,-11.0999938594431));
#9731=CARTESIAN_POINT('Origin',(171.229746349787,62.2126983784593,-11.1000000311926));
#9732=CARTESIAN_POINT('',(239.113609892936,32.865182319479,-11.0999517575183));
#9733=CARTESIAN_POINT('',(54.0000000000001,28.7999876633576,-11.0999450706874));
#9734=CARTESIAN_POINT('Origin',(54.0000000000001,26.8999876633602,-11.099941945381));
#9735=CARTESIAN_POINT('',(54.0000000000001,99.7498301581493,-11.1000617759505));
#9736=CARTESIAN_POINT('Origin',(54.0000000000001,97.8498301581519,-11.1000586506441));
#9737=CARTESIAN_POINT('Origin',(96.625,99.8749098564836,-7.1000619816884));
#9738=CARTESIAN_POINT('Origin',(54.0000000000001,97.8498424948878,-3.6000586506542));
#9739=CARTESIAN_POINT('',(54.0000000000001,99.7498424948853,-3.60006177596065));
#9740=CARTESIAN_POINT('',(54.0000000000001,99.7498424948853,-3.60006177596064));
#9741=CARTESIAN_POINT('Origin',(54.0000000000001,97.8498424948878,-3.6000586506542));
#9742=CARTESIAN_POINT('Origin',(54.0000000000001,26.9000000000961,-3.59994194539112));
#9743=CARTESIAN_POINT('',(54.0000000000001,28.8000000000936,-3.59994507069756));
#9744=CARTESIAN_POINT('',(54.0000000000001,28.8000000000936,-3.59994507069756));
#9745=CARTESIAN_POINT('Origin',(54.0000000000001,26.9000000000961,-3.59994194539112));
#9746=CARTESIAN_POINT('Origin',(169.84335624271,58.4606549492234,-3.59999385945322));
#9747=CARTESIAN_POINT('',(169.84335624271,58.4606549492234,-3.59999385945322));
#9748=CARTESIAN_POINT('',(239.113609892936,32.865194656215,-3.59995175752842));
#9749=CARTESIAN_POINT('',(239.113609892936,32.865194656215,-3.59995175752842));
#9750=CARTESIAN_POINT('',(239.113609892936,32.865194656215,-3.59995175752842));
#9751=CARTESIAN_POINT('',(169.84335624271,58.4606549492234,-3.59999385945322));
#9752=CARTESIAN_POINT('Origin',(171.229746349787,62.2127107151953,-3.60000003120272));
#9753=CARTESIAN_POINT('',(169.945450985512,66.0009273691451,-3.60000626243321));
#9754=CARTESIAN_POINT('Origin',(171.229746349787,62.2127107151953,-3.60000003120272));
#9755=CARTESIAN_POINT('',(169.945450985512,66.0009273691451,-3.60000626243321));
#9756=CARTESIAN_POINT('Origin',(239.215704635736,89.4851875822279,-3.60004489164878));
#9757=CARTESIAN_POINT('',(239.215704635736,89.4851875822279,-3.60004489164878));
#9758=CARTESIAN_POINT('',(169.945450985512,66.0009273691451,-3.60000626243321));
#9759=CARTESIAN_POINT('',(239.215704635736,89.4851875822279,-3.60004489164878));
#9760=CARTESIAN_POINT('Origin',(240.500000000011,85.696970928278,-3.6000386604183));
#9761=CARTESIAN_POINT('',(244.500000000011,85.696970928278,-3.60003866041829));
#9762=CARTESIAN_POINT('Origin',(240.500000000011,85.696970928278,-3.6000386604183));
#9763=CARTESIAN_POINT('',(244.500000000011,85.696970928278,-3.60003866041829));
#9764=CARTESIAN_POINT('Origin',(244.500000000012,36.617250422187,-3.59995792927792));
#9765=CARTESIAN_POINT('',(244.500000000012,36.617250422187,-3.59995792927792));
#9766=CARTESIAN_POINT('',(244.500000000011,85.696970928278,-3.60003866041829));
#9767=CARTESIAN_POINT('',(244.500000000012,36.617250422187,-3.59995792927792));
#9768=CARTESIAN_POINT('Origin',(240.500000000012,36.6172504221869,-3.59995792927793));
#9769=CARTESIAN_POINT('Origin',(240.500000000012,36.6172504221869,-3.59995792927793));
#9770=CARTESIAN_POINT('Origin',(105.218068205667,30.8749156137204,-3.59994848372231));
#9771=CARTESIAN_POINT('',(105.218068205667,30.8749156137204,-3.59994848372231));
#9772=CARTESIAN_POINT('',(193.281931794333,30.8749156137204,-3.59994848372221));
#9773=CARTESIAN_POINT('',(193.281931794333,30.8749156137204,-3.59994848372221));
#9774=CARTESIAN_POINT('',(193.281931794333,30.8749156137204,-3.59994848372221));
#9775=CARTESIAN_POINT('',(105.218068205667,30.8749156137204,-3.59994848372231));
#9776=CARTESIAN_POINT('Origin',(105.218068205667,34.874915613715,-3.59995506331482));
#9777=CARTESIAN_POINT('',(103.83167809859,38.6269713796868,-3.59996123506433));
#9778=CARTESIAN_POINT('Origin',(105.218068205667,34.874915613715,-3.59995506331482));
#9779=CARTESIAN_POINT('',(103.83167809859,38.6269713796868,-3.59996123506433));
#9780=CARTESIAN_POINT('Origin',(147.863609892923,54.8968347406222,-3.59998799733206));
#9781=CARTESIAN_POINT('',(147.863609892923,54.8968347406222,-3.59998799733206));
#9782=CARTESIAN_POINT('',(103.83167809859,38.6269713796868,-3.59996123506433));
#9783=CARTESIAN_POINT('',(147.863609892923,54.8968347406222,-3.59998799733206));
#9784=CARTESIAN_POINT('Origin',(149.25,51.1447789746507,-3.59998182558255));
#9785=CARTESIAN_POINT('',(150.636390107077,54.8968347406222,-3.59998799733205));
#9786=CARTESIAN_POINT('Origin',(149.25,51.1447789746507,-3.59998182558255));
#9787=CARTESIAN_POINT('',(150.636390107077,54.8968347406222,-3.59998799733205));
#9788=CARTESIAN_POINT('Origin',(194.668321901409,38.6269713796868,-3.59996123506422));
#9789=CARTESIAN_POINT('',(194.668321901409,38.6269713796868,-3.59996123506422));
#9790=CARTESIAN_POINT('',(150.636390107077,54.8968347406222,-3.59998799733205));
#9791=CARTESIAN_POINT('',(194.668321901409,38.6269713796868,-3.59996123506422));
#9792=CARTESIAN_POINT('Origin',(193.281931794333,34.874915613715,-3.59995506331472));
#9793=CARTESIAN_POINT('Origin',(193.281931794333,34.874915613715,-3.59995506331472));
#9794=CARTESIAN_POINT('Origin',(244.5,97.8498424948878,-3.60005865065398));
#9795=CARTESIAN_POINT('',(244.5,99.7498424948853,-3.60006177596042));
#9796=CARTESIAN_POINT('',(244.5,99.7498424948853,-3.60006177596042));
#9797=CARTESIAN_POINT('Origin',(244.5,97.8498424948878,-3.60005865065398));
#9798=CARTESIAN_POINT('Origin',(244.5,26.9000000000961,-3.5999419453909));
#9799=CARTESIAN_POINT('',(244.5,28.8000000000936,-3.59994507069734));
#9800=CARTESIAN_POINT('',(244.5,28.8000000000936,-3.59994507069734));
#9801=CARTESIAN_POINT('Origin',(244.5,26.9000000000961,-3.5999419453909));
#9802=CARTESIAN_POINT('Origin',(54.,85.6969709283557,-3.60003866041852));
#9803=CARTESIAN_POINT('',(54.,85.6969709283557,-3.60003866041852));
#9804=CARTESIAN_POINT('',(54.,36.6172504221869,-3.59995792927815));
#9805=CARTESIAN_POINT('',(54.,85.6969709283557,-3.60003866041852));
#9806=CARTESIAN_POINT('',(54.,36.6172504221869,-3.59995792927815));
#9807=CARTESIAN_POINT('',(54.,85.6969709283557,-3.60003866041852));
#9808=CARTESIAN_POINT('Origin',(58.,85.6969709283557,-3.60003866041851));
#9809=CARTESIAN_POINT('',(59.2842953642783,89.4851875823044,-3.60004489164899));
#9810=CARTESIAN_POINT('Origin',(58.,85.6969709283557,-3.60003866041851));
#9811=CARTESIAN_POINT('',(59.2842953642783,89.4851875823044,-3.60004489164899));
#9812=CARTESIAN_POINT('Origin',(128.554549014517,66.0009273691495,-3.60000626243326));
#9813=CARTESIAN_POINT('',(128.554549014517,66.0009273691495,-3.60000626243326));
#9814=CARTESIAN_POINT('',(128.554549014517,66.0009273691495,-3.60000626243326));
#9815=CARTESIAN_POINT('',(128.554549014517,66.0009273691495,-3.60000626243326));
#9816=CARTESIAN_POINT('Origin',(127.270253650239,62.2127107152008,-3.60000003120278));
#9817=CARTESIAN_POINT('',(128.656643757315,58.4606549492289,-3.59999385945327));
#9818=CARTESIAN_POINT('Origin',(127.270253650239,62.2127107152008,-3.60000003120278));
#9819=CARTESIAN_POINT('',(128.656643757315,58.4606549492289,-3.59999385945327));
#9820=CARTESIAN_POINT('Origin',(59.3863901070764,32.865194656215,-3.59995175752864));
#9821=CARTESIAN_POINT('',(59.3863901070764,32.865194656215,-3.59995175752864));
#9822=CARTESIAN_POINT('',(59.3863901070764,32.865194656215,-3.59995175752864));
#9823=CARTESIAN_POINT('',(59.3863901070764,32.865194656215,-3.59995175752864));
#9824=CARTESIAN_POINT('Origin',(58.,36.6172504221869,-3.59995792927814));
#9825=CARTESIAN_POINT('Origin',(58.,36.6172504221869,-3.59995792927814));
#9826=CARTESIAN_POINT('Origin',(196.761587539651,93.8749156136352,-3.60005211230425));
#9827=CARTESIAN_POINT('',(196.761587539651,93.8749156136352,-3.60005211230425));
#9828=CARTESIAN_POINT('',(101.73841246048,93.8749156136352,-3.60005211230436));
#9829=CARTESIAN_POINT('',(101.73841246048,93.8749156136352,-3.60005211230436));
#9830=CARTESIAN_POINT('',(101.73841246048,93.8749156136352,-3.60005211230436));
#9831=CARTESIAN_POINT('',(196.761587539651,93.8749156136352,-3.60005211230425));
#9832=CARTESIAN_POINT('Origin',(196.761587539651,89.8749156136406,-3.60004553271174));
#9833=CARTESIAN_POINT('',(198.045882903926,86.0866989596907,-3.60003930148126));
#9834=CARTESIAN_POINT('Origin',(196.761587539651,89.8749156136406,-3.60004553271174));
#9835=CARTESIAN_POINT('',(198.045882903926,86.0866989596907,-3.60003930148126));
#9836=CARTESIAN_POINT('Origin',(149.25,69.5437364172197,-3.6000120899932));
#9837=CARTESIAN_POINT('',(149.25,69.5437364172197,-3.6000120899932));
#9838=CARTESIAN_POINT('',(198.045882903926,86.0866989596907,-3.60003930148126));
#9839=CARTESIAN_POINT('',(149.25,69.5437364172197,-3.6000120899932));
#9840=CARTESIAN_POINT('Origin',(100.454117096202,86.0866989596919,-3.60003930148137));
#9841=CARTESIAN_POINT('',(100.454117096202,86.0866989596919,-3.60003930148137));
#9842=CARTESIAN_POINT('',(149.25,69.5437364172197,-3.6000120899932));
#9843=CARTESIAN_POINT('',(100.454117096202,86.0866989596919,-3.60003930148137));
#9844=CARTESIAN_POINT('Origin',(101.73841246048,89.8749156136406,-3.60004553271185));
#9845=CARTESIAN_POINT('Origin',(101.73841246048,89.8749156136406,-3.60004553271185));
#9846=CARTESIAN_POINT('Origin',(149.25,62.3749156136778,-3.60000029801328));
#9847=CARTESIAN_POINT('',(0.,0.,0.));
#9848=CARTESIAN_POINT('Origin',(81.7500000000002,22.3749633569521,47.6000654979048));
#9849=CARTESIAN_POINT('',(80.1500000000002,22.3749633569521,47.6000654979048));
#9850=CARTESIAN_POINT('Origin',(81.7500000000002,22.3749633569521,47.6000655008039));
#9851=CARTESIAN_POINT('',(80.1500000000002,22.3749756936883,55.1000655007938));
#9852=CARTESIAN_POINT('',(80.1500000000002,22.3749633569521,47.6000654979048));
#9853=CARTESIAN_POINT('Origin',(81.7500000000002,22.3749756936883,55.1000655007938));
#9854=CARTESIAN_POINT('Origin',(216.75,102.374963356844,47.5999339060518));
#9855=CARTESIAN_POINT('',(215.15,102.374963356844,47.5999339060518));
#9856=CARTESIAN_POINT('Origin',(216.75,102.374963356844,47.5999339089509));
#9857=CARTESIAN_POINT('',(215.15,102.37497569358,55.0999339089408));
#9858=CARTESIAN_POINT('',(215.15,102.374963356844,47.5999339060518));
#9859=CARTESIAN_POINT('Origin',(216.75,102.37497569358,55.0999339089408));
#9860=CARTESIAN_POINT('Origin',(81.7500000000002,102.374963356844,47.5999339060518));
#9861=CARTESIAN_POINT('',(80.1500000000002,102.374963356844,47.5999339060518));
#9862=CARTESIAN_POINT('Origin',(81.7500000000002,102.374963356844,47.5999339089509));
#9863=CARTESIAN_POINT('',(80.1500000000002,102.37497569358,55.0999339089408));
#9864=CARTESIAN_POINT('',(80.1500000000002,102.374963356844,47.5999339060518));
#9865=CARTESIAN_POINT('Origin',(81.7500000000002,102.37497569358,55.0999339089408));
#9866=CARTESIAN_POINT('Origin',(216.75,22.3749633569521,47.6000654979048));
#9867=CARTESIAN_POINT('',(215.15,22.3749633569521,47.6000654979048));
#9868=CARTESIAN_POINT('Origin',(216.75,22.3749633569521,47.6000655008039));
#9869=CARTESIAN_POINT('',(215.15,22.3749756936883,55.1000655007938));
#9870=CARTESIAN_POINT('',(215.15,22.3749633569521,47.6000654979048));
#9871=CARTESIAN_POINT('Origin',(216.75,22.3749756936883,55.1000655007938));
#9872=CARTESIAN_POINT('Origin',(96.6249995635287,9.96863440115342,51.6000859055217));
#9873=CARTESIAN_POINT('',(43.999999389381,6.00000689713701,51.1000924333251));
#9874=CARTESIAN_POINT('',(43.9999994108739,9.96862810674764,47.6000859055271));
#9875=CARTESIAN_POINT('Origin',(43.9999994108739,9.96863468615437,51.6000859055217));
#9876=CARTESIAN_POINT('',(254.500000021493,9.96862696674388,47.6000859055271));
#9877=CARTESIAN_POINT('',(96.6249995635287,9.96862782174669,47.6000859055271));
#9878=CARTESIAN_POINT('',(254.5,6.00000575713323,51.1000924333251));
#9879=CARTESIAN_POINT('Origin',(254.500000021493,9.96863354615059,51.6000859055217));
#9880=CARTESIAN_POINT('',(96.6249995420358,6.00000661213607,51.1000924333251));
#9881=CARTESIAN_POINT('Origin',(44.0000000000002,118.749926713644,47.599906976425));
#9882=CARTESIAN_POINT('',(43.9999994110439,10.0000134765383,55.1000858539129));
#9883=CARTESIAN_POINT('Origin',(43.9999994110438,10.0000068971316,51.1000858539184));
#9884=CARTESIAN_POINT('',(43.9999999783375,114.749939050037,55.0999135558216));
#9885=CARTESIAN_POINT('',(43.9999993893811,6.00001347654373,55.1000924333197));
#9886=CARTESIAN_POINT('',(44.0000000000002,118.749932470625,51.0999069764203));
#9887=CARTESIAN_POINT('Origin',(43.9999999783374,114.74993247063,51.099913555827));
#9888=CARTESIAN_POINT('',(43.9999999785073,114.781299747052,47.5999135042277));
#9889=CARTESIAN_POINT('Origin',(43.9999999785074,114.781306326459,51.5999135042223));
#9890=CARTESIAN_POINT('',(43.999999389381,6.00000114015612,47.6000924333298));
#9891=CARTESIAN_POINT('Origin',(96.6249995636986,10.0000066121307,51.1000858539184));
#9892=CARTESIAN_POINT('',(254.500000021663,10.0000123365345,55.1000858539129));
#9893=CARTESIAN_POINT('Origin',(254.500000021663,10.0000057571278,51.1000858539184));
#9894=CARTESIAN_POINT('',(96.6249995636987,10.0000131915374,55.100085853913));
#9895=CARTESIAN_POINT('Origin',(201.875000436472,114.781305471456,51.5999135042223));
#9896=CARTESIAN_POINT('',(254.500000610619,118.749931330621,51.0999069764203));
#9897=CARTESIAN_POINT('',(254.500000589127,114.781298607048,47.5999135042277));
#9898=CARTESIAN_POINT('Origin',(254.500000589127,114.781305186455,51.5999135042223));
#9899=CARTESIAN_POINT('',(201.875000436472,114.781298892049,47.5999135042277));
#9900=CARTESIAN_POINT('',(201.875000457965,118.749931615622,51.0999069764203));
#9901=CARTESIAN_POINT('Origin',(201.875000436302,114.749931615627,51.099913555827));
#9902=CARTESIAN_POINT('',(254.500000588957,114.749937910033,55.0999135558216));
#9903=CARTESIAN_POINT('',(201.875000436302,114.749938195034,55.0999135558216));
#9904=CARTESIAN_POINT('Origin',(254.500000588957,114.749931330626,51.099913555827));
#9905=CARTESIAN_POINT('Origin',(149.25,62.3749756932856,55.0999997048673));
#9906=CARTESIAN_POINT('',(254.500000610619,118.749937910028,55.0999069764148));
#9907=CARTESIAN_POINT('',(246.4,111.649939039751,55.09991865486));
#9908=CARTESIAN_POINT('Origin',(244.5,111.649939050041,55.09991865486));
#9909=CARTESIAN_POINT('',(246.4,13.100012326231,55.1000807548728));
#9910=CARTESIAN_POINT('Origin',(244.5,13.1000123365208,55.1000807548728));
#9911=CARTESIAN_POINT('',(151.161435404923,69.3587552819278,55.0999882175856));
#9912=CARTESIAN_POINT('',(147.338564670721,69.3587553026313,55.0999882175856));
#9913=CARTESIAN_POINT('Origin',(149.250000056852,72.8725018450863,55.0999824379937));
#9914=CARTESIAN_POINT('',(88.7390249287095,101.23619225495,55.0999357839303));
#9915=CARTESIAN_POINT('',(88.7390249287096,101.23619225495,55.0999357839303));
#9916=CARTESIAN_POINT('',(90.6504603365028,108.7499387974,55.0999234249317));
#9917=CARTESIAN_POINT('Origin',(90.6504603148401,104.749938797406,55.0999300043384));
#9918=CARTESIAN_POINT('',(207.849540165803,108.749938162686,55.0999234249317));
#9919=CARTESIAN_POINT('',(207.849540165803,108.749938162686,55.0999234249317));
#9920=CARTESIAN_POINT('',(209.760975492212,101.236191599533,55.0999357839303));
#9921=CARTESIAN_POINT('Origin',(207.84954014414,104.749938162691,55.0999300043384));
#9922=CARTESIAN_POINT('',(151.161435404923,69.3587552819278,55.0999882175856));
#9923=CARTESIAN_POINT('',(55.9000000000002,111.649939039751,55.0999186548617));
#9924=CARTESIAN_POINT('Origin',(54.0000000000003,111.649939050041,55.0999186548617));
#9925=CARTESIAN_POINT('',(59.9114348280546,19.215762295741,55.1000706953729));
#9926=CARTESIAN_POINT('',(53.9999994799829,22.7295088805623,55.1000649157809));
#9927=CARTESIAN_POINT('Origin',(57.9999994799829,22.7295088588995,55.1000649157809));
#9928=CARTESIAN_POINT('',(53.9999999093984,102.020443537699,55.0999344939536));
#9929=CARTESIAN_POINT('',(53.9999999093985,102.020443537699,55.0999344939536));
#9930=CARTESIAN_POINT('',(59.9114352955289,105.534190058491,55.0999287143617));
#9931=CARTESIAN_POINT('Origin',(57.9999999093984,102.020443516036,55.0999344939536));
#9932=CARTESIAN_POINT('',(132.790762605149,65.8887223352306,55.0999939252753));
#9933=CARTESIAN_POINT('',(132.790762605149,65.8887223352306,55.0999939252753));
#9934=CARTESIAN_POINT('',(132.79076256709,58.861229229617,55.1000054844592));
#9935=CARTESIAN_POINT('Origin',(130.879327219018,62.3749757927756,55.0999997048673));
#9936=CARTESIAN_POINT('',(59.9114348280547,19.215762295741,55.1000706953728));
#9937=CARTESIAN_POINT('',(55.9000000000002,13.100012326231,55.1000807548745));
#9938=CARTESIAN_POINT('Origin',(54.0000000000003,13.1000123365208,55.1000807548745));
#9939=CARTESIAN_POINT('',(147.338564595077,55.3911961046435,55.1000111921489));
#9940=CARTESIAN_POINT('',(151.161435329279,55.3911960839399,55.1000111921489));
#9941=CARTESIAN_POINT('Origin',(149.249999943149,51.8774495414849,55.1000169717408));
#9942=CARTESIAN_POINT('',(209.760975071291,23.5137591316207,55.1000636258042));
#9943=CARTESIAN_POINT('',(209.760975071291,23.5137591316207,55.1000636258042));
#9944=CARTESIAN_POINT('',(207.849539663498,16.0000125891711,55.1000759848029));
#9945=CARTESIAN_POINT('Origin',(207.849539685161,20.0000125891657,55.1000694053961));
#9946=CARTESIAN_POINT('',(90.6504598341975,16.0000132238855,55.1000759848029));
#9947=CARTESIAN_POINT('',(90.6504598341976,16.0000132238855,55.1000759848028));
#9948=CARTESIAN_POINT('',(88.7390245077885,23.5137597870387,55.1000636258042));
#9949=CARTESIAN_POINT('Origin',(90.6504598558604,20.0000132238801,55.1000694053961));
#9950=CARTESIAN_POINT('',(147.338564595077,55.3911961046434,55.1000111921489));
#9951=CARTESIAN_POINT('',(238.588565171946,105.53418909083,55.0999287143617));
#9952=CARTESIAN_POINT('',(244.500000520018,102.020442506009,55.0999344939536));
#9953=CARTESIAN_POINT('Origin',(240.500000520018,102.020442527672,55.0999344939536));
#9954=CARTESIAN_POINT('',(244.500000090602,22.7295078488724,55.1000649157809));
#9955=CARTESIAN_POINT('',(244.500000520018,102.020442506009,55.0999344939536));
#9956=CARTESIAN_POINT('',(238.588564704472,19.2157613280802,55.1000706953729));
#9957=CARTESIAN_POINT('Origin',(240.500000090602,22.7295078705352,55.1000649157809));
#9958=CARTESIAN_POINT('',(165.709237394852,58.8612290513406,55.1000054844592));
#9959=CARTESIAN_POINT('',(238.588564704472,19.2157613280802,55.1000706953728));
#9960=CARTESIAN_POINT('',(165.709237432911,65.8887221569542,55.0999939252753));
#9961=CARTESIAN_POINT('Origin',(167.620672780982,62.3749755937957,55.0999997048673));
#9962=CARTESIAN_POINT('',(165.709237432911,65.8887221569542,55.0999939252753));
#9963=CARTESIAN_POINT('Origin',(244.5,111.649926713653,47.5999186548702));
#9964=CARTESIAN_POINT('',(246.4,111.649926703363,47.5999186548702));
#9965=CARTESIAN_POINT('',(246.4,111.649926703363,47.5999186548702));
#9966=CARTESIAN_POINT('Origin',(244.5,111.649926713653,47.5999186548702));
#9967=CARTESIAN_POINT('Origin',(244.5,13.1000000001331,47.600080754883));
#9968=CARTESIAN_POINT('',(246.4,13.0999999898433,47.600080754883));
#9969=CARTESIAN_POINT('',(246.4,13.0999999898433,47.600080754883));
#9970=CARTESIAN_POINT('Origin',(244.5,13.1000000001331,47.600080754883));
#9971=CARTESIAN_POINT('Origin',(209.760975492212,101.236179263145,47.5999357839405));
#9972=CARTESIAN_POINT('',(209.760975492212,101.236179263145,47.5999357839405));
#9973=CARTESIAN_POINT('',(151.161435404923,69.3587429455402,47.5999882175958));
#9974=CARTESIAN_POINT('',(151.161435404923,69.3587429455402,47.5999882175958));
#9975=CARTESIAN_POINT('',(151.161435404923,69.3587429455402,47.5999882175958));
#9976=CARTESIAN_POINT('',(209.760975492212,101.236179263145,47.5999357839405));
#9977=CARTESIAN_POINT('Origin',(207.84954014414,104.749925826303,47.5999300043486));
#9978=CARTESIAN_POINT('',(207.849540165803,108.749925826298,47.5999234249418));
#9979=CARTESIAN_POINT('Origin',(207.84954014414,104.749925826303,47.5999300043486));
#9980=CARTESIAN_POINT('',(207.849540165803,108.749925826298,47.5999234249418));
#9981=CARTESIAN_POINT('Origin',(90.6504603365028,108.749926461012,47.5999234249418));
#9982=CARTESIAN_POINT('',(90.6504603365028,108.749926461013,47.5999234249418));
#9983=CARTESIAN_POINT('',(207.849540165803,108.749925826298,47.5999234249418));
#9984=CARTESIAN_POINT('',(90.6504603365028,108.749926461013,47.5999234249418));
#9985=CARTESIAN_POINT('Origin',(90.65046031484,104.749926461018,47.5999300043486));
#9986=CARTESIAN_POINT('',(88.7390249287095,101.236179918563,47.5999357839405));
#9987=CARTESIAN_POINT('Origin',(90.65046031484,104.749926461018,47.5999300043486));
#9988=CARTESIAN_POINT('',(88.7390249287095,101.236179918563,47.5999357839405));
#9989=CARTESIAN_POINT('Origin',(147.338564670721,69.3587429662437,47.5999882175958));
#9990=CARTESIAN_POINT('',(147.338564670721,69.3587429662437,47.5999882175958));
#9991=CARTESIAN_POINT('',(88.7390249287095,101.236179918563,47.5999357839405));
#9992=CARTESIAN_POINT('',(147.338564670721,69.3587429662437,47.5999882175958));
#9993=CARTESIAN_POINT('Origin',(149.250000056852,72.8724895086987,47.5999824380039));
#9994=CARTESIAN_POINT('Origin',(149.250000056852,72.8724895086987,47.5999824380039));
#9995=CARTESIAN_POINT('Origin',(54.0000000000002,111.649926713653,47.5999186548719));
#9996=CARTESIAN_POINT('',(55.9000000000002,111.649926703363,47.5999186548719));
#9997=CARTESIAN_POINT('',(55.9000000000002,111.649926703363,47.5999186548719));
#9998=CARTESIAN_POINT('Origin',(54.0000000000002,111.649926713653,47.5999186548719));
#9999=CARTESIAN_POINT('Origin',(132.79076256709,58.8612168932294,47.6000054844693));
#10000=CARTESIAN_POINT('',(132.79076256709,58.8612168932294,47.6000054844693));
#10001=CARTESIAN_POINT('',(59.9114348280546,19.2157499593533,47.600070695383));
#10002=CARTESIAN_POINT('',(59.9114348280546,19.2157499593533,47.600070695383));
#10003=CARTESIAN_POINT('',(59.9114348280546,19.2157499593533,47.600070695383));
#10004=CARTESIAN_POINT('',(132.79076256709,58.8612168932294,47.6000054844693));
#10005=CARTESIAN_POINT('Origin',(130.879327219018,62.374963456388,47.5999997048774));
#10006=CARTESIAN_POINT('',(132.790762605149,65.888709998843,47.5999939252855));
#10007=CARTESIAN_POINT('Origin',(130.879327219018,62.374963456388,47.5999997048774));
#10008=CARTESIAN_POINT('',(132.790762605149,65.888709998843,47.5999939252855));
#10009=CARTESIAN_POINT('Origin',(59.9114352955289,105.534177722103,47.5999287143718));
#10010=CARTESIAN_POINT('',(59.9114352955289,105.534177722103,47.5999287143718));
#10011=CARTESIAN_POINT('',(132.790762605149,65.888709998843,47.5999939252855));
#10012=CARTESIAN_POINT('',(59.9114352955289,105.534177722103,47.5999287143718));
#10013=CARTESIAN_POINT('Origin',(57.9999999093983,102.020431179648,47.5999344939638));
#10014=CARTESIAN_POINT('',(53.9999999093984,102.020431201311,47.5999344939638));
#10015=CARTESIAN_POINT('Origin',(57.9999999093983,102.020431179648,47.5999344939638));
#10016=CARTESIAN_POINT('',(53.9999999093984,102.020431201311,47.5999344939638));
#10017=CARTESIAN_POINT('Origin',(53.9999994799829,22.7294965441747,47.6000649157911));
#10018=CARTESIAN_POINT('',(53.9999994799829,22.7294965441747,47.6000649157911));
#10019=CARTESIAN_POINT('',(53.9999999093984,102.020431201311,47.5999344939638));
#10020=CARTESIAN_POINT('',(53.9999994799829,22.7294965441747,47.6000649157911));
#10021=CARTESIAN_POINT('Origin',(57.9999994799829,22.7294965225119,47.6000649157911));
#10022=CARTESIAN_POINT('Origin',(57.9999994799829,22.7294965225119,47.6000649157911));
#10023=CARTESIAN_POINT('Origin',(54.0000000000002,13.1000000001331,47.6000807548847));
#10024=CARTESIAN_POINT('',(55.9000000000002,13.0999999898433,47.6000807548847));
#10025=CARTESIAN_POINT('',(55.9000000000002,13.0999999898433,47.6000807548847));
#10026=CARTESIAN_POINT('Origin',(54.0000000000002,13.1000000001331,47.6000807548847));
#10027=CARTESIAN_POINT('Origin',(88.7390245077885,23.5137474506511,47.6000636258143));
#10028=CARTESIAN_POINT('',(88.7390245077885,23.5137474506511,47.6000636258143));
#10029=CARTESIAN_POINT('',(147.338564595077,55.3911837682558,47.600011192159));
#10030=CARTESIAN_POINT('',(147.338564595077,55.3911837682558,47.600011192159));
#10031=CARTESIAN_POINT('',(147.338564595077,55.3911837682558,47.600011192159));
#10032=CARTESIAN_POINT('',(88.7390245077885,23.5137474506511,47.6000636258143));
#10033=CARTESIAN_POINT('Origin',(90.6504598558603,20.0000008874925,47.6000694054063));
#10034=CARTESIAN_POINT('',(90.6504598341975,16.0000008874979,47.600075984813));
#10035=CARTESIAN_POINT('Origin',(90.6504598558603,20.0000008874925,47.6000694054063));
#10036=CARTESIAN_POINT('',(90.6504598341975,16.0000008874979,47.600075984813));
#10037=CARTESIAN_POINT('Origin',(207.849539663498,16.0000002527835,47.600075984813));
#10038=CARTESIAN_POINT('',(207.849539663498,16.0000002527835,47.600075984813));
#10039=CARTESIAN_POINT('',(90.6504598341975,16.0000008874979,47.600075984813));
#10040=CARTESIAN_POINT('',(207.849539663498,16.0000002527835,47.600075984813));
#10041=CARTESIAN_POINT('Origin',(207.84953968516,20.0000002527781,47.6000694054063));
#10042=CARTESIAN_POINT('',(209.760975071291,23.5137467952331,47.6000636258143));
#10043=CARTESIAN_POINT('Origin',(207.84953968516,20.0000002527781,47.6000694054063));
#10044=CARTESIAN_POINT('',(209.760975071291,23.5137467952331,47.6000636258143));
#10045=CARTESIAN_POINT('Origin',(151.161435329279,55.3911837475523,47.600011192159));
#10046=CARTESIAN_POINT('',(151.161435329279,55.3911837475523,47.600011192159));
#10047=CARTESIAN_POINT('',(209.760975071291,23.5137467952331,47.6000636258143));
#10048=CARTESIAN_POINT('',(151.161435329279,55.3911837475523,47.600011192159));
#10049=CARTESIAN_POINT('Origin',(149.249999943149,51.8774372050973,47.600016971751));
#10050=CARTESIAN_POINT('Origin',(149.249999943149,51.8774372050973,47.600016971751));
#10051=CARTESIAN_POINT('Origin',(165.709237432911,65.8887098205666,47.5999939252855));
#10052=CARTESIAN_POINT('',(165.709237432911,65.8887098205666,47.5999939252855));
#10053=CARTESIAN_POINT('',(238.588565171946,105.534176754443,47.5999287143718));
#10054=CARTESIAN_POINT('',(165.709237432911,65.8887098205666,47.5999939252855));
#10055=CARTESIAN_POINT('',(238.588565171946,105.534176754443,47.5999287143718));
#10056=CARTESIAN_POINT('',(165.709237432911,65.8887098205666,47.5999939252855));
#10057=CARTESIAN_POINT('Origin',(167.620672780982,62.374963257408,47.5999997048774));
#10058=CARTESIAN_POINT('',(165.709237394852,58.861216714953,47.6000054844693));
#10059=CARTESIAN_POINT('Origin',(167.620672780982,62.374963257408,47.5999997048774));
#10060=CARTESIAN_POINT('',(165.709237394852,58.861216714953,47.6000054844693));
#10061=CARTESIAN_POINT('Origin',(238.588564704472,19.2157489916925,47.600070695383));
#10062=CARTESIAN_POINT('',(238.588564704472,19.2157489916925,47.600070695383));
#10063=CARTESIAN_POINT('',(238.588564704472,19.2157489916925,47.600070695383));
#10064=CARTESIAN_POINT('',(238.588564704472,19.2157489916925,47.600070695383));
#10065=CARTESIAN_POINT('Origin',(240.500000090602,22.7294955341476,47.6000649157911));
#10066=CARTESIAN_POINT('',(244.500000090602,22.7294955124848,47.6000649157911));
#10067=CARTESIAN_POINT('Origin',(240.500000090602,22.7294955341476,47.6000649157911));
#10068=CARTESIAN_POINT('',(244.500000090602,22.7294955124848,47.6000649157911));
#10069=CARTESIAN_POINT('Origin',(244.500000520018,102.020430169621,47.5999344939638));
#10070=CARTESIAN_POINT('',(244.500000520018,102.020430169621,47.5999344939638));
#10071=CARTESIAN_POINT('',(244.500000520018,102.020430169621,47.5999344939638));
#10072=CARTESIAN_POINT('',(244.500000520018,102.020430169621,47.5999344939638));
#10073=CARTESIAN_POINT('Origin',(240.500000520018,102.020430191284,47.5999344939638));
#10074=CARTESIAN_POINT('Origin',(240.500000520018,102.020430191284,47.5999344939638));
#10075=CARTESIAN_POINT('Origin',(254.5,6.00000000015235,47.6000924333298));
#10076=CARTESIAN_POINT('',(254.500000610619,118.74992557364,47.599906976425));
#10077=CARTESIAN_POINT('Origin',(149.25,62.374963356898,47.5999997048774));
#10078=CARTESIAN_POINT('Origin',(81.7500000000002,22.3749633569521,47.6000654979048));
#10079=CARTESIAN_POINT('',(80.1500000000002,22.3749584222576,44.6000654979088));
#10080=CARTESIAN_POINT('Origin',(81.7500000000002,22.3749584222576,44.6000654979088));
#10081=CARTESIAN_POINT('',(80.1500000000002,22.3749633569521,47.6000654979048));
#10082=CARTESIAN_POINT('',(80.1500000000002,22.3749633569521,47.6000654979048));
#10083=CARTESIAN_POINT('Origin',(81.7500000000002,22.3749633569521,47.6000654979048));
#10084=CARTESIAN_POINT('Origin',(216.75,102.374963356844,47.5999339060518));
#10085=CARTESIAN_POINT('',(215.15,102.374958422149,44.5999339060558));
#10086=CARTESIAN_POINT('Origin',(216.75,102.374958422149,44.5999339060558));
#10087=CARTESIAN_POINT('',(215.15,102.374963356844,47.5999339060518));
#10088=CARTESIAN_POINT('',(215.15,102.374963356844,47.5999339060518));
#10089=CARTESIAN_POINT('Origin',(216.75,102.374963356844,47.5999339060518));
#10090=CARTESIAN_POINT('Origin',(216.75,22.3749633569521,47.6000654979048));
#10091=CARTESIAN_POINT('',(215.15,22.3749584222576,44.6000654979088));
#10092=CARTESIAN_POINT('Origin',(216.75,22.3749584222576,44.6000654979088));
#10093=CARTESIAN_POINT('',(215.15,22.3749633569521,47.6000654979048));
#10094=CARTESIAN_POINT('',(215.15,22.3749633569521,47.6000654979048));
#10095=CARTESIAN_POINT('Origin',(216.75,22.3749633569521,47.6000654979048));
#10096=CARTESIAN_POINT('Origin',(81.7500000000002,102.374963356844,47.5999339060518));
#10097=CARTESIAN_POINT('',(80.1500000000002,102.374958422149,44.5999339060558));
#10098=CARTESIAN_POINT('Origin',(81.7500000000002,102.374958422149,44.5999339060558));
#10099=CARTESIAN_POINT('',(80.1500000000002,102.374963356844,47.5999339060518));
#10100=CARTESIAN_POINT('',(80.1500000000002,102.374963356844,47.5999339060518));
#10101=CARTESIAN_POINT('Origin',(81.7500000000002,102.374963356844,47.5999339060518));
#10102=CARTESIAN_POINT('Origin',(74.2500000000002,17.3749633569589,47.6000737223956));
#10103=CARTESIAN_POINT('',(74.2500000000002,107.374963356837,47.599925681561));
#10104=CARTESIAN_POINT('',(74.2500000000002,17.3749633569589,47.6000737223956));
#10105=CARTESIAN_POINT('',(74.2500000000002,107.374963356837,47.599925681561));
#10106=CARTESIAN_POINT('',(74.2500000000002,107.374958422143,44.599925681565));
#10107=CARTESIAN_POINT('',(74.2500000000002,107.374963356837,47.599925681561));
#10108=CARTESIAN_POINT('',(74.2500000000002,17.3749584222644,44.6000737223996));
#10109=CARTESIAN_POINT('',(74.2500000000002,107.374958422143,44.599925681565));
#10110=CARTESIAN_POINT('',(74.2500000000002,17.3749633569589,47.6000737223956));
#10111=CARTESIAN_POINT('Origin',(224.25,17.3749633569589,47.6000737223956));
#10112=CARTESIAN_POINT('',(224.25,17.3749633569589,47.6000737223956));
#10113=CARTESIAN_POINT('',(74.2500000000002,17.3749633569589,47.6000737223956));
#10114=CARTESIAN_POINT('',(224.25,17.3749584222644,44.6000737223996));
#10115=CARTESIAN_POINT('',(74.2500000000002,17.3749584222644,44.6000737223996));
#10116=CARTESIAN_POINT('',(224.25,17.3749633569589,47.6000737223956));
#10117=CARTESIAN_POINT('Origin',(224.25,107.374963356837,47.599925681561));
#10118=CARTESIAN_POINT('',(224.25,107.374963356837,47.599925681561));
#10119=CARTESIAN_POINT('',(224.25,17.3749633569589,47.6000737223956));
#10120=CARTESIAN_POINT('',(224.25,107.374958422143,44.599925681565));
#10121=CARTESIAN_POINT('',(224.25,17.3749584222644,44.6000737223996));
#10122=CARTESIAN_POINT('',(224.25,107.374963356837,47.599925681561));
#10123=CARTESIAN_POINT('Origin',(74.2500000000002,107.374963356837,47.599925681561));
#10124=CARTESIAN_POINT('',(224.25,107.374963356837,47.599925681561));
#10125=CARTESIAN_POINT('',(224.25,107.374958422143,44.599925681565));
#10126=CARTESIAN_POINT('Origin',(149.25,62.3749584222035,44.5999997019823));
#10127=CARTESIAN_POINT('Origin',(149.25,62.374963356898,47.5999997019783));
#10128=CARTESIAN_POINT('',(0.,0.,0.));
#10129=CARTESIAN_POINT('Origin',(-92.8,8.1,8.34705025083787));
#10130=CARTESIAN_POINT('',(-83.9,10.6515707799605,4.04710995417657));
#10131=CARTESIAN_POINT('',(-83.9,13.1,8.34705025083787));
#10132=CARTESIAN_POINT('Origin',(-83.9,8.1,8.34705025083787));
#10133=CARTESIAN_POINT('',(-89.5,10.6515707799605,4.04710995417657));
#10134=CARTESIAN_POINT('',(-92.8,10.6515707799605,4.04710995417657));
#10135=CARTESIAN_POINT('',(-89.5,13.1,8.34705025083787));
#10136=CARTESIAN_POINT('Origin',(-89.5,8.1,8.34705025083787));
#10137=CARTESIAN_POINT('',(-92.8,13.1,8.34705025083787));
#10138=CARTESIAN_POINT('Origin',(-96.1,3.83132839685397,0.));
#10139=CARTESIAN_POINT('',(-83.9,3.83132839685397,0.));
#10140=CARTESIAN_POINT('',(-83.9,7.25878797660806,2.03384352103369));
#10141=CARTESIAN_POINT('',(-88.3697729441468,3.83132839685397,0.));
#10142=CARTESIAN_POINT('',(-93.05,3.83132839685397,0.));
#10143=CARTESIAN_POINT('',(-89.5,6.1773780845922,1.39213835973869));
#10144=CARTESIAN_POINT('Origin',(-86.5,6.1773780845922,1.39213835973869));
#10145=CARTESIAN_POINT('',(-89.5,3.91936408763966,0.052240096537342));
#10146=CARTESIAN_POINT('Origin',(-89.5,4.06939798987516,0.));
#10147=CARTESIAN_POINT('',(-89.5,6.1773780845922,8.33904581604151));
#10148=CARTESIAN_POINT('',(-89.5,6.1773780845922,0.));
#10149=CARTESIAN_POINT('',(-89.5,9.,10.));
#10150=CARTESIAN_POINT('Origin',(-89.5,7.1,10.));
#10151=CARTESIAN_POINT('',(-89.5,6.1773780845922,11.6609541839585));
#10152=CARTESIAN_POINT('Origin',(-89.5,7.1,10.));
#10153=CARTESIAN_POINT('',(-89.5,6.1773780845922,18.6078616402613));
#10154=CARTESIAN_POINT('',(-89.5,6.1773780845922,0.));
#10155=CARTESIAN_POINT('',(-89.5,10.6515707799605,15.9528900458234));
#10156=CARTESIAN_POINT('',(-89.5,12.942340695827,14.5935545254033));
#10157=CARTESIAN_POINT('',(-89.5,13.1,11.6529497491621));
#10158=CARTESIAN_POINT('Origin',(-89.5,8.1,11.6529497491621));
#10159=CARTESIAN_POINT('',(-89.5,13.1,0.));
#10160=CARTESIAN_POINT('Origin',(-96.1,8.1,8.34705025083787));
#10161=CARTESIAN_POINT('',(-90.5,10.6515707799605,4.04710995417657));
#10162=CARTESIAN_POINT('',(-90.5,13.1,8.34705025083787));
#10163=CARTESIAN_POINT('Origin',(-90.5,8.1,8.34705025083787));
#10164=CARTESIAN_POINT('',(-96.1,10.6515707799605,4.04710995417657));
#10165=CARTESIAN_POINT('',(-96.1,10.6515707799605,4.04710995417657));
#10166=CARTESIAN_POINT('',(-96.1,13.1,8.34705025083787));
#10167=CARTESIAN_POINT('Origin',(-96.1,8.1,8.34705025083787));
#10168=CARTESIAN_POINT('',(-96.1,13.1,8.34705025083787));
#10169=CARTESIAN_POINT('Origin',(-96.1,3.83132839685397,0.));
#10170=CARTESIAN_POINT('',(-90.5,6.1773780845922,1.39213835973869));
#10171=CARTESIAN_POINT('',(-90.5,7.25878797660806,2.03384352103369));
#10172=CARTESIAN_POINT('',(-91.6302270558532,3.83132839685397,0.));
#10173=CARTESIAN_POINT('Origin',(-93.5,6.1773780845922,1.39213835973869));
#10174=CARTESIAN_POINT('',(-96.1,3.83132839685397,0.));
#10175=CARTESIAN_POINT('',(-93.05,3.83132839685397,0.));
#10176=CARTESIAN_POINT('',(-96.1,2.41454249923691,-0.840716207298673));
#10177=CARTESIAN_POINT('Origin',(-96.1,0.,0.));
#10178=CARTESIAN_POINT('',(-96.1,0.,0.));
#10179=CARTESIAN_POINT('',(-96.1,0.,0.));
#10180=CARTESIAN_POINT('',(-96.1,0.,20.));
#10181=CARTESIAN_POINT('',(-96.1,0.,0.));
#10182=CARTESIAN_POINT('',(-96.1,3.83132839685397,20.));
#10183=CARTESIAN_POINT('',(-96.1,0.,20.));
#10184=CARTESIAN_POINT('',(-96.1,10.6515707799605,15.9528900458234));
#10185=CARTESIAN_POINT('',(-96.1,11.4375191074242,15.4865108292394));
#10186=CARTESIAN_POINT('',(-96.1,13.1,11.6529497491621));
#10187=CARTESIAN_POINT('Origin',(-96.1,8.1,11.6529497491621));
#10188=CARTESIAN_POINT('',(-96.1,13.1,0.));
#10189=CARTESIAN_POINT('',(-96.1,9.,10.));
#10190=CARTESIAN_POINT('Origin',(-96.1,7.1,10.));
#10191=CARTESIAN_POINT('Origin',(-96.1,8.1,11.6529497491621));
#10192=CARTESIAN_POINT('',(-90.5,10.6515707799605,15.9528900458234));
#10193=CARTESIAN_POINT('',(-96.1,10.6515707799605,15.9528900458234));
#10194=CARTESIAN_POINT('',(-90.5,13.1,11.6529497491621));
#10195=CARTESIAN_POINT('Origin',(-90.5,8.1,11.6529497491621));
#10196=CARTESIAN_POINT('',(-96.1,13.1,11.6529497491621));
#10197=CARTESIAN_POINT('Origin',(-96.1,13.1,14.5));
#10198=CARTESIAN_POINT('',(-91.6302270558532,3.83132839685397,20.));
#10199=CARTESIAN_POINT('',(-93.05,3.83132839685398,20.));
#10200=CARTESIAN_POINT('',(-90.5,6.1773780845922,18.6078616402613));
#10201=CARTESIAN_POINT('Origin',(-93.5,6.1773780845922,18.6078616402613));
#10202=CARTESIAN_POINT('',(-90.5,16.2817645847954,12.611951100907));
#10203=CARTESIAN_POINT('Origin',(-92.8,8.1,11.6529497491621));
#10204=CARTESIAN_POINT('',(-83.9,10.6515707799605,15.9528900458234));
#10205=CARTESIAN_POINT('',(-92.8,10.6515707799605,15.9528900458234));
#10206=CARTESIAN_POINT('',(-83.9,13.1,11.6529497491621));
#10207=CARTESIAN_POINT('Origin',(-83.9,8.1,11.6529497491621));
#10208=CARTESIAN_POINT('',(-92.8,13.1,11.6529497491621));
#10209=CARTESIAN_POINT('Origin',(-96.1,13.1,14.5));
#10210=CARTESIAN_POINT('',(-88.3697729441468,3.83132839685397,20.));
#10211=CARTESIAN_POINT('Origin',(-86.5,6.1773780845922,18.6078616402613));
#10212=CARTESIAN_POINT('',(-83.9,3.83132839685397,20.));
#10213=CARTESIAN_POINT('',(-93.05,3.83132839685398,20.));
#10214=CARTESIAN_POINT('',(-83.9,16.2817645847954,12.611951100907));
#10215=CARTESIAN_POINT('Origin',(-96.1,7.1,10.));
#10216=CARTESIAN_POINT('',(-90.5,9.,10.));
#10217=CARTESIAN_POINT('',(-96.1,9.,10.));
#10218=CARTESIAN_POINT('',(-90.5,6.1773780845922,11.6609541839585));
#10219=CARTESIAN_POINT('Origin',(-90.5,7.1,10.));
#10220=CARTESIAN_POINT('',(-90.5,6.1773780845922,8.33904581604151));
#10221=CARTESIAN_POINT('Ctrl Pts',(-90.5,6.1773780845922,11.6609541839585));
#10222=CARTESIAN_POINT('Ctrl Pts',(-90.5,6.0258778510759,11.576799282528));
#10223=CARTESIAN_POINT('Ctrl Pts',(-90.5117064539308,5.88736976481872,11.4718946998296));
#10224=CARTESIAN_POINT('Ctrl Pts',(-90.5514605239438,5.59723135912987,11.1875567963637));
#10225=CARTESIAN_POINT('Ctrl Pts',(-90.588156878082,5.4480976801243,10.9730297170636));
#10226=CARTESIAN_POINT('Ctrl Pts',(-90.6452464229279,5.24944320092933,10.5010056014121));
#10227=CARTESIAN_POINT('Ctrl Pts',(-90.663676309065,5.2,10.2432405353264));
#10228=CARTESIAN_POINT('Ctrl Pts',(-90.663676309065,5.2,10.));
#10229=CARTESIAN_POINT('Ctrl Pts',(-90.663676309065,5.2,9.75675946467365));
#10230=CARTESIAN_POINT('Ctrl Pts',(-90.6452464229279,5.24944320092933,9.49899439858796));
#10231=CARTESIAN_POINT('Ctrl Pts',(-90.588156878082,5.4480976801243,9.02697028293645));
#10232=CARTESIAN_POINT('Ctrl Pts',(-90.5514605239438,5.59723135912987,8.81244320363629));
#10233=CARTESIAN_POINT('Ctrl Pts',(-90.511706453957,5.8873697646271,8.52810530035824));
#10234=CARTESIAN_POINT('Ctrl Pts',(-90.5,6.02587785138111,8.42320071730243));
#10235=CARTESIAN_POINT('Ctrl Pts',(-90.5,6.1773780845922,8.33904581604151));
#10236=CARTESIAN_POINT('Origin',(-90.5,7.1,10.));
#10237=CARTESIAN_POINT('Origin',(-96.1,7.1,10.));
#10238=CARTESIAN_POINT('Ctrl Pts',(-89.5,6.1773780845922,8.33904581604151));
#10239=CARTESIAN_POINT('Ctrl Pts',(-89.5,6.0258778510759,8.42320071747197));
#10240=CARTESIAN_POINT('Ctrl Pts',(-89.4882935460692,5.88736976481872,8.52810530017044));
#10241=CARTESIAN_POINT('Ctrl Pts',(-89.4485394760562,5.59723135912987,8.81244320363629));
#10242=CARTESIAN_POINT('Ctrl Pts',(-89.411843121918,5.4480976801243,9.02697028293645));
#10243=CARTESIAN_POINT('Ctrl Pts',(-89.3547535770721,5.24944320092933,9.49899439858796));
#10244=CARTESIAN_POINT('Ctrl Pts',(-89.3363236909349,5.2,9.75675946467365));
#10245=CARTESIAN_POINT('Ctrl Pts',(-89.3363236909349,5.2,10.));
#10246=CARTESIAN_POINT('Ctrl Pts',(-89.3363236909349,5.2,10.2432405353264));
#10247=CARTESIAN_POINT('Ctrl Pts',(-89.3547535770721,5.24944320092933,10.5010056014121));
#10248=CARTESIAN_POINT('Ctrl Pts',(-89.411843121918,5.4480976801243,10.9730297170636));
#10249=CARTESIAN_POINT('Ctrl Pts',(-89.4485394760562,5.59723135912987,11.1875567963637));
#10250=CARTESIAN_POINT('Ctrl Pts',(-89.488293546043,5.8873697646271,11.4718946996418));
#10251=CARTESIAN_POINT('Ctrl Pts',(-89.5,6.02587785138111,11.5767992826976));
#10252=CARTESIAN_POINT('Ctrl Pts',(-89.5,6.1773780845922,11.6609541839585));
#10253=CARTESIAN_POINT('',(-83.9,9.,10.));
#10254=CARTESIAN_POINT('',(-96.1,9.,10.));
#10255=CARTESIAN_POINT('Origin',(-83.9,7.1,10.));
#10256=CARTESIAN_POINT('Origin',(-90.5,13.1,0.));
#10257=CARTESIAN_POINT('',(-90.5,13.1,0.));
#10258=CARTESIAN_POINT('',(-90.5,6.1773780845922,0.));
#10259=CARTESIAN_POINT('',(-90.5,6.1773780845922,0.));
#10260=CARTESIAN_POINT('Origin',(-89.5,13.1,0.));
#10261=CARTESIAN_POINT('',(-83.9,13.1,0.));
#10262=CARTESIAN_POINT('Origin',(-86.5,6.1773780845922,0.));
#10263=CARTESIAN_POINT('',(-87.9788732394366,3.56721833053916,0.));
#10264=CARTESIAN_POINT('Origin',(-86.5,6.1773780845922,0.));
#10265=CARTESIAN_POINT('',(-87.9788732394366,3.56721833053916,20.));
#10266=CARTESIAN_POINT('',(-87.9788732394366,3.56721833053916,0.));
#10267=CARTESIAN_POINT('Origin',(-86.5,6.1773780845922,20.));
#10268=CARTESIAN_POINT('Origin',(-90.,3.5,0.));
#10269=CARTESIAN_POINT('',(-92.0211267605634,3.56721833053916,0.));
#10270=CARTESIAN_POINT('Origin',(-93.5,6.1773780845922,0.));
#10271=CARTESIAN_POINT('Origin',(-90.,0.,0.));
#10272=CARTESIAN_POINT('',(-83.9,0.,0.));
#10273=CARTESIAN_POINT('',(-83.9,13.1,0.));
#10274=CARTESIAN_POINT('Origin',(-90.,0.,0.));
#10275=CARTESIAN_POINT('Origin',(-93.5,6.1773780845922,0.));
#10276=CARTESIAN_POINT('',(-92.0211267605634,3.56721833053916,20.));
#10277=CARTESIAN_POINT('Origin',(-93.5,6.1773780845922,20.));
#10278=CARTESIAN_POINT('',(-92.0211267605634,3.56721833053916,0.));
#10279=CARTESIAN_POINT('Origin',(-90.,0.,0.));
#10280=CARTESIAN_POINT('Origin',(-90.,0.,20.));
#10281=CARTESIAN_POINT('Origin',(-96.1,13.1,0.));
#10282=CARTESIAN_POINT('Origin',(-90.,0.,0.));
#10283=CARTESIAN_POINT('',(-83.9,0.,20.));
#10284=CARTESIAN_POINT('',(-83.9,0.,0.));
#10285=CARTESIAN_POINT('Origin',(-90.,0.,20.));
#10286=CARTESIAN_POINT('Origin',(-83.9,13.1,0.));
#10287=CARTESIAN_POINT('',(-83.9,13.1,20.));
#10288=CARTESIAN_POINT('Origin',(-90.,3.5,20.));
#10289=CARTESIAN_POINT('',(0.,0.,0.));
#10290=CARTESIAN_POINT('Origin',(-92.8,8.1,8.34705025083787));
#10291=CARTESIAN_POINT('',(-83.9,10.6515707799605,4.04710995417657));
#10292=CARTESIAN_POINT('',(-83.9,13.1,8.34705025083787));
#10293=CARTESIAN_POINT('Origin',(-83.9,8.1,8.34705025083787));
#10294=CARTESIAN_POINT('',(-89.5,10.6515707799605,4.04710995417657));
#10295=CARTESIAN_POINT('',(-92.8,10.6515707799605,4.04710995417657));
#10296=CARTESIAN_POINT('',(-89.5,13.1,8.34705025083787));
#10297=CARTESIAN_POINT('Origin',(-89.5,8.1,8.34705025083787));
#10298=CARTESIAN_POINT('',(-92.8,13.1,8.34705025083787));
#10299=CARTESIAN_POINT('Origin',(-96.1,3.83132839685397,0.));
#10300=CARTESIAN_POINT('',(-83.9,3.83132839685397,0.));
#10301=CARTESIAN_POINT('',(-83.9,7.25878797660806,2.03384352103369));
#10302=CARTESIAN_POINT('',(-88.3697729441468,3.83132839685397,0.));
#10303=CARTESIAN_POINT('',(-93.05,3.83132839685397,0.));
#10304=CARTESIAN_POINT('',(-89.5,6.1773780845922,1.39213835973869));
#10305=CARTESIAN_POINT('Origin',(-86.5,6.1773780845922,1.39213835973869));
#10306=CARTESIAN_POINT('',(-89.5,3.91936408763966,0.052240096537342));
#10307=CARTESIAN_POINT('Origin',(-89.5,4.06939798987516,0.));
#10308=CARTESIAN_POINT('',(-89.5,6.1773780845922,8.33904581604151));
#10309=CARTESIAN_POINT('',(-89.5,6.1773780845922,0.));
#10310=CARTESIAN_POINT('',(-89.5,9.,10.));
#10311=CARTESIAN_POINT('Origin',(-89.5,7.1,10.));
#10312=CARTESIAN_POINT('',(-89.5,6.1773780845922,11.6609541839585));
#10313=CARTESIAN_POINT('Origin',(-89.5,7.1,10.));
#10314=CARTESIAN_POINT('',(-89.5,6.1773780845922,18.6078616402613));
#10315=CARTESIAN_POINT('',(-89.5,6.1773780845922,0.));
#10316=CARTESIAN_POINT('',(-89.5,10.6515707799605,15.9528900458234));
#10317=CARTESIAN_POINT('',(-89.5,12.942340695827,14.5935545254033));
#10318=CARTESIAN_POINT('',(-89.5,13.1,11.6529497491621));
#10319=CARTESIAN_POINT('Origin',(-89.5,8.1,11.6529497491621));
#10320=CARTESIAN_POINT('',(-89.5,13.1,0.));
#10321=CARTESIAN_POINT('Origin',(-96.1,8.1,8.34705025083787));
#10322=CARTESIAN_POINT('',(-90.5,10.6515707799605,4.04710995417657));
#10323=CARTESIAN_POINT('',(-90.5,13.1,8.34705025083787));
#10324=CARTESIAN_POINT('Origin',(-90.5,8.1,8.34705025083787));
#10325=CARTESIAN_POINT('',(-96.1,10.6515707799605,4.04710995417657));
#10326=CARTESIAN_POINT('',(-96.1,10.6515707799605,4.04710995417657));
#10327=CARTESIAN_POINT('',(-96.1,13.1,8.34705025083787));
#10328=CARTESIAN_POINT('Origin',(-96.1,8.1,8.34705025083787));
#10329=CARTESIAN_POINT('',(-96.1,13.1,8.34705025083787));
#10330=CARTESIAN_POINT('Origin',(-96.1,3.83132839685397,0.));
#10331=CARTESIAN_POINT('',(-90.5,6.1773780845922,1.39213835973869));
#10332=CARTESIAN_POINT('',(-90.5,7.25878797660806,2.03384352103369));
#10333=CARTESIAN_POINT('',(-91.6302270558532,3.83132839685397,0.));
#10334=CARTESIAN_POINT('Origin',(-93.5,6.1773780845922,1.39213835973869));
#10335=CARTESIAN_POINT('',(-96.1,3.83132839685397,0.));
#10336=CARTESIAN_POINT('',(-93.05,3.83132839685397,0.));
#10337=CARTESIAN_POINT('',(-96.1,2.41454249923691,-0.840716207298673));
#10338=CARTESIAN_POINT('Origin',(-96.1,0.,0.));
#10339=CARTESIAN_POINT('',(-96.1,0.,0.));
#10340=CARTESIAN_POINT('',(-96.1,0.,0.));
#10341=CARTESIAN_POINT('',(-96.1,0.,20.));
#10342=CARTESIAN_POINT('',(-96.1,0.,0.));
#10343=CARTESIAN_POINT('',(-96.1,3.83132839685397,20.));
#10344=CARTESIAN_POINT('',(-96.1,0.,20.));
#10345=CARTESIAN_POINT('',(-96.1,10.6515707799605,15.9528900458234));
#10346=CARTESIAN_POINT('',(-96.1,11.4375191074242,15.4865108292394));
#10347=CARTESIAN_POINT('',(-96.1,13.1,11.6529497491621));
#10348=CARTESIAN_POINT('Origin',(-96.1,8.1,11.6529497491621));
#10349=CARTESIAN_POINT('',(-96.1,13.1,0.));
#10350=CARTESIAN_POINT('',(-96.1,9.,10.));
#10351=CARTESIAN_POINT('Origin',(-96.1,7.1,10.));
#10352=CARTESIAN_POINT('Origin',(-96.1,8.1,11.6529497491621));
#10353=CARTESIAN_POINT('',(-90.5,10.6515707799605,15.9528900458234));
#10354=CARTESIAN_POINT('',(-96.1,10.6515707799605,15.9528900458234));
#10355=CARTESIAN_POINT('',(-90.5,13.1,11.6529497491621));
#10356=CARTESIAN_POINT('Origin',(-90.5,8.1,11.6529497491621));
#10357=CARTESIAN_POINT('',(-96.1,13.1,11.6529497491621));
#10358=CARTESIAN_POINT('Origin',(-96.1,13.1,14.5));
#10359=CARTESIAN_POINT('',(-91.6302270558532,3.83132839685397,20.));
#10360=CARTESIAN_POINT('',(-93.05,3.83132839685398,20.));
#10361=CARTESIAN_POINT('',(-90.5,6.1773780845922,18.6078616402613));
#10362=CARTESIAN_POINT('Origin',(-93.5,6.1773780845922,18.6078616402613));
#10363=CARTESIAN_POINT('',(-90.5,16.2817645847954,12.611951100907));
#10364=CARTESIAN_POINT('Origin',(-92.8,8.1,11.6529497491621));
#10365=CARTESIAN_POINT('',(-83.9,10.6515707799605,15.9528900458234));
#10366=CARTESIAN_POINT('',(-92.8,10.6515707799605,15.9528900458234));
#10367=CARTESIAN_POINT('',(-83.9,13.1,11.6529497491621));
#10368=CARTESIAN_POINT('Origin',(-83.9,8.1,11.6529497491621));
#10369=CARTESIAN_POINT('',(-92.8,13.1,11.6529497491621));
#10370=CARTESIAN_POINT('Origin',(-96.1,13.1,14.5));
#10371=CARTESIAN_POINT('',(-88.3697729441468,3.83132839685397,20.));
#10372=CARTESIAN_POINT('Origin',(-86.5,6.1773780845922,18.6078616402613));
#10373=CARTESIAN_POINT('',(-83.9,3.83132839685397,20.));
#10374=CARTESIAN_POINT('',(-93.05,3.83132839685398,20.));
#10375=CARTESIAN_POINT('',(-83.9,16.2817645847954,12.611951100907));
#10376=CARTESIAN_POINT('Origin',(-96.1,7.1,10.));
#10377=CARTESIAN_POINT('',(-90.5,9.,10.));
#10378=CARTESIAN_POINT('',(-96.1,9.,10.));
#10379=CARTESIAN_POINT('',(-90.5,6.1773780845922,11.6609541839585));
#10380=CARTESIAN_POINT('Origin',(-90.5,7.1,10.));
#10381=CARTESIAN_POINT('',(-90.5,6.1773780845922,8.33904581604151));
#10382=CARTESIAN_POINT('Ctrl Pts',(-90.5,6.1773780845922,11.6609541839585));
#10383=CARTESIAN_POINT('Ctrl Pts',(-90.5,6.0258778510759,11.576799282528));
#10384=CARTESIAN_POINT('Ctrl Pts',(-90.5117064539308,5.88736976481872,11.4718946998296));
#10385=CARTESIAN_POINT('Ctrl Pts',(-90.5514605239438,5.59723135912987,11.1875567963637));
#10386=CARTESIAN_POINT('Ctrl Pts',(-90.588156878082,5.4480976801243,10.9730297170636));
#10387=CARTESIAN_POINT('Ctrl Pts',(-90.6452464229279,5.24944320092933,10.5010056014121));
#10388=CARTESIAN_POINT('Ctrl Pts',(-90.663676309065,5.2,10.2432405353264));
#10389=CARTESIAN_POINT('Ctrl Pts',(-90.663676309065,5.2,10.));
#10390=CARTESIAN_POINT('Ctrl Pts',(-90.663676309065,5.2,9.75675946467365));
#10391=CARTESIAN_POINT('Ctrl Pts',(-90.6452464229279,5.24944320092933,9.49899439858796));
#10392=CARTESIAN_POINT('Ctrl Pts',(-90.588156878082,5.4480976801243,9.02697028293645));
#10393=CARTESIAN_POINT('Ctrl Pts',(-90.5514605239438,5.59723135912987,8.81244320363629));
#10394=CARTESIAN_POINT('Ctrl Pts',(-90.511706453957,5.8873697646271,8.52810530035824));
#10395=CARTESIAN_POINT('Ctrl Pts',(-90.5,6.02587785138111,8.42320071730243));
#10396=CARTESIAN_POINT('Ctrl Pts',(-90.5,6.1773780845922,8.33904581604151));
#10397=CARTESIAN_POINT('Origin',(-90.5,7.1,10.));
#10398=CARTESIAN_POINT('Origin',(-96.1,7.1,10.));
#10399=CARTESIAN_POINT('Ctrl Pts',(-89.5,6.1773780845922,8.33904581604151));
#10400=CARTESIAN_POINT('Ctrl Pts',(-89.5,6.0258778510759,8.42320071747197));
#10401=CARTESIAN_POINT('Ctrl Pts',(-89.4882935460692,5.88736976481872,8.52810530017044));
#10402=CARTESIAN_POINT('Ctrl Pts',(-89.4485394760562,5.59723135912987,8.81244320363629));
#10403=CARTESIAN_POINT('Ctrl Pts',(-89.411843121918,5.4480976801243,9.02697028293645));
#10404=CARTESIAN_POINT('Ctrl Pts',(-89.3547535770721,5.24944320092933,9.49899439858796));
#10405=CARTESIAN_POINT('Ctrl Pts',(-89.3363236909349,5.2,9.75675946467365));
#10406=CARTESIAN_POINT('Ctrl Pts',(-89.3363236909349,5.2,10.));
#10407=CARTESIAN_POINT('Ctrl Pts',(-89.3363236909349,5.2,10.2432405353264));
#10408=CARTESIAN_POINT('Ctrl Pts',(-89.3547535770721,5.24944320092933,10.5010056014121));
#10409=CARTESIAN_POINT('Ctrl Pts',(-89.411843121918,5.4480976801243,10.9730297170636));
#10410=CARTESIAN_POINT('Ctrl Pts',(-89.4485394760562,5.59723135912987,11.1875567963637));
#10411=CARTESIAN_POINT('Ctrl Pts',(-89.488293546043,5.8873697646271,11.4718946996418));
#10412=CARTESIAN_POINT('Ctrl Pts',(-89.5,6.02587785138111,11.5767992826976));
#10413=CARTESIAN_POINT('Ctrl Pts',(-89.5,6.1773780845922,11.6609541839585));
#10414=CARTESIAN_POINT('',(-83.9,9.,10.));
#10415=CARTESIAN_POINT('',(-96.1,9.,10.));
#10416=CARTESIAN_POINT('Origin',(-83.9,7.1,10.));
#10417=CARTESIAN_POINT('Origin',(-90.5,13.1,0.));
#10418=CARTESIAN_POINT('',(-90.5,13.1,0.));
#10419=CARTESIAN_POINT('',(-90.5,6.1773780845922,0.));
#10420=CARTESIAN_POINT('',(-90.5,6.1773780845922,0.));
#10421=CARTESIAN_POINT('Origin',(-89.5,13.1,0.));
#10422=CARTESIAN_POINT('',(-83.9,13.1,0.));
#10423=CARTESIAN_POINT('Origin',(-86.5,6.1773780845922,0.));
#10424=CARTESIAN_POINT('',(-87.9788732394366,3.56721833053916,0.));
#10425=CARTESIAN_POINT('Origin',(-86.5,6.1773780845922,0.));
#10426=CARTESIAN_POINT('',(-87.9788732394366,3.56721833053916,20.));
#10427=CARTESIAN_POINT('',(-87.9788732394366,3.56721833053916,0.));
#10428=CARTESIAN_POINT('Origin',(-86.5,6.1773780845922,20.));
#10429=CARTESIAN_POINT('Origin',(-90.,3.5,0.));
#10430=CARTESIAN_POINT('',(-92.0211267605634,3.56721833053916,0.));
#10431=CARTESIAN_POINT('Origin',(-93.5,6.1773780845922,0.));
#10432=CARTESIAN_POINT('Origin',(-90.,0.,0.));
#10433=CARTESIAN_POINT('',(-83.9,0.,0.));
#10434=CARTESIAN_POINT('',(-83.9,13.1,0.));
#10435=CARTESIAN_POINT('Origin',(-90.,0.,0.));
#10436=CARTESIAN_POINT('Origin',(-93.5,6.1773780845922,0.));
#10437=CARTESIAN_POINT('',(-92.0211267605634,3.56721833053916,20.));
#10438=CARTESIAN_POINT('Origin',(-93.5,6.1773780845922,20.));
#10439=CARTESIAN_POINT('',(-92.0211267605634,3.56721833053916,0.));
#10440=CARTESIAN_POINT('Origin',(-90.,0.,0.));
#10441=CARTESIAN_POINT('Origin',(-90.,0.,20.));
#10442=CARTESIAN_POINT('Origin',(-96.1,13.1,0.));
#10443=CARTESIAN_POINT('Origin',(-90.,0.,0.));
#10444=CARTESIAN_POINT('',(-83.9,0.,20.));
#10445=CARTESIAN_POINT('',(-83.9,0.,0.));
#10446=CARTESIAN_POINT('Origin',(-90.,0.,20.));
#10447=CARTESIAN_POINT('Origin',(-83.9,13.1,0.));
#10448=CARTESIAN_POINT('',(-83.9,13.1,20.));
#10449=CARTESIAN_POINT('Origin',(-90.,3.5,20.));
#10450=CARTESIAN_POINT('',(0.,0.,0.));
#10451=CARTESIAN_POINT('Origin',(-92.8,8.1,-8.34705025083787));
#10452=CARTESIAN_POINT('',(-83.9,10.6515707799605,-4.04710995417657));
#10453=CARTESIAN_POINT('',(-83.9,13.1,-8.34705025083787));
#10454=CARTESIAN_POINT('Origin',(-83.9,8.1,-8.34705025083787));
#10455=CARTESIAN_POINT('',(-89.5,13.1,-8.34705025083787));
#10456=CARTESIAN_POINT('',(-92.8,13.1,-8.34705025083787));
#10457=CARTESIAN_POINT('',(-89.5,10.6515707799605,-4.04710995417657));
#10458=CARTESIAN_POINT('Origin',(-89.5,8.1,-8.34705025083787));
#10459=CARTESIAN_POINT('',(-92.8,10.6515707799605,-4.04710995417657));
#10460=CARTESIAN_POINT('Origin',(-96.1,3.83132839685397,0.));
#10461=CARTESIAN_POINT('',(-89.5,6.1773780845922,-1.39213835973869));
#10462=CARTESIAN_POINT('',(-89.5,3.91936408763966,-0.052240096537342));
#10463=CARTESIAN_POINT('',(-88.3697729441468,3.83132839685397,0.));
#10464=CARTESIAN_POINT('Origin',(-86.5,6.1773780845922,-1.39213835973869));
#10465=CARTESIAN_POINT('',(-83.9,3.83132839685397,0.));
#10466=CARTESIAN_POINT('',(-93.05,3.83132839685397,0.));
#10467=CARTESIAN_POINT('',(-83.9,7.25878797660806,-2.03384352103369));
#10468=CARTESIAN_POINT('Origin',(-89.5,4.06939798987516,0.));
#10469=CARTESIAN_POINT('',(-89.5,13.1,-11.6529497491621));
#10470=CARTESIAN_POINT('',(-89.5,13.1,0.));
#10471=CARTESIAN_POINT('',(-89.5,10.6515707799605,-15.9528900458234));
#10472=CARTESIAN_POINT('Origin',(-89.5,8.1,-11.6529497491621));
#10473=CARTESIAN_POINT('',(-89.5,6.1773780845922,-18.6078616402613));
#10474=CARTESIAN_POINT('',(-89.5,12.942340695827,-14.5935545254033));
#10475=CARTESIAN_POINT('',(-89.5,6.1773780845922,-11.6609541839585));
#10476=CARTESIAN_POINT('',(-89.5,6.1773780845922,0.));
#10477=CARTESIAN_POINT('',(-89.5,9.,-10.));
#10478=CARTESIAN_POINT('Origin',(-89.5,7.1,-10.));
#10479=CARTESIAN_POINT('',(-89.5,6.1773780845922,-8.33904581604151));
#10480=CARTESIAN_POINT('Origin',(-89.5,7.1,-10.));
#10481=CARTESIAN_POINT('',(-89.5,6.1773780845922,0.));
#10482=CARTESIAN_POINT('Origin',(-96.1,8.1,-8.34705025083787));
#10483=CARTESIAN_POINT('',(-90.5,10.6515707799605,-4.04710995417657));
#10484=CARTESIAN_POINT('',(-90.5,13.1,-8.34705025083787));
#10485=CARTESIAN_POINT('Origin',(-90.5,8.1,-8.34705025083787));
#10486=CARTESIAN_POINT('',(-96.1,13.1,-8.34705025083787));
#10487=CARTESIAN_POINT('',(-96.1,13.1,-8.34705025083787));
#10488=CARTESIAN_POINT('',(-96.1,10.6515707799605,-4.04710995417657));
#10489=CARTESIAN_POINT('Origin',(-96.1,8.1,-8.34705025083787));
#10490=CARTESIAN_POINT('',(-96.1,10.6515707799605,-4.04710995417657));
#10491=CARTESIAN_POINT('Origin',(-96.1,3.83132839685397,0.));
#10492=CARTESIAN_POINT('',(-96.1,3.83132839685397,0.));
#10493=CARTESIAN_POINT('',(-96.1,2.41454249923691,0.840716207298673));
#10494=CARTESIAN_POINT('',(-91.6302270558532,3.83132839685397,0.));
#10495=CARTESIAN_POINT('',(-93.05,3.83132839685397,0.));
#10496=CARTESIAN_POINT('',(-90.5,6.1773780845922,-1.39213835973869));
#10497=CARTESIAN_POINT('Origin',(-93.5,6.1773780845922,-1.39213835973869));
#10498=CARTESIAN_POINT('',(-90.5,7.25878797660806,-2.03384352103369));
#10499=CARTESIAN_POINT('Origin',(-96.1,0.,0.));
#10500=CARTESIAN_POINT('',(-96.1,13.1,-11.6529497491621));
#10501=CARTESIAN_POINT('',(-96.1,13.1,0.));
#10502=CARTESIAN_POINT('',(-96.1,10.6515707799605,-15.9528900458234));
#10503=CARTESIAN_POINT('Origin',(-96.1,8.1,-11.6529497491621));
#10504=CARTESIAN_POINT('',(-96.1,3.83132839685397,-20.));
#10505=CARTESIAN_POINT('',(-96.1,11.4375191074242,-15.4865108292394));
#10506=CARTESIAN_POINT('',(-96.1,0.,-20.));
#10507=CARTESIAN_POINT('',(-96.1,0.,-20.));
#10508=CARTESIAN_POINT('',(-96.1,0.,0.));
#10509=CARTESIAN_POINT('',(-96.1,0.,0.));
#10510=CARTESIAN_POINT('',(-96.1,0.,0.));
#10511=CARTESIAN_POINT('',(-96.1,9.,-10.));
#10512=CARTESIAN_POINT('Origin',(-96.1,7.1,-10.));
#10513=CARTESIAN_POINT('Origin',(-96.1,8.1,-11.6529497491621));
#10514=CARTESIAN_POINT('',(-90.5,13.1,-11.6529497491621));
#10515=CARTESIAN_POINT('',(-96.1,13.1,-11.6529497491621));
#10516=CARTESIAN_POINT('',(-90.5,10.6515707799605,-15.9528900458234));
#10517=CARTESIAN_POINT('Origin',(-90.5,8.1,-11.6529497491621));
#10518=CARTESIAN_POINT('',(-96.1,10.6515707799605,-15.9528900458234));
#10519=CARTESIAN_POINT('Origin',(-96.1,13.1,-14.5));
#10520=CARTESIAN_POINT('',(-90.5,6.1773780845922,-18.6078616402613));
#10521=CARTESIAN_POINT('',(-90.5,16.2817645847954,-12.611951100907));
#10522=CARTESIAN_POINT('',(-91.6302270558532,3.83132839685397,-20.));
#10523=CARTESIAN_POINT('Origin',(-93.5,6.1773780845922,-18.6078616402613));
#10524=CARTESIAN_POINT('',(-93.05,3.83132839685398,-20.));
#10525=CARTESIAN_POINT('Origin',(-92.8,8.1,-11.6529497491621));
#10526=CARTESIAN_POINT('',(-83.9,13.1,-11.6529497491621));
#10527=CARTESIAN_POINT('',(-92.8,13.1,-11.6529497491621));
#10528=CARTESIAN_POINT('',(-83.9,10.6515707799605,-15.9528900458234));
#10529=CARTESIAN_POINT('Origin',(-83.9,8.1,-11.6529497491621));
#10530=CARTESIAN_POINT('',(-92.8,10.6515707799605,-15.9528900458234));
#10531=CARTESIAN_POINT('Origin',(-96.1,13.1,-14.5));
#10532=CARTESIAN_POINT('',(-83.9,3.83132839685397,-20.));
#10533=CARTESIAN_POINT('',(-83.9,16.2817645847954,-12.611951100907));
#10534=CARTESIAN_POINT('',(-88.3697729441468,3.83132839685397,-20.));
#10535=CARTESIAN_POINT('',(-93.05,3.83132839685398,-20.));
#10536=CARTESIAN_POINT('Origin',(-86.5,6.1773780845922,-18.6078616402613));
#10537=CARTESIAN_POINT('Origin',(-96.1,7.1,-10.));
#10538=CARTESIAN_POINT('',(-90.5,9.,-10.));
#10539=CARTESIAN_POINT('',(-96.1,9.,-10.));
#10540=CARTESIAN_POINT('',(-90.5,6.1773780845922,-8.33904581604151));
#10541=CARTESIAN_POINT('Origin',(-90.5,7.1,-10.));
#10542=CARTESIAN_POINT('',(-90.5,6.1773780845922,-11.6609541839585));
#10543=CARTESIAN_POINT('Ctrl Pts',(-90.5,6.1773780845922,-11.6609541839585));
#10544=CARTESIAN_POINT('Ctrl Pts',(-90.5,6.0258778510759,-11.576799282528));
#10545=CARTESIAN_POINT('Ctrl Pts',(-90.5117064539308,5.88736976481872,-11.4718946998296));
#10546=CARTESIAN_POINT('Ctrl Pts',(-90.5514605239438,5.59723135912987,-11.1875567963637));
#10547=CARTESIAN_POINT('Ctrl Pts',(-90.588156878082,5.4480976801243,-10.9730297170636));
#10548=CARTESIAN_POINT('Ctrl Pts',(-90.6452464229279,5.24944320092933,-10.5010056014121));
#10549=CARTESIAN_POINT('Ctrl Pts',(-90.663676309065,5.2,-10.2432405353264));
#10550=CARTESIAN_POINT('Ctrl Pts',(-90.663676309065,5.2,-10.));
#10551=CARTESIAN_POINT('Ctrl Pts',(-90.663676309065,5.2,-9.75675946467365));
#10552=CARTESIAN_POINT('Ctrl Pts',(-90.6452464229279,5.24944320092933,-9.49899439858796));
#10553=CARTESIAN_POINT('Ctrl Pts',(-90.588156878082,5.4480976801243,-9.02697028293645));
#10554=CARTESIAN_POINT('Ctrl Pts',(-90.5514605239438,5.59723135912987,-8.81244320363629));
#10555=CARTESIAN_POINT('Ctrl Pts',(-90.511706453957,5.8873697646271,-8.52810530035824));
#10556=CARTESIAN_POINT('Ctrl Pts',(-90.5,6.02587785138111,-8.42320071730243));
#10557=CARTESIAN_POINT('Ctrl Pts',(-90.5,6.1773780845922,-8.33904581604151));
#10558=CARTESIAN_POINT('Origin',(-90.5,7.1,-10.));
#10559=CARTESIAN_POINT('Origin',(-96.1,7.1,-10.));
#10560=CARTESIAN_POINT('Ctrl Pts',(-89.5,6.1773780845922,-8.33904581604151));
#10561=CARTESIAN_POINT('Ctrl Pts',(-89.5,6.0258778510759,-8.42320071747197));
#10562=CARTESIAN_POINT('Ctrl Pts',(-89.4882935460692,5.88736976481872,-8.52810530017044));
#10563=CARTESIAN_POINT('Ctrl Pts',(-89.4485394760562,5.59723135912987,-8.81244320363629));
#10564=CARTESIAN_POINT('Ctrl Pts',(-89.411843121918,5.4480976801243,-9.02697028293645));
#10565=CARTESIAN_POINT('Ctrl Pts',(-89.3547535770721,5.24944320092933,-9.49899439858796));
#10566=CARTESIAN_POINT('Ctrl Pts',(-89.3363236909349,5.2,-9.75675946467365));
#10567=CARTESIAN_POINT('Ctrl Pts',(-89.3363236909349,5.2,-10.));
#10568=CARTESIAN_POINT('Ctrl Pts',(-89.3363236909349,5.2,-10.2432405353264));
#10569=CARTESIAN_POINT('Ctrl Pts',(-89.3547535770721,5.24944320092933,-10.5010056014121));
#10570=CARTESIAN_POINT('Ctrl Pts',(-89.411843121918,5.4480976801243,-10.9730297170636));
#10571=CARTESIAN_POINT('Ctrl Pts',(-89.4485394760562,5.59723135912987,-11.1875567963637));
#10572=CARTESIAN_POINT('Ctrl Pts',(-89.488293546043,5.8873697646271,-11.4718946996418));
#10573=CARTESIAN_POINT('Ctrl Pts',(-89.5,6.02587785138111,-11.5767992826976));
#10574=CARTESIAN_POINT('Ctrl Pts',(-89.5,6.1773780845922,-11.6609541839585));
#10575=CARTESIAN_POINT('',(-83.9,9.,-10.));
#10576=CARTESIAN_POINT('',(-96.1,9.,-10.));
#10577=CARTESIAN_POINT('Origin',(-83.9,7.1,-10.));
#10578=CARTESIAN_POINT('Origin',(-90.5,13.1,0.));
#10579=CARTESIAN_POINT('',(-90.5,6.1773780845922,0.));
#10580=CARTESIAN_POINT('',(-90.5,6.1773780845922,0.));
#10581=CARTESIAN_POINT('',(-90.5,13.1,0.));
#10582=CARTESIAN_POINT('Origin',(-89.5,13.1,0.));
#10583=CARTESIAN_POINT('',(-83.9,13.1,0.));
#10584=CARTESIAN_POINT('Origin',(-86.5,6.1773780845922,0.));
#10585=CARTESIAN_POINT('',(-87.9788732394366,3.56721833053916,-20.));
#10586=CARTESIAN_POINT('Origin',(-86.5,6.1773780845922,-20.));
#10587=CARTESIAN_POINT('',(-87.9788732394366,3.56721833053916,0.));
#10588=CARTESIAN_POINT('',(-87.9788732394366,3.56721833053916,0.));
#10589=CARTESIAN_POINT('Origin',(-86.5,6.1773780845922,0.));
#10590=CARTESIAN_POINT('Origin',(-90.,3.5,0.));
#10591=CARTESIAN_POINT('',(-83.9,0.,0.));
#10592=CARTESIAN_POINT('Origin',(-90.,0.,0.));
#10593=CARTESIAN_POINT('',(-83.9,13.1,0.));
#10594=CARTESIAN_POINT('',(-92.0211267605634,3.56721833053916,0.));
#10595=CARTESIAN_POINT('Origin',(-90.,0.,0.));
#10596=CARTESIAN_POINT('Origin',(-93.5,6.1773780845922,0.));
#10597=CARTESIAN_POINT('Origin',(-93.5,6.1773780845922,0.));
#10598=CARTESIAN_POINT('',(-92.0211267605634,3.56721833053916,-20.));
#10599=CARTESIAN_POINT('',(-92.0211267605634,3.56721833053916,0.));
#10600=CARTESIAN_POINT('Origin',(-93.5,6.1773780845922,-20.));
#10601=CARTESIAN_POINT('Origin',(-90.,0.,0.));
#10602=CARTESIAN_POINT('Origin',(-90.,0.,-20.));
#10603=CARTESIAN_POINT('Origin',(-96.1,13.1,0.));
#10604=CARTESIAN_POINT('Origin',(-90.,0.,0.));
#10605=CARTESIAN_POINT('',(-83.9,0.,-20.));
#10606=CARTESIAN_POINT('Origin',(-90.,0.,-20.));
#10607=CARTESIAN_POINT('',(-83.9,0.,0.));
#10608=CARTESIAN_POINT('Origin',(-83.9,13.1,0.));
#10609=CARTESIAN_POINT('',(-83.9,13.1,-20.));
#10610=CARTESIAN_POINT('Origin',(-90.,3.5,-20.));
#10611=CARTESIAN_POINT('',(0.,0.,0.));
#10612=CARTESIAN_POINT('Origin',(399.5,34.,2.49999970197698));
#10613=CARTESIAN_POINT('',(399.5,38.25,2.49999970197698));
#10614=CARTESIAN_POINT('Origin',(399.5,34.,2.49999970197698));
#10615=CARTESIAN_POINT('Origin',(-100.5,34.,2.49999970197698));
#10616=CARTESIAN_POINT('',(-100.5,38.25,2.49999970197698));
#10617=CARTESIAN_POINT('Origin',(-100.5,34.,2.49999970197698));
#10618=CARTESIAN_POINT('Origin',(-80.5,34.,2.49999970197698));
#10619=CARTESIAN_POINT('',(-80.5,38.25,2.49999970197698));
#10620=CARTESIAN_POINT('Origin',(399.5,90.7498315563263,2.49997636505284));
#10621=CARTESIAN_POINT('',(399.5,94.9998315563263,2.49997636505284));
#10622=CARTESIAN_POINT('Origin',(399.5,90.7498315563263,2.49997636505284));
#10623=CARTESIAN_POINT('Origin',(-100.5,90.7498315563263,2.49997636505284));
#10624=CARTESIAN_POINT('',(-100.5,94.9998315563263,2.49997636505284));
#10625=CARTESIAN_POINT('Origin',(-100.5,90.7498315563263,2.49997636505284));
#10626=CARTESIAN_POINT('Origin',(-80.5,90.7498315563263,2.49997636505284));
#10627=CARTESIAN_POINT('',(-80.5,94.9998315563263,2.49997636505284));
#10628=CARTESIAN_POINT('Origin',(399.5,5.99999999999998,41.4999997019769));
#10629=CARTESIAN_POINT('',(399.5,10.25,41.4999997019769));
#10630=CARTESIAN_POINT('Origin',(399.5,5.99999999999998,41.4999997019769));
#10631=CARTESIAN_POINT('Origin',(-100.5,5.99999999999998,41.4999997019769));
#10632=CARTESIAN_POINT('',(-100.5,10.25,41.4999997019769));
#10633=CARTESIAN_POINT('Origin',(-100.5,5.99999999999998,41.4999997019769));
#10634=CARTESIAN_POINT('Origin',(-80.5,5.99999999999998,41.4999997019769));
#10635=CARTESIAN_POINT('',(-80.5,10.25,41.4999997019769));
#10636=CARTESIAN_POINT('Origin',(399.5,118.749863631832,41.4999533364646));
#10637=CARTESIAN_POINT('',(399.5,122.999863631832,41.4999533364646));
#10638=CARTESIAN_POINT('Origin',(399.5,118.749863631832,41.4999533364646));
#10639=CARTESIAN_POINT('Origin',(-100.5,118.749863631832,41.4999533364646));
#10640=CARTESIAN_POINT('',(-100.5,122.999863631832,41.4999533364646));
#10641=CARTESIAN_POINT('Origin',(-100.5,118.749863631832,41.4999533364646));
#10642=CARTESIAN_POINT('Origin',(-80.5,118.749863631832,41.4999533364646));
#10643=CARTESIAN_POINT('',(-80.5,122.999863631832,41.4999533364646));
#10644=CARTESIAN_POINT('',(0.,0.,0.));
#10645=CARTESIAN_POINT('Origin',(-80.5,27.4374598424006,21.9999997019769));
#10646=CARTESIAN_POINT('',(-80.5,62.3749124883715,-5.50000029802172));
#10647=CARTESIAN_POINT('',(-80.5,12.,-5.50000029802302));
#10648=CARTESIAN_POINT('',(-80.5,12.,-5.50000029802302));
#10649=CARTESIAN_POINT('',(-80.5,8.,-1.50000029802303));
#10650=CARTESIAN_POINT('Origin',(-80.5,12.,-1.50000029802302));
#10651=CARTESIAN_POINT('',(-80.5,8.,-1.00000029802319));
#10652=CARTESIAN_POINT('',(-80.5,8.,-1.00000029802319));
#10653=CARTESIAN_POINT('',(-80.5,4.,2.99999970197681));
#10654=CARTESIAN_POINT('Origin',(-80.5,4.,-1.00000029802319));
#10655=CARTESIAN_POINT('',(-80.5,5.55111512312578E-16,2.99999970197681));
#10656=CARTESIAN_POINT('',(-80.5,6.42939766992399E-16,2.99999970197681));
#10657=CARTESIAN_POINT('',(-80.5,-5.80645161290325,15.2471166867386));
#10658=CARTESIAN_POINT('Origin',(-80.5,-2.47718505338454E-15,10.4999997019768));
#10659=CARTESIAN_POINT('',(-80.5,-4.00000000000002,20.3107081371511));
#10660=CARTESIAN_POINT('Origin',(-80.5,-12.,20.3107081371511));
#10661=CARTESIAN_POINT('',(-80.5,-4.00000000000002,41.4999997019769));
#10662=CARTESIAN_POINT('',(-80.5,-4.00000000000002,34.4999997019769));
#10663=CARTESIAN_POINT('',(-80.5,3.99999999999998,49.4999997019769));
#10664=CARTESIAN_POINT('Origin',(-80.5,3.99999999999998,41.4999997019769));
#10665=CARTESIAN_POINT('',(-80.5,5.99999999999998,49.4999997019769));
#10666=CARTESIAN_POINT('',(-80.5,5.99999999999998,49.4999997019769));
#10667=CARTESIAN_POINT('',(-80.5,12.4568932478655,46.2231903170076));
#10668=CARTESIAN_POINT('Origin',(-80.5,5.99999999999998,41.4999997019769));
#10669=CARTESIAN_POINT('',(-80.5,16.1764186718287,41.1383962581993));
#10670=CARTESIAN_POINT('',(-80.5,12.4568932478655,46.2231903170076));
#10671=CARTESIAN_POINT('',(-80.5,19.4048593440716,39.4999997019777));
#10672=CARTESIAN_POINT('Origin',(-80.5,19.4048593440936,43.4999997019777));
#10673=CARTESIAN_POINT('',(-80.5,62.3749052919119,39.4999997019777));
#10674=CARTESIAN_POINT('',(-80.5,62.3749052919119,39.4999997019777));
#10675=CARTESIAN_POINT('',(-80.5,62.3749052919119,34.4999997019777));
#10676=CARTESIAN_POINT('',(-80.5,62.3749052919119,34.4999997019777));
#10677=CARTESIAN_POINT('',(-80.5,62.3749196848012,11.9999997019768));
#10678=CARTESIAN_POINT('',(-80.5,62.3749052919119,34.4999997019777));
#10679=CARTESIAN_POINT('',(-80.5,62.3749525827954,34.4999997019583));
#10680=CARTESIAN_POINT('',(-80.5,62.3749525827954,34.4999997019583));
#10681=CARTESIAN_POINT('',(-80.5,62.3749566950409,39.4999997019566));
#10682=CARTESIAN_POINT('',(-80.5,62.3749525827954,34.4999997019583));
#10683=CARTESIAN_POINT('',(-80.5,105.345002642867,39.4999643612807));
#10684=CARTESIAN_POINT('',(-80.5,62.3749566950409,39.4999997019566));
#10685=CARTESIAN_POINT('',(-80.5,108.573444662606,41.1383582622735));
#10686=CARTESIAN_POINT('Origin',(-80.5,105.345005932641,43.4999643612793));
#10687=CARTESIAN_POINT('',(-80.5,112.292974268553,46.2231492619598));
#10688=CARTESIAN_POINT('',(-80.5,112.292974268553,46.2231492619598));
#10689=CARTESIAN_POINT('',(-80.5,118.749870211425,49.4999533364619));
#10690=CARTESIAN_POINT('Origin',(-80.5,118.749863631832,41.4999533364646));
#10691=CARTESIAN_POINT('',(-80.5,120.749870211424,49.4999516915637));
#10692=CARTESIAN_POINT('',(-80.5,118.749870211425,49.4999533364619));
#10693=CARTESIAN_POINT('',(-80.5,128.749863631829,41.4999451119735));
#10694=CARTESIAN_POINT('Origin',(-80.5,120.749863631831,41.4999516915664));
#10695=CARTESIAN_POINT('',(-80.5,128.749846204715,20.3106535471549));
#10696=CARTESIAN_POINT('',(-80.5,128.749857874685,34.4999451119759));
#10697=CARTESIAN_POINT('',(-80.5,130.556293653071,15.2470606110296));
#10698=CARTESIAN_POINT('Origin',(-80.5,136.749846204712,20.3106469675621));
#10699=CARTESIAN_POINT('',(-80.5,124.749831967539,2.99994840178288));
#10700=CARTESIAN_POINT('Origin',(-80.5,124.749838135908,10.4999484017804));
#10701=CARTESIAN_POINT('',(-80.5,120.749831967541,2.99995169157931));
#10702=CARTESIAN_POINT('',(-80.5,124.749831967539,2.99994840178288));
#10703=CARTESIAN_POINT('',(-80.5,116.749828677746,-1.00004501862291));
#10704=CARTESIAN_POINT('Origin',(-80.5,120.749828677744,-1.00004830841934));
#10705=CARTESIAN_POINT('',(-80.5,116.749828266521,-1.50004501862258));
#10706=CARTESIAN_POINT('',(-80.5,116.749828677746,-1.00004501862291));
#10707=CARTESIAN_POINT('',(-80.5,112.749824976726,-5.50004172882479));
#10708=CARTESIAN_POINT('Origin',(-80.5,112.749828266522,-1.50004172882615));
#10709=CARTESIAN_POINT('',(-80.5,112.749824976726,-5.50004172882479));
#10710=CARTESIAN_POINT('',(-80.5,55.8749052919292,34.4999997019769));
#10711=CARTESIAN_POINT('',(-80.5,17.5,34.4999997019769));
#10712=CARTESIAN_POINT('',(-80.5,55.8749052919292,34.4999997019769));
#10713=CARTESIAN_POINT('',(-80.5,13.5,30.4999997019769));
#10714=CARTESIAN_POINT('Origin',(-80.5,17.5,30.4999997019769));
#10715=CARTESIAN_POINT('',(-80.5,13.5,15.9999997019775));
#10716=CARTESIAN_POINT('',(-80.5,13.5,15.9999997019775));
#10717=CARTESIAN_POINT('',(-80.5,17.5000000000006,11.9999997019769));
#10718=CARTESIAN_POINT('Origin',(-80.5,17.5000000000006,15.9999997019775));
#10719=CARTESIAN_POINT('',(-80.5,55.8749052919368,11.9999997019808));
#10720=CARTESIAN_POINT('',(-80.5,55.8749052919368,11.9999997019744));
#10721=CARTESIAN_POINT('',(-80.5,59.8749052919292,15.9999997019749));
#10722=CARTESIAN_POINT('Origin',(-80.5,55.8749052919368,15.9999997019732));
#10723=CARTESIAN_POINT('',(-80.5,59.8749052919298,30.4999997019771));
#10724=CARTESIAN_POINT('',(-80.5,59.8749052919299,30.4999997019771));
#10725=CARTESIAN_POINT('Origin',(-80.5,55.87490529193,30.4999997019771));
#10726=CARTESIAN_POINT('',(-80.5,1.49999999999999,34.4999991655351));
#10727=CARTESIAN_POINT('Origin',(-80.5,-9.60889847854345E-15,34.4999991655351));
#10728=CARTESIAN_POINT('',(-80.5,10.25,41.4999997019769));
#10729=CARTESIAN_POINT('Origin',(-80.5,5.99999999999998,41.4999997019769));
#10730=CARTESIAN_POINT('',(-80.5,1.5,10.4999997019768));
#10731=CARTESIAN_POINT('Origin',(-80.5,-2.47718505338454E-15,10.4999997019768));
#10732=CARTESIAN_POINT('',(-80.5,123.249838135908,10.499949635454));
#10733=CARTESIAN_POINT('Origin',(-80.5,124.749838135908,10.4999484017804));
#10734=CARTESIAN_POINT('',(-80.5,86.4998315563277,2.49997986046155));
#10735=CARTESIAN_POINT('Origin',(-80.5,90.7498315563263,2.49997636505285));
#10736=CARTESIAN_POINT('',(-80.5,114.499863631833,41.4999568318733));
#10737=CARTESIAN_POINT('Origin',(-80.5,118.749863631832,41.4999533364646));
#10738=CARTESIAN_POINT('',(-80.5,123.249857874686,34.4999490990042));
#10739=CARTESIAN_POINT('Origin',(-80.5,124.749857874686,34.4999478653305));
#10740=CARTESIAN_POINT('',(-80.5,68.8749525827758,34.4999943560383));
#10741=CARTESIAN_POINT('',(-80.5,107.249857874692,34.4999627946317));
#10742=CARTESIAN_POINT('',(-80.5,68.8749525827758,34.4999943560383));
#10743=CARTESIAN_POINT('',(-80.5,64.8749492929802,30.4999976458362));
#10744=CARTESIAN_POINT('Origin',(-80.5,68.8749492929786,30.4999943560398));
#10745=CARTESIAN_POINT('',(-80.5,64.8749373674687,15.9999976458389));
#10746=CARTESIAN_POINT('',(-80.5,64.8749492929801,30.4999976458362));
#10747=CARTESIAN_POINT('',(-80.5,68.8749340776634,11.9999943560498));
#10748=CARTESIAN_POINT('Origin',(-80.5,68.8749373674598,15.9999943560409));
#10749=CARTESIAN_POINT('',(-80.5,107.249839369587,11.9999627946393));
#10750=CARTESIAN_POINT('',(-80.5,68.8749340776634,11.9999943560433));
#10751=CARTESIAN_POINT('',(-80.5,111.249842659382,15.9999595048422));
#10752=CARTESIAN_POINT('Origin',(-80.5,107.249842659383,15.9999627946386));
#10753=CARTESIAN_POINT('',(-80.5,111.249854584894,30.4999595048366));
#10754=CARTESIAN_POINT('',(-80.5,111.249842659382,15.9999595048422));
#10755=CARTESIAN_POINT('Origin',(-80.5,107.249854584896,30.499962794633));
#10756=CARTESIAN_POINT('Origin',(-70.5,68.8749492929786,30.4999943560398));
#10757=CARTESIAN_POINT('',(-70.5,68.8749525827758,34.4999943560383));
#10758=CARTESIAN_POINT('',(-70.5,64.8749492929802,30.4999976458362));
#10759=CARTESIAN_POINT('Origin',(-70.5,68.8749492929786,30.4999943560398));
#10760=CARTESIAN_POINT('',(-70.5,64.8749492929802,30.4999976458362));
#10761=CARTESIAN_POINT('',(-70.5,68.8749525827758,34.4999943560383));
#10762=CARTESIAN_POINT('Origin',(-70.5,64.8749373674687,15.9999976458389));
#10763=CARTESIAN_POINT('',(-70.5,64.8749373674687,15.9999976458389));
#10764=CARTESIAN_POINT('',(-70.5,64.8749492929801,30.4999976458362));
#10765=CARTESIAN_POINT('',(-70.5,64.8749373674687,15.9999976458389));
#10766=CARTESIAN_POINT('Origin',(-70.5,68.8749373674598,15.9999943560409));
#10767=CARTESIAN_POINT('',(-70.5,68.8749340776634,11.9999943560498));
#10768=CARTESIAN_POINT('Origin',(-70.5,68.8749373674598,15.9999943560409));
#10769=CARTESIAN_POINT('',(-70.5,68.8749340776634,11.9999943560498));
#10770=CARTESIAN_POINT('Origin',(-70.5,107.249839369587,11.9999627946393));
#10771=CARTESIAN_POINT('',(-70.5,107.249839369587,11.9999627946393));
#10772=CARTESIAN_POINT('',(-70.5,68.8749340776634,11.9999943560433));
#10773=CARTESIAN_POINT('',(-70.5,107.249839369587,11.9999627946393));
#10774=CARTESIAN_POINT('Origin',(-70.5,107.249842659383,15.9999627946386));
#10775=CARTESIAN_POINT('',(-70.5,111.249842659382,15.9999595048422));
#10776=CARTESIAN_POINT('Origin',(-70.5,107.249842659383,15.9999627946386));
#10777=CARTESIAN_POINT('',(-70.5,111.249842659382,15.9999595048422));
#10778=CARTESIAN_POINT('Origin',(-70.5,111.249854584894,30.4999595048366));
#10779=CARTESIAN_POINT('',(-70.5,111.249854584894,30.4999595048366));
#10780=CARTESIAN_POINT('',(-70.5,111.249842659382,15.9999595048422));
#10781=CARTESIAN_POINT('',(-70.5,111.249854584894,30.4999595048366));
#10782=CARTESIAN_POINT('Origin',(-70.5,107.249854584896,30.499962794633));
#10783=CARTESIAN_POINT('',(-70.5,107.249857874692,34.4999627946317));
#10784=CARTESIAN_POINT('Origin',(-70.5,107.249854584896,30.499962794633));
#10785=CARTESIAN_POINT('',(-70.5,107.249857874692,34.4999627946317));
#10786=CARTESIAN_POINT('Origin',(-70.5,68.8749525827758,34.4999943560383));
#10787=CARTESIAN_POINT('',(-70.5,68.8749525827758,34.4999943560383));
#10788=CARTESIAN_POINT('Origin',(-70.5,124.749857874686,34.4999478653305));
#10789=CARTESIAN_POINT('',(-70.5,123.249857874686,34.4999490990042));
#10790=CARTESIAN_POINT('',(-70.5,123.249857874686,34.4999490990042));
#10791=CARTESIAN_POINT('Origin',(-70.5,124.749857874686,34.4999478653305));
#10792=CARTESIAN_POINT('Origin',(-70.5,118.749863631832,41.4999533364646));
#10793=CARTESIAN_POINT('',(-70.5,114.499863631833,41.4999568318733));
#10794=CARTESIAN_POINT('',(-70.5,114.499863631833,41.4999568318733));
#10795=CARTESIAN_POINT('Origin',(-70.5,118.749863631832,41.4999533364646));
#10796=CARTESIAN_POINT('Origin',(-70.5,90.7498315563263,2.49997636505285));
#10797=CARTESIAN_POINT('',(-70.5,86.4998315563277,2.49997986046155));
#10798=CARTESIAN_POINT('',(-70.5,86.4998315563277,2.49997986046155));
#10799=CARTESIAN_POINT('Origin',(-70.5,90.7498315563263,2.49997636505285));
#10800=CARTESIAN_POINT('Origin',(-70.5,124.749838135908,10.4999484017804));
#10801=CARTESIAN_POINT('',(-70.5,123.249838135908,10.499949635454));
#10802=CARTESIAN_POINT('',(-70.5,123.249838135908,10.499949635454));
#10803=CARTESIAN_POINT('Origin',(-70.5,124.749838135908,10.4999484017804));
#10804=CARTESIAN_POINT('Origin',(-70.5,105.345002642867,39.4999643612807));
#10805=CARTESIAN_POINT('',(-70.5,62.3749566950409,39.4999997019566));
#10806=CARTESIAN_POINT('',(-70.5,105.345002642867,39.4999643612807));
#10807=CARTESIAN_POINT('',(-70.5,62.3749566950409,39.4999997019566));
#10808=CARTESIAN_POINT('',(-70.5,105.345002642867,39.4999643612807));
#10809=CARTESIAN_POINT('',(-70.5,62.3749566950409,39.4999997019566));
#10810=CARTESIAN_POINT('Origin',(-70.5,105.345005932641,43.4999643612793));
#10811=CARTESIAN_POINT('',(-70.5,108.573444662606,41.1383582622735));
#10812=CARTESIAN_POINT('Origin',(-70.5,105.345005932641,43.4999643612793));
#10813=CARTESIAN_POINT('',(-70.5,108.573444662606,41.1383582622735));
#10814=CARTESIAN_POINT('Origin',(-70.5,112.292974268553,46.2231492619598));
#10815=CARTESIAN_POINT('',(-70.5,112.292974268553,46.2231492619598));
#10816=CARTESIAN_POINT('',(-70.5,112.292974268553,46.2231492619598));
#10817=CARTESIAN_POINT('',(-70.5,112.292974268553,46.2231492619598));
#10818=CARTESIAN_POINT('Origin',(-70.5,118.749863631832,41.4999533364646));
#10819=CARTESIAN_POINT('',(-70.5,118.749870211425,49.4999533364619));
#10820=CARTESIAN_POINT('Origin',(-70.5,118.749863631832,41.4999533364646));
#10821=CARTESIAN_POINT('',(-70.5,118.749870211425,49.4999533364619));
#10822=CARTESIAN_POINT('Origin',(-70.5,120.749870211424,49.4999516915637));
#10823=CARTESIAN_POINT('',(-70.5,120.749870211424,49.4999516915637));
#10824=CARTESIAN_POINT('',(-70.5,118.749870211425,49.4999533364619));
#10825=CARTESIAN_POINT('',(-70.5,120.749870211424,49.4999516915637));
#10826=CARTESIAN_POINT('Origin',(-70.5,120.749863631831,41.4999516915664));
#10827=CARTESIAN_POINT('',(-70.5,128.749863631829,41.4999451119735));
#10828=CARTESIAN_POINT('Origin',(-70.5,120.749863631831,41.4999516915664));
#10829=CARTESIAN_POINT('',(-70.5,128.749863631829,41.4999451119735));
#10830=CARTESIAN_POINT('Origin',(-70.5,128.749846204715,20.3106535471549));
#10831=CARTESIAN_POINT('',(-70.5,128.749846204715,20.3106535471549));
#10832=CARTESIAN_POINT('',(-70.5,128.749857874685,34.4999451119759));
#10833=CARTESIAN_POINT('',(-70.5,128.749846204715,20.3106535471549));
#10834=CARTESIAN_POINT('Origin',(-70.5,136.749846204712,20.3106469675621));
#10835=CARTESIAN_POINT('',(-70.5,130.556293653071,15.2470606110296));
#10836=CARTESIAN_POINT('Origin',(-70.5,136.749846204712,20.3106469675621));
#10837=CARTESIAN_POINT('',(-70.5,130.556293653071,15.2470606110296));
#10838=CARTESIAN_POINT('Origin',(-70.5,124.749838135908,10.4999484017804));
#10839=CARTESIAN_POINT('',(-70.5,124.749831967539,2.99994840178288));
#10840=CARTESIAN_POINT('Origin',(-70.5,124.749838135908,10.4999484017804));
#10841=CARTESIAN_POINT('',(-70.5,124.749831967539,2.99994840178288));
#10842=CARTESIAN_POINT('Origin',(-70.5,120.749831967541,2.99995169157931));
#10843=CARTESIAN_POINT('',(-70.5,120.749831967541,2.99995169157931));
#10844=CARTESIAN_POINT('',(-70.5,124.749831967539,2.99994840178288));
#10845=CARTESIAN_POINT('',(-70.5,120.749831967541,2.99995169157931));
#10846=CARTESIAN_POINT('Origin',(-70.5,120.749828677744,-1.00004830841934));
#10847=CARTESIAN_POINT('',(-70.5,116.749828677746,-1.00004501862291));
#10848=CARTESIAN_POINT('Origin',(-70.5,120.749828677744,-1.00004830841934));
#10849=CARTESIAN_POINT('',(-70.5,116.749828677746,-1.00004501862291));
#10850=CARTESIAN_POINT('Origin',(-70.5,116.749828266521,-1.50004501862258));
#10851=CARTESIAN_POINT('',(-70.5,116.749828266521,-1.50004501862258));
#10852=CARTESIAN_POINT('',(-70.5,116.749828677746,-1.00004501862291));
#10853=CARTESIAN_POINT('',(-70.5,116.749828266521,-1.50004501862258));
#10854=CARTESIAN_POINT('Origin',(-70.5,112.749828266522,-1.50004172882615));
#10855=CARTESIAN_POINT('',(-70.5,112.749824976726,-5.50004172882479));
#10856=CARTESIAN_POINT('Origin',(-70.5,112.749828266522,-1.50004172882615));
#10857=CARTESIAN_POINT('',(-70.5,112.749824976726,-5.50004172882479));
#10858=CARTESIAN_POINT('Origin',(-70.5,62.3749124883715,-5.50000029802172));
#10859=CARTESIAN_POINT('',(-70.5,62.3749124883715,-5.50000029802172));
#10860=CARTESIAN_POINT('',(-70.5,112.749824976726,-5.50004172882479));
#10861=CARTESIAN_POINT('',(-70.5,62.3749124883715,-5.50000029802172));
#10862=CARTESIAN_POINT('Origin',(-70.5,62.3749525827954,34.4999997019583));
#10863=CARTESIAN_POINT('',(-70.5,62.3749525827954,34.4999997019583));
#10864=CARTESIAN_POINT('',(-70.5,62.3749196848012,11.9999997019768));
#10865=CARTESIAN_POINT('',(-70.5,62.3749525827954,34.4999997019583));
#10866=CARTESIAN_POINT('',(-70.5,62.3749525827954,34.4999997019583));
#10867=CARTESIAN_POINT('',(-70.5,62.3749196848012,11.9999997019768));
#10868=CARTESIAN_POINT('Origin',(-70.5,62.3749566950409,39.4999997019566));
#10869=CARTESIAN_POINT('',(-70.5,62.3749525827954,34.4999997019583));
#10870=CARTESIAN_POINT('Origin',(-70.5,55.87490529193,30.4999997019771));
#10871=CARTESIAN_POINT('',(-70.5,55.8749052919292,34.4999997019769));
#10872=CARTESIAN_POINT('',(-70.5,59.8749052919298,30.4999997019771));
#10873=CARTESIAN_POINT('Origin',(-70.5,55.87490529193,30.4999997019771));
#10874=CARTESIAN_POINT('',(-70.5,55.8749052919292,34.4999997019769));
#10875=CARTESIAN_POINT('',(-70.5,59.8749052919298,30.4999997019771));
#10876=CARTESIAN_POINT('Origin',(-70.5,59.8749052919292,15.9999997019749));
#10877=CARTESIAN_POINT('',(-70.5,59.8749052919292,15.9999997019749));
#10878=CARTESIAN_POINT('',(-70.5,59.8749052919299,30.4999997019771));
#10879=CARTESIAN_POINT('',(-70.5,59.8749052919292,15.9999997019749));
#10880=CARTESIAN_POINT('Origin',(-70.5,55.8749052919368,15.9999997019732));
#10881=CARTESIAN_POINT('',(-70.5,55.8749052919368,11.9999997019808));
#10882=CARTESIAN_POINT('Origin',(-70.5,55.8749052919368,15.9999997019732));
#10883=CARTESIAN_POINT('',(-70.5,55.8749052919368,11.9999997019808));
#10884=CARTESIAN_POINT('Origin',(-70.5,17.5000000000006,11.9999997019769));
#10885=CARTESIAN_POINT('',(-70.5,17.5000000000006,11.9999997019769));
#10886=CARTESIAN_POINT('',(-70.5,55.8749052919368,11.9999997019744));
#10887=CARTESIAN_POINT('',(-70.5,17.5000000000006,11.9999997019769));
#10888=CARTESIAN_POINT('Origin',(-70.5,17.5000000000006,15.9999997019775));
#10889=CARTESIAN_POINT('',(-70.5,13.5,15.9999997019775));
#10890=CARTESIAN_POINT('Origin',(-70.5,17.5000000000006,15.9999997019775));
#10891=CARTESIAN_POINT('',(-70.5,13.5,15.9999997019775));
#10892=CARTESIAN_POINT('Origin',(-70.5,13.5,30.4999997019769));
#10893=CARTESIAN_POINT('',(-70.5,13.5,30.4999997019769));
#10894=CARTESIAN_POINT('',(-70.5,13.5,15.9999997019775));
#10895=CARTESIAN_POINT('',(-70.5,13.5,30.4999997019769));
#10896=CARTESIAN_POINT('Origin',(-70.5,17.5,30.4999997019769));
#10897=CARTESIAN_POINT('',(-70.5,17.5,34.4999997019769));
#10898=CARTESIAN_POINT('Origin',(-70.5,17.5,30.4999997019769));
#10899=CARTESIAN_POINT('',(-70.5,17.5,34.4999997019769));
#10900=CARTESIAN_POINT('Origin',(-70.5,55.8749052919292,34.4999997019769));
#10901=CARTESIAN_POINT('',(-70.5,55.8749052919292,34.4999997019769));
#10902=CARTESIAN_POINT('Origin',(-70.5,-9.60889847854345E-15,34.4999991655351));
#10903=CARTESIAN_POINT('',(-70.5,1.49999999999999,34.4999991655351));
#10904=CARTESIAN_POINT('',(-70.5,1.49999999999999,34.4999991655351));
#10905=CARTESIAN_POINT('Origin',(-70.5,-9.60889847854345E-15,34.4999991655351));
#10906=CARTESIAN_POINT('Origin',(-70.5,5.99999999999998,41.4999997019769));
#10907=CARTESIAN_POINT('',(-70.5,10.25,41.4999997019769));
#10908=CARTESIAN_POINT('',(-70.5,10.25,41.4999997019769));
#10909=CARTESIAN_POINT('Origin',(-70.5,5.99999999999998,41.4999997019769));
#10910=CARTESIAN_POINT('Origin',(-70.5,-2.47718505338454E-15,10.4999997019768));
#10911=CARTESIAN_POINT('',(-70.5,1.5,10.4999997019768));
#10912=CARTESIAN_POINT('',(-70.5,1.5,10.4999997019768));
#10913=CARTESIAN_POINT('Origin',(-70.5,-2.47718505338454E-15,10.4999997019768));
#10914=CARTESIAN_POINT('Origin',(-70.5,19.4048593440716,39.4999997019777));
#10915=CARTESIAN_POINT('',(-70.5,62.3749052919119,39.4999997019777));
#10916=CARTESIAN_POINT('',(-70.5,19.4048593440716,39.4999997019777));
#10917=CARTESIAN_POINT('',(-70.5,62.3749052919119,39.4999997019777));
#10918=CARTESIAN_POINT('',(-70.5,62.3749052919119,39.4999997019777));
#10919=CARTESIAN_POINT('',(-70.5,19.4048593440716,39.4999997019777));
#10920=CARTESIAN_POINT('Origin',(-70.5,19.4048593440936,43.4999997019777));
#10921=CARTESIAN_POINT('',(-70.5,16.1764186718287,41.1383962581993));
#10922=CARTESIAN_POINT('Origin',(-70.5,19.4048593440936,43.4999997019777));
#10923=CARTESIAN_POINT('',(-70.5,16.1764186718287,41.1383962581993));
#10924=CARTESIAN_POINT('Origin',(-70.5,12.4568932478655,46.2231903170076));
#10925=CARTESIAN_POINT('',(-70.5,12.4568932478655,46.2231903170076));
#10926=CARTESIAN_POINT('',(-70.5,12.4568932478655,46.2231903170076));
#10927=CARTESIAN_POINT('',(-70.5,12.4568932478655,46.2231903170076));
#10928=CARTESIAN_POINT('Origin',(-70.5,5.99999999999998,41.4999997019769));
#10929=CARTESIAN_POINT('',(-70.5,5.99999999999998,49.4999997019769));
#10930=CARTESIAN_POINT('Origin',(-70.5,5.99999999999998,41.4999997019769));
#10931=CARTESIAN_POINT('',(-70.5,5.99999999999998,49.4999997019769));
#10932=CARTESIAN_POINT('Origin',(-70.5,3.99999999999998,49.4999997019769));
#10933=CARTESIAN_POINT('',(-70.5,3.99999999999998,49.4999997019769));
#10934=CARTESIAN_POINT('',(-70.5,5.99999999999998,49.4999997019769));
#10935=CARTESIAN_POINT('',(-70.5,3.99999999999998,49.4999997019769));
#10936=CARTESIAN_POINT('Origin',(-70.5,3.99999999999998,41.4999997019769));
#10937=CARTESIAN_POINT('',(-70.5,-4.00000000000002,41.4999997019769));
#10938=CARTESIAN_POINT('Origin',(-70.5,3.99999999999998,41.4999997019769));
#10939=CARTESIAN_POINT('',(-70.5,-4.00000000000002,41.4999997019769));
#10940=CARTESIAN_POINT('Origin',(-70.5,-4.00000000000002,20.3107081371511));
#10941=CARTESIAN_POINT('',(-70.5,-4.00000000000002,20.3107081371511));
#10942=CARTESIAN_POINT('',(-70.5,-4.00000000000002,34.4999997019769));
#10943=CARTESIAN_POINT('',(-70.5,-4.00000000000002,20.3107081371511));
#10944=CARTESIAN_POINT('Origin',(-70.5,-12.,20.3107081371511));
#10945=CARTESIAN_POINT('',(-70.5,-5.80645161290325,15.2471166867386));
#10946=CARTESIAN_POINT('Origin',(-70.5,-12.,20.3107081371511));
#10947=CARTESIAN_POINT('',(-70.5,-5.80645161290325,15.2471166867386));
#10948=CARTESIAN_POINT('Origin',(-70.5,-2.47718505338454E-15,10.4999997019768));
#10949=CARTESIAN_POINT('',(-70.5,6.42939766992399E-16,2.99999970197681));
#10950=CARTESIAN_POINT('Origin',(-70.5,-2.47718505338454E-15,10.4999997019768));
#10951=CARTESIAN_POINT('',(-70.5,6.42939766992399E-16,2.99999970197681));
#10952=CARTESIAN_POINT('Origin',(-70.5,4.,2.99999970197681));
#10953=CARTESIAN_POINT('',(-70.5,4.,2.99999970197681));
#10954=CARTESIAN_POINT('',(-70.5,6.42939766992399E-16,2.99999970197681));
#10955=CARTESIAN_POINT('',(-70.5,4.,2.99999970197681));
#10956=CARTESIAN_POINT('Origin',(-70.5,4.,-1.00000029802319));
#10957=CARTESIAN_POINT('',(-70.5,8.,-1.00000029802319));
#10958=CARTESIAN_POINT('Origin',(-70.5,4.,-1.00000029802319));
#10959=CARTESIAN_POINT('',(-70.5,8.,-1.00000029802319));
#10960=CARTESIAN_POINT('Origin',(-70.5,8.,-1.50000029802302));
#10961=CARTESIAN_POINT('',(-70.5,8.,-1.50000029802302));
#10962=CARTESIAN_POINT('',(-70.5,8.,-1.00000029802319));
#10963=CARTESIAN_POINT('',(-70.5,8.,-1.50000029802302));
#10964=CARTESIAN_POINT('Origin',(-70.5,12.,-1.50000029802302));
#10965=CARTESIAN_POINT('',(-70.5,12.,-5.50000029802302));
#10966=CARTESIAN_POINT('Origin',(-70.5,12.,-1.50000029802302));
#10967=CARTESIAN_POINT('',(-70.5,12.,-5.50000029802302));
#10968=CARTESIAN_POINT('Origin',(-70.5,62.3749124883715,-5.50000029802172));
#10969=CARTESIAN_POINT('',(-70.5,12.,-5.50000029802302));
#10970=CARTESIAN_POINT('Origin',(-70.5,62.3749052919119,34.4999997019777));
#10971=CARTESIAN_POINT('',(-70.5,62.3749052919119,34.4999997019777));
#10972=CARTESIAN_POINT('',(-70.5,62.3749052919119,34.4999997019777));
#10973=CARTESIAN_POINT('',(-70.5,62.3749052919119,34.4999997019777));
#10974=CARTESIAN_POINT('Origin',(-70.5,62.3749052919119,39.4999997019777));
#10975=CARTESIAN_POINT('',(-70.5,62.3749052919119,34.4999997019777));
#10976=CARTESIAN_POINT('Origin',(-70.5,27.4374598424006,21.9999997019769));
#10977=CARTESIAN_POINT('',(-100.499999999999,118.750064720599,131.499906970788));
#10978=CARTESIAN_POINT('',(234.500000000001,118.750064720599,131.499906970791));
#10979=CARTESIAN_POINT('',(-100.5,90.7497044879445,-87.5000469717648));
#10980=CARTESIAN_POINT('',(-100.499999999999,5.99999999999629,131.499999701973));
#10981=CARTESIAN_POINT('',(-100.5,34.0000000000008,-87.5000002980237));
#10982=CARTESIAN_POINT('',(379.5,34.0000000000008,-87.5000002980228));
#10983=CARTESIAN_POINT('',(379.500000000001,5.99999999999627,131.499999701974));
#10984=CARTESIAN_POINT('',(379.5,90.7497044879445,-87.5000469717639));
#10985=CARTESIAN_POINT('',(379.500000000001,118.750064720599,131.499906970789));
#10986=CARTESIAN_POINT('',(335.,0.,0.));
#10987=CARTESIAN_POINT('',(0.,0.,0.));
#10988=CARTESIAN_POINT('',(0.,0.,0.));
#10989=CARTESIAN_POINT('',(0.,0.,0.));
#10990=CARTESIAN_POINT('',(44.000000000001,118.750064720599,131.499906970792));
#10991=CARTESIAN_POINT('',(44.000000000001,5.99999999999627,131.499999701977));
#10992=CARTESIAN_POINT('',(234.500000000001,5.99999999999627,131.499999701975));
#10993=CARTESIAN_POINT('',(234.5,90.7497044879445,-87.5000469717639));
#10994=CARTESIAN_POINT('',(44.0000000000002,90.7497044879445,-87.5000469717641));
#10995=CARTESIAN_POINT('',(234.5,34.0000000000008,-87.5000002980228));
#10996=CARTESIAN_POINT('',(44.0000000000002,34.0000000000008,-87.500000298023));
#10997=CARTESIAN_POINT('',(0.,0.,0.));
#10998=CARTESIAN_POINT('',(449.5,0.,0.));
#10999=CARTESIAN_POINT('',(335.,0.,0.));
#11000=CARTESIAN_POINT('',(114.5,0.,0.));
#11001=CARTESIAN_POINT('',(0.,0.,0.));
#11002=CARTESIAN_POINT('',(0.,0.,0.));
#11003=UNCERTAINTY_MEASURE_WITH_UNIT(LENGTH_MEASURE(0.01),#11027,
'DISTANCE_ACCURACY_VALUE',
'Maximum model space distance between geometric entities at asserted c
onnectivities');
#11004=UNCERTAINTY_MEASURE_WITH_UNIT(LENGTH_MEASURE(0.01),#11027,
'DISTANCE_ACCURACY_VALUE',
'Maximum model space distance between geometric entities at asserted c
onnectivities');
#11005=UNCERTAINTY_MEASURE_WITH_UNIT(LENGTH_MEASURE(0.01),#11027,
'DISTANCE_ACCURACY_VALUE',
'Maximum model space distance between geometric entities at asserted c
onnectivities');
#11006=UNCERTAINTY_MEASURE_WITH_UNIT(LENGTH_MEASURE(0.01),#11027,
'DISTANCE_ACCURACY_VALUE',
'Maximum model space distance between geometric entities at asserted c
onnectivities');
#11007=UNCERTAINTY_MEASURE_WITH_UNIT(LENGTH_MEASURE(0.01),#11027,
'DISTANCE_ACCURACY_VALUE',
'Maximum model space distance between geometric entities at asserted c
onnectivities');
#11008=UNCERTAINTY_MEASURE_WITH_UNIT(LENGTH_MEASURE(0.01),#11027,
'DISTANCE_ACCURACY_VALUE',
'Maximum model space distance between geometric entities at asserted c
onnectivities');
#11009=UNCERTAINTY_MEASURE_WITH_UNIT(LENGTH_MEASURE(0.01),#11027,
'DISTANCE_ACCURACY_VALUE',
'Maximum model space distance between geometric entities at asserted c
onnectivities');
#11010=UNCERTAINTY_MEASURE_WITH_UNIT(LENGTH_MEASURE(0.01),#11027,
'DISTANCE_ACCURACY_VALUE',
'Maximum model space distance between geometric entities at asserted c
onnectivities');
#11011=UNCERTAINTY_MEASURE_WITH_UNIT(LENGTH_MEASURE(0.01),#11027,
'DISTANCE_ACCURACY_VALUE',
'Maximum model space distance between geometric entities at asserted c
onnectivities');
#11012=UNCERTAINTY_MEASURE_WITH_UNIT(LENGTH_MEASURE(0.01),#11027,
'DISTANCE_ACCURACY_VALUE',
'Maximum model space distance between geometric entities at asserted c
onnectivities');
#11013=UNCERTAINTY_MEASURE_WITH_UNIT(LENGTH_MEASURE(0.01),#11027,
'DISTANCE_ACCURACY_VALUE',
'Maximum model space distance between geometric entities at asserted c
onnectivities');
#11014=UNCERTAINTY_MEASURE_WITH_UNIT(LENGTH_MEASURE(0.01),#11027,
'DISTANCE_ACCURACY_VALUE',
'Maximum model space distance between geometric entities at asserted c
onnectivities');
#11015=(
GEOMETRIC_REPRESENTATION_CONTEXT(3)
GLOBAL_UNCERTAINTY_ASSIGNED_CONTEXT((#11003))
GLOBAL_UNIT_ASSIGNED_CONTEXT((#11027,#11029,#11030))
REPRESENTATION_CONTEXT('','3D')
);
#11016=(
GEOMETRIC_REPRESENTATION_CONTEXT(3)
GLOBAL_UNCERTAINTY_ASSIGNED_CONTEXT((#11004))
GLOBAL_UNIT_ASSIGNED_CONTEXT((#11027,#11029,#11030))
REPRESENTATION_CONTEXT('','3D')
);
#11017=(
GEOMETRIC_REPRESENTATION_CONTEXT(3)
GLOBAL_UNCERTAINTY_ASSIGNED_CONTEXT((#11005))
GLOBAL_UNIT_ASSIGNED_CONTEXT((#11027,#11029,#11030))
REPRESENTATION_CONTEXT('','3D')
);
#11018=(
GEOMETRIC_REPRESENTATION_CONTEXT(3)
GLOBAL_UNCERTAINTY_ASSIGNED_CONTEXT((#11006))
GLOBAL_UNIT_ASSIGNED_CONTEXT((#11027,#11029,#11030))
REPRESENTATION_CONTEXT('','3D')
);
#11019=(
GEOMETRIC_REPRESENTATION_CONTEXT(3)
GLOBAL_UNCERTAINTY_ASSIGNED_CONTEXT((#11007))
GLOBAL_UNIT_ASSIGNED_CONTEXT((#11027,#11029,#11030))
REPRESENTATION_CONTEXT('','3D')
);
#11020=(
GEOMETRIC_REPRESENTATION_CONTEXT(3)
GLOBAL_UNCERTAINTY_ASSIGNED_CONTEXT((#11008))
GLOBAL_UNIT_ASSIGNED_CONTEXT((#11027,#11029,#11030))
REPRESENTATION_CONTEXT('','3D')
);
#11021=(
GEOMETRIC_REPRESENTATION_CONTEXT(3)
GLOBAL_UNCERTAINTY_ASSIGNED_CONTEXT((#11009))
GLOBAL_UNIT_ASSIGNED_CONTEXT((#11027,#11029,#11030))
REPRESENTATION_CONTEXT('','3D')
);
#11022=(
GEOMETRIC_REPRESENTATION_CONTEXT(3)
GLOBAL_UNCERTAINTY_ASSIGNED_CONTEXT((#11010))
GLOBAL_UNIT_ASSIGNED_CONTEXT((#11027,#11029,#11030))
REPRESENTATION_CONTEXT('','3D')
);
#11023=(
GEOMETRIC_REPRESENTATION_CONTEXT(3)
GLOBAL_UNCERTAINTY_ASSIGNED_CONTEXT((#11011))
GLOBAL_UNIT_ASSIGNED_CONTEXT((#11027,#11029,#11030))
REPRESENTATION_CONTEXT('','3D')
);
#11024=(
GEOMETRIC_REPRESENTATION_CONTEXT(3)
GLOBAL_UNCERTAINTY_ASSIGNED_CONTEXT((#11012))
GLOBAL_UNIT_ASSIGNED_CONTEXT((#11027,#11029,#11030))
REPRESENTATION_CONTEXT('','3D')
);
#11025=(
GEOMETRIC_REPRESENTATION_CONTEXT(3)
GLOBAL_UNCERTAINTY_ASSIGNED_CONTEXT((#11013))
GLOBAL_UNIT_ASSIGNED_CONTEXT((#11027,#11029,#11030))
REPRESENTATION_CONTEXT('','3D')
);
#11026=(
GEOMETRIC_REPRESENTATION_CONTEXT(3)
GLOBAL_UNCERTAINTY_ASSIGNED_CONTEXT((#11014))
GLOBAL_UNIT_ASSIGNED_CONTEXT((#11027,#11029,#11030))
REPRESENTATION_CONTEXT('','3D')
);
#11027=(
LENGTH_UNIT()
NAMED_UNIT(*)
SI_UNIT(.MILLI.,.METRE.)
);
#11028=(
LENGTH_UNIT()
NAMED_UNIT(*)
SI_UNIT($,.METRE.)
);
#11029=(
NAMED_UNIT(*)
PLANE_ANGLE_UNIT()
SI_UNIT($,.RADIAN.)
);
#11030=(
NAMED_UNIT(*)
SI_UNIT($,.STERADIAN.)
SOLID_ANGLE_UNIT()
);
#11031=SHAPE_DEFINITION_REPRESENTATION(#11042,#11080);
#11032=SHAPE_DEFINITION_REPRESENTATION(#11043,#11081);
#11033=SHAPE_DEFINITION_REPRESENTATION(#11044,#11082);
#11034=SHAPE_DEFINITION_REPRESENTATION(#11045,#11083);
#11035=SHAPE_DEFINITION_REPRESENTATION(#11047,#11084);
#11036=SHAPE_DEFINITION_REPRESENTATION(#11048,#11085);
#11037=SHAPE_DEFINITION_REPRESENTATION(#11049,#11086);
#11038=SHAPE_DEFINITION_REPRESENTATION(#11050,#11087);
#11039=SHAPE_DEFINITION_REPRESENTATION(#11051,#11088);
#11040=SHAPE_DEFINITION_REPRESENTATION(#11052,#11089);
#11041=SHAPE_DEFINITION_REPRESENTATION(#11053,#11090);
#11042=PRODUCT_DEFINITION_SHAPE('',$,#11092);
#11043=PRODUCT_DEFINITION_SHAPE('',$,#11093);
#11044=PRODUCT_DEFINITION_SHAPE('',$,#11094);
#11045=PRODUCT_DEFINITION_SHAPE('',$,#11095);
#11046=PRODUCT_DEFINITION_SHAPE($,$,#110);
#11047=PRODUCT_DEFINITION_SHAPE('',$,#11096);
#11048=PRODUCT_DEFINITION_SHAPE('',$,#11097);
#11049=PRODUCT_DEFINITION_SHAPE('',$,#11098);
#11050=PRODUCT_DEFINITION_SHAPE('',$,#11099);
#11051=PRODUCT_DEFINITION_SHAPE('',$,#11100);
#11052=PRODUCT_DEFINITION_SHAPE('',$,#11101);
#11053=PRODUCT_DEFINITION_SHAPE('',$,#11102);
#11054=PRODUCT_DEFINITION_SHAPE($,$,#111);
#11055=PRODUCT_DEFINITION_SHAPE($,$,#112);
#11056=PRODUCT_DEFINITION_SHAPE($,$,#113);
#11057=PRODUCT_DEFINITION_SHAPE($,$,#114);
#11058=PRODUCT_DEFINITION_SHAPE($,$,#115);
#11059=PRODUCT_DEFINITION_SHAPE($,$,#116);
#11060=PRODUCT_DEFINITION_SHAPE($,$,#117);
#11061=PRODUCT_DEFINITION_SHAPE($,$,#118);
#11062=PRODUCT_DEFINITION_SHAPE($,$,#119);
#11063=PRODUCT_DEFINITION_SHAPE($,$,#120);
#11064=PRODUCT_DEFINITION_SHAPE($,$,#121);
#11065=PRODUCT_DEFINITION_SHAPE($,$,#122);
#11066=PRODUCT_DEFINITION_SHAPE($,$,#123);
#11067=PRODUCT_DEFINITION_SHAPE($,$,#124);
#11068=PRODUCT_DEFINITION_SHAPE($,$,#125);
#11069=PRODUCT_DEFINITION_SHAPE($,$,#126);
#11070=PRODUCT_DEFINITION_SHAPE($,$,#127);
#11071=PRODUCT_DEFINITION_SHAPE($,$,#128);
#11072=PRODUCT_DEFINITION_SHAPE($,$,#129);
#11073=PRODUCT_DEFINITION_SHAPE($,$,#130);
#11074=PRODUCT_DEFINITION_SHAPE($,$,#131);
#11075=PRODUCT_DEFINITION_SHAPE($,$,#132);
#11076=PRODUCT_DEFINITION_SHAPE($,$,#133);
#11077=PRODUCT_DEFINITION_SHAPE($,$,#134);
#11078=PRODUCT_DEFINITION_SHAPE($,$,#135);
#11079=PRODUCT_DEFINITION_SHAPE($,$,#136);
#11080=SHAPE_REPRESENTATION('',(#6461,#7142),#11015);
#11081=SHAPE_REPRESENTATION('',(#6462,#7117,#7118,#7119,#7120,#7121,#7122,
#7123,#7124,#7125,#7126,#7127,#7128,#7129,#7130,#7131,#7132,#7133,#7134,
#7135,#7136,#7137,#7138,#7139,#7140,#7141),#11016);
#11082=SHAPE_REPRESENTATION('',(#6463,#6651),#11017);
#11083=SHAPE_REPRESENTATION('',(#6464),#11018);
#11084=SHAPE_REPRESENTATION('',(#6652),#11019);
#11085=SHAPE_REPRESENTATION('',(#6726),#11020);
#11086=SHAPE_REPRESENTATION('',(#6833),#11021);
#11087=SHAPE_REPRESENTATION('',(#6882),#11022);
#11088=SHAPE_REPRESENTATION('',(#6931),#11023);
#11089=SHAPE_REPRESENTATION('',(#6980),#11024);
#11090=SHAPE_REPRESENTATION('',(#7001),#11025);
#11091=PRODUCT_DEFINITION_CONTEXT('part definition',#11126,'design');
#11092=PRODUCT_DEFINITION('2025-10-03-19-46-29-707','body_v4',#11103,#11091);
#11093=PRODUCT_DEFINITION('2026-02-08-17-49-36-552','BODY_Central',#11104,
#11091);
#11094=PRODUCT_DEFINITION('2025-10-29-18-45-14-144','bat_4s_holder',#11105,
#11091);
#11095=PRODUCT_DEFINITION('2026-02-08-16-12-48-717','LIPO',#11106,#11091);
#11096=PRODUCT_DEFINITION('2025-10-27-18-53-43-416',
'twist_plate_lower_v1',#11107,#11091);
#11097=PRODUCT_DEFINITION('2025-10-27-14-33-30-557','twist_plate_v1',#11108,
#11091);
#11098=PRODUCT_DEFINITION('2025-10-03-23-41-58-420',
'body_v1_clamp_template(Mirror) (1)',#11109,#11091);
#11099=PRODUCT_DEFINITION('2025-10-03-23-41-58-420_1',
'body_v1_clamp_template(Mirror)',#11110,#11091);
#11100=PRODUCT_DEFINITION('2025-10-01-07-48-14-087',
'body_v1_clamp_template',#11111,#11091);
#11101=PRODUCT_DEFINITION('2025-10-03-23-02-03-404','L0',#11112,#11091);
#11102=PRODUCT_DEFINITION('2025-10-03-19-52-16-750','end_plate1',#11113,
#11091);
#11103=PRODUCT_DEFINITION_FORMATION('',$,#11128);
#11104=PRODUCT_DEFINITION_FORMATION('',$,#11129);
#11105=PRODUCT_DEFINITION_FORMATION('',$,#11130);
#11106=PRODUCT_DEFINITION_FORMATION('',$,#11131);
#11107=PRODUCT_DEFINITION_FORMATION('',$,#11132);
#11108=PRODUCT_DEFINITION_FORMATION('',$,#11133);
#11109=PRODUCT_DEFINITION_FORMATION('',$,#11134);
#11110=PRODUCT_DEFINITION_FORMATION('',$,#11135);
#11111=PRODUCT_DEFINITION_FORMATION('',$,#11136);
#11112=PRODUCT_DEFINITION_FORMATION('',$,#11137);
#11113=PRODUCT_DEFINITION_FORMATION('',$,#11138);
#11114=PRODUCT_RELATED_PRODUCT_CATEGORY('body_v4','body_v4',(#11128));
#11115=PRODUCT_RELATED_PRODUCT_CATEGORY('BODY_Central','BODY_Central',(#11129));
#11116=PRODUCT_RELATED_PRODUCT_CATEGORY('bat_4s_holder','bat_4s_holder',
(#11130));
#11117=PRODUCT_RELATED_PRODUCT_CATEGORY('LIPO','LIPO',(#11131));
#11118=PRODUCT_RELATED_PRODUCT_CATEGORY('twist_plate_lower_v1',
'twist_plate_lower_v1',(#11132));
#11119=PRODUCT_RELATED_PRODUCT_CATEGORY('twist_plate_v1',
'twist_plate_v1',(#11133));
#11120=PRODUCT_RELATED_PRODUCT_CATEGORY(
'body_v1_clamp_template(Mirror) (1)',
'body_v1_clamp_template(Mirror) (1)',(#11134));
#11121=PRODUCT_RELATED_PRODUCT_CATEGORY(
'body_v1_clamp_template(Mirror)','body_v1_clamp_template(Mirror)',(#11135));
#11122=PRODUCT_RELATED_PRODUCT_CATEGORY('body_v1_clamp_template',
'body_v1_clamp_template',(#11136));
#11123=PRODUCT_RELATED_PRODUCT_CATEGORY('L0','L0',(#11137));
#11124=PRODUCT_RELATED_PRODUCT_CATEGORY('end_plate1','end_plate1',(#11138));
#11125=APPLICATION_PROTOCOL_DEFINITION('international standard',
'automotive_design',2009,#11126);
#11126=APPLICATION_CONTEXT(
'Core Data for Automotive Mechanical Design Process');
#11127=PRODUCT_CONTEXT('part definition',#11126,'mechanical');
#11128=PRODUCT('2025-10-03-19-46-29-707','body_v4',$,(#11127));
#11129=PRODUCT('2026-02-08-17-49-36-552','BODY_Central',$,(#11127));
#11130=PRODUCT('2025-10-29-18-45-14-144','bat_4s_holder',$,(#11127));
#11131=PRODUCT('2026-02-08-16-12-48-717','LIPO',$,(#11127));
#11132=PRODUCT('2025-10-27-18-53-43-416','twist_plate_lower_v1',$,(#11127));
#11133=PRODUCT('2025-10-27-14-33-30-557','twist_plate_v1',$,(#11127));
#11134=PRODUCT('2025-10-03-23-41-58-420',
'body_v1_clamp_template(Mirror) (1)',$,(#11127));
#11135=PRODUCT('2025-10-03-23-41-58-420_1',
'body_v1_clamp_template(Mirror)',$,(#11127));
#11136=PRODUCT('2025-10-01-07-48-14-087','body_v1_clamp_template',$,(#11127));
#11137=PRODUCT('2025-10-03-23-02-03-404','L0',$,(#11127));
#11138=PRODUCT('2025-10-03-19-52-16-750','end_plate1',$,(#11127));
#11139=PRESENTATION_STYLE_ASSIGNMENT((#11144));
#11140=PRESENTATION_STYLE_ASSIGNMENT((#11145));
#11141=PRESENTATION_STYLE_ASSIGNMENT((#11146));
#11142=PRESENTATION_STYLE_ASSIGNMENT((#11147));
#11143=PRESENTATION_STYLE_ASSIGNMENT((#11148));
#11144=SURFACE_STYLE_USAGE(.BOTH.,#11149);
#11145=SURFACE_STYLE_USAGE(.BOTH.,#11150);
#11146=SURFACE_STYLE_USAGE(.BOTH.,#11151);
#11147=SURFACE_STYLE_USAGE(.BOTH.,#11152);
#11148=SURFACE_STYLE_USAGE(.BOTH.,#11153);
#11149=SURFACE_SIDE_STYLE('',(#11154));
#11150=SURFACE_SIDE_STYLE('',(#11155));
#11151=SURFACE_SIDE_STYLE('',(#11156));
#11152=SURFACE_SIDE_STYLE('',(#11157));
#11153=SURFACE_SIDE_STYLE('',(#11158));
#11154=SURFACE_STYLE_FILL_AREA(#11159);
#11155=SURFACE_STYLE_FILL_AREA(#11160);
#11156=SURFACE_STYLE_FILL_AREA(#11161);
#11157=SURFACE_STYLE_FILL_AREA(#11162);
#11158=SURFACE_STYLE_FILL_AREA(#11163);
#11159=FILL_AREA_STYLE('Steel - Satin',(#11164));
#11160=FILL_AREA_STYLE('ABS (White)',(#11165));
#11161=FILL_AREA_STYLE('Plastic - Glossy (Black)',(#11166));
#11162=FILL_AREA_STYLE('Aluminum - Satin',(#11167));
#11163=FILL_AREA_STYLE('Carbon Fiber - Plain',(#11168));
#11164=FILL_AREA_STYLE_COLOUR('Steel - Satin',#11169);
#11165=FILL_AREA_STYLE_COLOUR('ABS (White)',#11170);
#11166=FILL_AREA_STYLE_COLOUR('Plastic - Glossy (Black)',#11171);
#11167=FILL_AREA_STYLE_COLOUR('Aluminum - Satin',#11172);
#11168=FILL_AREA_STYLE_COLOUR('Carbon Fiber - Plain',#11173);
#11169=COLOUR_RGB('Steel - Satin',0.627450980392157,0.627450980392157,0.627450980392157);
#11170=COLOUR_RGB('ABS (White)',0.964705882352941,0.964705882352941,0.952941176470588);
#11171=COLOUR_RGB('Plastic - Glossy (Black)',0.0980392156862745,0.0980392156862745,
0.0980392156862745);
#11172=COLOUR_RGB('Aluminum - Satin',0.96078431372549,0.96078431372549,
0.964705882352941);
#11173=COLOUR_RGB('Carbon Fiber - Plain',0.0980392156862745,0.0980392156862745,
0.0980392156862745);
ENDSEC;
END-ISO-10303-21;
